0.38922654673754753 -0.029480941242084377 0.0
0.4363366560593753 -0.03220163529394944 0.0
0.24029491148919732 -0.013846098380749267 0.09999999999999964
nan nan nan
nan nan nan
0.24029491148919732 -0.013846098380749267 0.09999999999999942
0.4093311429421398 -0.0306895608746951 0.0
0.3649489045871661 -0.027917511159051084 0.0
0.43665230336520755 -0.03222426701465167 0.0
0.4093311429421398 -0.0306895608746951 0.0
0.43665230336520755 -0.03222426701465167 0.0
0.37940993548156865 -0.02889543856261502 0.0
0.39940189094394296 -0.030067956957110134 0.0
0.3649489045871662 -0.027917511159051084 0.0
0.3032510724937767 -0.024104388495576362 0.0
0.38922654673754753 -0.029480941242084363 0.0
nan nan nan
0.39940189094394307 -0.030067956957110134 0.0
0.3032510724937767 -0.024104388495576362 0.0
nan nan nan
0.2317899781689108 -0.007457325356336059 -0.15999999999999925
nan nan nan
0.37940993548156865 -0.028895438562615006 0.0
0.4363366560593753 -0.03220163529394944 0.0
0.27764555261956536 -0.015384762639530009 0.10000000000000031
0.3316061987611164 -0.016845920236910922 0.10000000000000009
0.29597446302880404 -0.015877509194594547 0.09999999999999964
0.29597446302880404 -0.015877509194594547 0.09999999999999964
0.35004712697365226 -0.016816052824643796 0.09999999999999964
0.4365121194707178 -0.03221414819353666 0.0
0.2867660749410428 -0.015649867767270897 0.10000000000000009
0.3316061987611165 -0.016845920236910922 0.10000000000000009
0.2867660749410428 -0.015649867767270897 0.09999999999999987
0.35004712697365226 -0.016816052824643768 0.10000000000000009
0.27771975764389967 -0.015386901905562744 0.10000000000000009
0.4365121194707178 -0.03221414819353666 0.0
nan nan nan
nan nan nan
0.27771975764389967 -0.015386901905562744 0.10000000000000031
nan nan nan
nan nan nan
0.3500366203851236 -0.016815683350116933 0.10000000000000009
nan nan nan
0.25917283899330446 -0.014738585949101823 0.10000000000000031
nan nan nan
nan nan nan
0.24991981576707004 -0.0076350372100311426 -0.1599999999999997
nan nan nan
0.19712014081964443 -0.00633636535605428 -0.15999999999999948
0.16447665196439468 -0.005747230639434497 -0.15999999999999925
nan nan nan
0.27764555261956536 -0.015384762639530009 0.10000000000000053
nan nan nan
0.28916440153108536 -0.00875169049186994 -0.15999999999999948
0.20007548590337873 -0.005274287208700712 -0.010000000000000675
0.3665738299279382 -0.008327199972550908 -0.009999999999999787
nan nan nan
0.412552608267598 -0.030838654487450462 0.0
0.21900677816090666 -0.00604816485602841 -0.009999999999998899
nan nan nan
0.412552608267598 -0.030838654487450462 0.0
0.311417660821523 -0.008819300167591498 -0.16000000000000036
0.20596482357289145 -0.002590331201948612 -0.009999999999997566
0.20007548590337879 -0.005274287208700712 -0.010000000000001119
0.19964791792163325 -0.00046948521570648605 -0.19000000000000306
0.22424366887479572 -0.006255262974721232 -0.010000000000000675
0.3665489629394846 -0.008326782697377022 -0.009999999999999343
0.34030029066414047 -0.026565862347604607 0.0
0.3986715387463282 -0.016767853841523517 0.10000000000000053
0.20892648226935687 -0.000577748637017636 -0.1899999999999964
0.1589365810722748 8.190059779381031e-06 -0.19000000000000306
0.3665738299279382 -0.008327199972550908 -0.010000000000000675
0.23785567558075824 -0.002803068037774095 -0.009999999999998899
nan nan nan
0.21900677816090655 -0.00604816485602841 -0.010000000000000675
0.3493356026139418 -0.027100658067184202 0.0
0.2874832431858966 -0.00754905719568108 -0.009999999999999787
0.20893679782884408 -0.0005779190186244315 -0.1899999999999995
nan nan nan
0.22607032275305364 -0.003721320594202826 -0.19000000000000172
0.22424366887479572 -0.006255262974721232 -0.010000000000000675
0.2261466486732773 -0.003724877195787596 -0.18999999999999995
0.2089264822693568 -0.0005777486370176221 -0.18999999999999817
0.20893191571581196 -0.000577837294369471 -0.18999999999999995
0.29577641431110346 -0.013797523546220936 0.10000000000000031
nan nan nan
0.3492799176389363 -0.027097357718501885 0.0
nan nan nan
0.20893191571581196 -0.000577837294369471 -0.18999999999999906
0.20891635790412957 -0.0005775750556676756 -0.19000000000000128
0.3716807091296592 -0.005756190560359337 -0.18999999999999995
nan nan nan
0.28748324318589646 -0.00754905719568108 -0.009999999999999343
0.20891635790412963 -0.0005775750556677034 -0.18999999999999995
0.20893679782884408 -0.0005779190186244315 -0.1899999999999995
0.1996479179216332 -0.00046948521570648605 -0.19000000000000128
nan nan nan
0.20892660063287785 -0.0005777339134642873 -0.18999999999999906
nan nan nan
0.36900199552148816 -0.0055139175329824985 -0.19000000000000128
0.25917283899330446 -0.014738585949101823 0.10000000000000031
0.3622944434708927 -0.008364957585099031 -0.010000000000001119
nan nan nan
0.23421559880117485 -0.0037981538664075276 -0.19000000000000128
0.22780284440960022 -0.0026875724503553633 -0.009999999999999787
0.24991981576707004 -0.0076350372100311426 -0.15999999999999992
0.3401905645112764 -0.02656041135089454 0.0
0.29554901668271905 -0.007295394693544011 -0.009999999999998899
0.22780284440960033 -0.0026875724503553633 -0.009999999999999787
0.42492292518886576 -0.01709002502318424 0.10000000000000075
nan nan nan
0.2059648235728914 -0.002590331201948612 -0.009999999999999787
0.2089266006328778 -0.0005777339134643011 -0.18999999999999906
0.3960583197954656 -0.0058362094700454 -0.18999999999999995
0.3716807091296592 -0.005756190560359337 -0.18999999999999995
0.3622944434708927 -0.008364957585099031 -0.009999999999999787
0.21363294653508633 -0.006915509611839149 -0.15999999999999948
0.42492292518886576 -0.01709002502318424 0.10000000000000031
0.24984746011997858 -0.007632473932283779 -0.15999999999999992
nan nan nan
0.25804291175103233 -0.021404655597500655 0.0
0.3021653683049643 -0.005027718320833374 -0.1900000000000004
0.40508729244360975 -0.005919410978849182 -0.18999999999999995
nan nan nan
0.3960583197954656 -0.005836209470045373 -0.1900000000000004
nan nan nan
nan nan nan
0.23782569723786715 -0.0028026304024192927 -0.009999999999999787
0.23782569723786715 -0.0028026304024192927 -0.009999999999999787
0.28729562457969005 -0.007198025205944425 -0.009999999999999787
0.3015163342602686 -0.008626608266610408 -0.15999999999999992
nan nan nan
0.25804291175103233 -0.021404655597500655 0.0
0.3500366203851236 -0.016815683350116933 0.10000000000000031
0.24984746011997863 -0.0076324739322838064 -0.1600000000000008
0.28916440153108536 -0.00875169049186994 -0.15999999999999992
nan nan nan
nan nan nan
0.36900199552148805 -0.005513917532982471 -0.18999999999999906
0.3021653683049643 -0.005027718320833374 -0.18999999999999906
0.30321622979257123 -0.024350245675040016 0.0
0.3114176608215231 -0.008819300167591498 -0.1599999999999997
nan nan nan
0.4050789401058237 -0.005919108195273137 -0.19000000000000217
0.22607032275305358 -0.003721320594202826 -0.1899999999999995
0.3493356026139418 -0.02710065806718423 0.0
nan nan nan
0.3401905645112764 -0.02656041135089454 0.0
0.1971201408196445 -0.00633636535605428 -0.15999999999999948
0.30228909330667475 -0.01436472600851621 0.10000000000000053
nan nan nan
0.20593026367118453 -0.0025896630342056443 -0.010000000000001119
nan nan nan
0.14883829273862084 0.0002909277882421346 -0.18999999999999995
0.2262958672789442 -0.011600994459551262 0.10000000000000009
nan nan nan
0.22614664867327725 -0.003724877195787596 -0.1899999999999995
0.3032162297925711 -0.024350245675040016 0.0
0.21363294653508644 -0.006915509611839149 -0.15999999999999992
0.23421559880117485 -0.0037981538664075276 -0.19000000000000128
0.14883829273862084 0.00029092778824216237 -0.1900000000000004
0.20593026367118447 -0.002589663034205686 -0.009999999999999787
0.1988177523439014 -0.010347418883486198 0.09999999999999964
0.19881775234390167 -0.010347418883486253 0.09999999999999964
0.4024249863409872 -0.0301709442386853 0.0
0.19823620724366411 -0.010318041065442235 0.09999999999999942
0.2317899781689108 -0.007457325356336086 -0.15999999999999948
0.16447665196439457 -0.005747230639434497 -0.1599999999999986
nan nan nan
0.4050789401058239 -0.005919108195273137 -0.19000000000000128
0.29554901668271893 -0.007295394693544011 -0.009999999999999787
0.28729562457969005 -0.007198025205944397 -0.009999999999998899
0.3665489629394846 -0.008326782697377022 -0.009999999999999343
0.23785567558075824 -0.0028030680377740674 -0.009999999999999787
0.3015163342602686 -0.008626608266610408 -0.1599999999999997
nan nan nan
nan nan nan
0.198236207243664 -0.010318041065442235 0.09999999999999964
0.2262958672789441 -0.011600994459551262 0.09999999999999964
0.3492799176389363 -0.027097357718501885 0.0
nan nan nan
nan nan nan
nan nan nan
0.41538484662445174 -0.031072438616347398 0.0
0.16891947357566747 -0.00020803156645046728 -0.19000000000000217
0.34030029066414047 -0.026565862347604607 0.0
nan nan nan
0.41538484662445174 -0.031072438616347425 0.0
nan nan nan
0.16891947357566747 -0.00020803156645046728 -0.19000000000000128
0.29577641431110346 -0.013797523546220936 0.10000000000000053
0.3986715387463282 -0.016767853841523517 0.10000000000000053
nan nan nan
0.28734056558369847 -0.01352684552070138 0.10000000000000009
nan nan nan
0.4024249863409872 -0.0301709442386853 0.0
0.30228909330667486 -0.01436472600851621 0.10000000000000031
0.28734056558369847 -0.013526845520701408 0.10000000000000009
0.40508729244360964 -0.005919410978849182 -0.18999999999999995
0.1589365810722748 8.190059779381031e-06 -0.19000000000000217
nan nan nan
nan nan nan
0.37825553812549073 -0.027424075426801475 0.0
0.4569637311889634 -0.032042804025309984 0.0
0.9 -0.031223845592395466 0.10000000000000009
0.3003376560527514 -0.02248300473103626 0.0
0.3653991059422975 -0.026670724199345047 0.0
0.4198804875816662 -0.02991820094386452 0.0
0.4573960194025092 -0.0320626340996662 0.0
0.37825553812549073 -0.027424075426801475 0.0
0.2540900462360023 -0.01956354849980585 0.0
0.3003376560527513 -0.02248300473103626 0.0
0.4198804875816662 -0.02991820094386452 0.0
0.36539910594229763 -0.026670724199345047 0.0
0.32107452510452117 -0.02396927758984982 0.0
0.3882920124577983 -0.028001926062060617 0.0
0.2540900462360023 -0.01956354849980585 0.0
nan nan nan
nan nan nan
0.3882920124577983 -0.028001926062060617 0.0
0.4573960194025092 -0.0320626340996662 0.0
nan nan nan
0.2423086801296024 -0.009212376080013102 -0.15999999999999992
nan nan nan
0.22002842209025655 -0.006361295190729671 -0.009999999999998899
0.18706170938402691 -0.007158400746037019 -0.15999999999999948
0.36886288477711404 -0.011260825542624642 -0.15999999999999992
0.41875419145290405 -0.016719536458457723 0.10000000000000031
0.9 -0.031223845592395466 0.10000000000000009
0.9 -0.031223845592395466 0.10000000000000009
0.20314395807102445 -0.014096223372823541 0.10000000000000009
0.30725049769066637 -0.017449403462590274 0.09999999999999964
0.9 -0.031223845592395466 0.10000000000000009
0.9 -0.031223845592395466 0.10000000000000009
nan nan nan
0.20302129456998144 -0.013278417263627246 0.09999999999999964
0.3593844089642012 -0.019894231144318014 0.09999999999999987
0.3593844089642012 -0.019894231144318014 0.09999999999999964
0.18786482538122776 -0.007193627163963268 -0.15999999999999992
0.4006109125731244 -0.019992447710403954 0.09999999999999942
0.4006109125731244 -0.019992447710403954 0.09999999999999964
nan nan nan
0.23240405347892887 -0.01563403550661402 0.09999999999999964
0.2030212945699815 -0.013278417263627246 0.09999999999999987
0.2031439580710244 -0.014096223372823541 0.09999999999999987
0.2752527435888241 -0.01732186373037617 0.09999999999999964
nan nan nan
0.2557337081276515 -0.016601470591803114 0.09999999999999964
0.9 -0.031223845592395466 0.10000000000000009
0.30725049769066637 -0.017449403462590274 0.09999999999999942
nan nan nan
0.3850100834472614 -0.01957184051943575 0.10000000000000031
0.2423127910348514 -0.009212446168424454 -0.1599999999999988
0.2423127910348514 -0.009212446168424454 -0.1599999999999997
0.24230868012960252 -0.009212376080013102 -0.15999999999999992
0.20518998636399757 -0.008077658084484768 -0.1600000000000006
0.2557337081276515 -0.016601470591803114 0.10000000000000009
0.3850100834472614 -0.019571840519435724 0.10000000000000009
nan nan nan
nan nan nan
0.2646309827394555 -0.00944539047430204 -0.1599999999999988
0.4058130165500293 -0.009402677108119234 -0.010000000000000675
0.23964783469374681 -0.008892687118504494 -0.1600000000000006
0.2646309827394555 -0.009445390474302068 -0.15999999999999948
0.37647254655924667 -0.011817701231425837 -0.15999999999999948
0.4080027322597084 -0.012401040785985973 -0.15999999999999948
0.20192910663007987 -0.005376829730411453 -0.009999999999999787
0.4080027322597082 -0.012401040785985973 -0.1599999999999997
0.23964783469374681 -0.008892687118504494 -0.16000000000000036
0.22501322540918098 -0.0082162980723621 -0.15999999999999992
0.20192910663007993 -0.005376829730411398 -0.009999999999998899
nan nan nan
0.21143654745248128 -0.005843311542656798 -0.009999999999998899
nan nan nan
0.22002842209025678 -0.006361295190729671 -0.009999999999999787
0.26460121456534513 -0.009443663586279849 -0.15999999999999925
0.211436547452481 -0.005843311542656798 -0.009999999999998899
0.4569637311889634 -0.032042804025309984 0.0
nan nan nan
nan nan nan
0.2631285306949128 -0.007682490824794941 -0.009999999999999343
nan nan nan
0.3769704598673307 -0.011200889421596721 -0.1600000000000006
nan nan nan
0.37647254655924667 -0.011817701231425837 -0.15999999999999948
0.26571992223056684 -0.007160775040944228 -0.010000000000000675
0.26562624181466366 -0.007154916744478684 -0.009999999999998899
0.3740039111203223 -0.009200034228980108 -0.009999999999999787
0.26642667541680465 -0.007169654642487089 -0.009999999999998899
nan nan nan
0.2769951591695863 -0.007102955735391547 -0.009999999999998899
nan nan nan
0.2948181441489073 -0.007534431829553323 -0.009999999999999343
0.30250051386375343 -0.00802421818879212 -0.010000000000000675
0.26571992223056673 -0.007160775040944173 -0.009999999999999343
0.26288311111561424 -0.007762709020969649 -0.18999999999999817
0.34516338416959336 -0.00810179361617075 -0.18999999999999995
0.2948181441489073 -0.007534431829553323 -0.009999999999999787
0.3063045803430393 -0.007713083180873437 -0.009999999999998455
0.2156960192217056 -0.007697727808735816 -0.16000000000000036
0.2098256928133944 -0.006520866405185594 -0.19000000000000217
nan nan nan
0.3902800594924615 -0.009316988448094615 -0.009999999999999787
0.20090098816646215 -0.005982477771811295 -0.1900000000000004
0.43292509907230836 -0.009526094492550291 -0.1899999999999995
0.20803454062237067 -0.007399905533716805 -0.1600000000000006
0.38330186214456263 -0.010303904650761725 -0.009999999999999343
0.2009009881664621 -0.005982477771811295 -0.18999999999999995
0.4498585313652651 -0.0109236187992785 -0.009999999999998899
0.34516338416959336 -0.00810179361617075 -0.19000000000000172
0.32522483699206994 -0.011271510826367181 -0.16000000000000036
0.42281018748443777 -0.009826995971344454 -0.18999999999999906
0.20803454062237067 -0.007399905533716861 -0.15999999999999992
nan nan nan
0.26460121456534524 -0.009443663586279849 -0.15999999999999948
0.42281018748443755 -0.009826995971344454 -0.18999999999999995
nan nan nan
0.22501322540918087 -0.008216298072362072 -0.15999999999999992
nan nan nan
0.4058130165500293 -0.009402677108119234 -0.010000000000001119
0.3902800594924615 -0.009316988448094615 -0.009999999999998455
nan nan nan
0.20129331907837697 -0.006003651219019385 -0.19000000000000128
0.2656262418146639 -0.007154916744478684 -0.009999999999998899
0.21569601922170553 -0.00769772780873576 -0.1600000000000006
0.41875419145290416 -0.016719536458457723 0.10000000000000075
nan nan nan
0.32522483699207005 -0.011271510826367181 -0.15999999999999992
0.2664266754168052 -0.007169654642487061 -0.009999999999998899
0.2098256928133944 -0.006520866405185594 -0.19000000000000128
0.2769951591695864 -0.007102955735391547 -0.009999999999999343
nan nan nan
0.9 -0.018437024594910506 -0.009999999999999787
0.20129331907837697 -0.006003651219019385 -0.1900000000000004
0.3740039111203223 -0.009200034228980136 -0.009999999999999343
0.275252743588824 -0.01732186373037617 0.09999999999999964
0.36886288477711415 -0.011260825542624642 -0.15999999999999992
0.3063045803430393 -0.007713083180873437 -0.009999999999998899
0.3055053665039327 -0.007844282517682405 -0.19000000000000128
0.20435097591953463 -0.006648749940439375 -0.19000000000000128
0.3025005138637532 -0.00802421818879212 -0.010000000000000675
0.4447013817570631 -0.011115604943809948 -0.009999999999999787
0.2631285306949125 -0.007682490824794941 -0.009999999999998899
nan nan nan
0.23859838779076745 -0.009069897108120811 -0.1599999999999986
0.3055053665039327 -0.007844282517682405 -0.19000000000000128
0.3873218388486377 -0.009403233200137168 -0.18999999999999906
0.9 -0.01843702459491056 -0.009999999999999787
nan nan nan
0.2324040534789288 -0.01563403550661402 0.09999999999999964
nan nan nan
nan nan nan
nan nan nan
nan nan nan
0.30375742308176545 -0.01015795976819256 -0.1600000000000006
0.43292509907230825 -0.009526094492550319 -0.18999999999999995
0.2654126081944046 -0.007142993616220478 -0.009999999999999787
0.30375742308176545 -0.01015795976819256 -0.1600000000000006
0.26288311111561424 -0.007762709020969649 -0.18999999999999773
0.432573018097377 -0.009522426787043903 -0.1900000000000004
0.43257301809737714 -0.009522426787043903 -0.1899999999999995
0.3769704598673307 -0.011200889421596721 -0.1599999999999997
0.38330186214456274 -0.010303904650761725 -0.009999999999999787
0.2236116875700566 -0.007342104165706548 -0.19000000000000172
0.2042289755136977 -0.006642305539924204 -0.1900000000000004
0.2654126081944046 -0.007142993616220478 -0.009999999999999787
0.32107452510452117 -0.02396927758984979 0.0
0.2039757057819813 -0.006629568650375034 -0.18999999999999995
0.4447013817570631 -0.011115604943809948 -0.009999999999999787
nan nan nan
0.2385983877907675 -0.009069897108120839 -0.15999999999999837
0.20518998636399752 -0.008077658084484768 -0.15999999999999992
nan nan nan
0.9 -0.01843702459491056 -0.009999999999999787
nan nan nan
0.4498585313652651 -0.0109236187992785 -0.009999999999999343
0.18706170938402936 -0.007158400746037102 -0.15999999999999948
0.1878648253812278 -0.007193627163963295 -0.15999999999999948
nan nan nan
nan nan nan
0.9 -0.01843702459491056 -0.009999999999999787
0.9 -0.01843702459491056 -0.009999999999999787
0.3405790341969839 -0.00898957057922331 -0.19000000000000128
nan nan nan
0.2690216665295726 -0.007860161038489938 -0.1899999999999995
0.24223274528991387 -0.007309807740059543 -0.18999999999999995
0.2042289755136977 -0.006642305539924204 -0.19000000000000172
0.3859619441338128 -0.009265228814733462 -0.18999999999999995
nan nan nan
0.3873218388486377 -0.009403233200137168 -0.1899999999999995
0.24223274528991387 -0.007309807740059543 -0.19000000000000128
0.2236116875700566 -0.0073421041657065755 -0.19000000000000172
0.9 -0.01843702459491056 -0.009999999999999787
0.2690216665295726 -0.007860161038489938 -0.18999999999999995
0.3859619441338128 -0.009265228814733462 -0.19000000000000128
nan nan nan
nan nan nan
0.3405790341969839 -0.00898957057922331 -0.18999999999999995
0.2043509759195347 -0.006648749940439375 -0.1900000000000004
0.2039757057819813 -0.006629568650375034 -0.1899999999999995
nan nan nan
0.22419592689731638 -0.011195575091610864 0.0
nan nan nan
0.23279339772456964 -0.011684977922820076 0.0
nan nan nan
nan nan nan
0.3106049096926337 -0.017070329110783225 0.0
nan nan nan
0.10139977646883452 -0.005155564965155172 0.0999999999999992
0.24173969769697634 -0.012046158210818246 0.0
nan nan nan
0.08769503431916531 -0.004553217954398378 0.10000000000000098
0.09457567988301946 -0.004959892103021626 0.10000000000000009
0.09497377307473037 -0.004977156622797081 0.10000000000000009
0.09497377307473037 -0.004977156622797081 0.09999999999999987
nan nan nan
0.2934534242095242 -0.016025206389174013 0.0
0.21449175649050134 -0.011485668596126986 0.0
nan nan nan
nan nan nan
0.21449175649050134 -0.011485668596126986 0.0
0.29337927801060637 -0.016020400906641794 0.0
0.2933792780106062 -0.01602040090664178 0.0
0.3182499663588007 -0.017388231443719454 0.0
0.3185377677169226 -0.01739719250525007 0.0
0.2934534242095242 -0.016025206389174013 0.0
0.10160977538931093 -0.005163328373310114 0.09999999999999964
0.3106049096926337 -0.017070329110783225 0.0
0.317842946376864 -0.017375517467596566 0.0
nan nan nan
nan nan nan
0.09514380358194213 -0.0021366274325024526 -0.15999999999999992
0.3185377677169226 -0.01739719250525007 0.0
nan nan nan
0.24047141090105617 -0.013152970411145659 0.0
0.10927536632569912 -0.0052969693464387235 0.0
0.09515050933485647 -0.0021366459472254434 -0.16000000000000103
0.141513047861985 -0.005986933450069877 0.10000000000000009
nan nan nan
0.09494224786138755 -0.004975758586570289 0.09999999999999964
0.11006363236220157 -0.002431313801562328 -0.16000000000000147
0.09457567988301951 -0.004959892103021626 0.10000000000000053
0.19230781936656716 -0.007904191832933297 0.0999999999999992
0.3178429463768641 -0.017375517467596593 0.0
0.07050752510087488 -0.0012900374940293044 -0.1599999999999988
0.09494224786138755 -0.004975758586570296 0.09999999999999964
0.11321236613392827 -0.005467190097697215 0.10000000000000009
0.141513047861985 -0.005986933450069877 0.09999999999999964
0.24047141090105595 -0.013152970411145659 0.0
0.10139977646883458 -0.005155564965155179 0.10000000000000009
0.11321236613392827 -0.005467190097697229 0.10000000000000009
0.10160977538931093 -0.005163328373310114 0.09999999999999942
nan nan nan
0.11001801018880841 -0.0024300442246971907 -0.15999999999999948
nan nan nan
0.3182499663588007 -0.017388231443719454 0.0
0.09515050933485653 -0.0021366459472254434 -0.1600000000000008
0.08631895990463245 -0.002033343943778014 -0.15999999999999992
0.31726768678795186 -0.017354805609684887 0.0
0.13064577882131023 0.0008836569647068457 -0.010000000000001119
nan nan nan
0.11783414755117999 -0.002522993203454657 -0.16000000000000036
0.0863189599046324 -0.002033343943778014 -0.15999999999999992
0.22611886911821255 -0.009274949920731218 0.10000000000000009
0.11781197669206245 -0.0025225085615390025 -0.1600000000000006
0.19206960584822214 -0.00789465941623263 0.09999999999999942
0.12318981042346017 -0.0026037212967089315 -0.16000000000000103
0.22613898152131567 -0.009275649593940352 0.10000000000000009
0.22612780401220428 -0.009275270037692199 0.09999999999999964
0.08611944673483485 0.0020382339689471937 -0.010000000000000675
0.11783414755118005 -0.002522993203454657 -0.1599999999999988
0.2261198342426589 -0.009274978783709295 0.10000000000000009
0.22613404998376652 -0.009275493067127563 0.10000000000000009
0.1479430089419279 -0.0020712987484728593 -0.18999999999999995
0.2261198342426589 -0.009274978783709309 0.09999999999999964
nan nan nan
0.11001801018880847 -0.0024300442246971907 -0.15999999999999992
0.1306509343538934 0.000883570583365384 -0.009999999999999343
0.12318981042346017 -0.0026037212967089385 -0.16000000000000147
0.08611944673483479 0.0020382339689471937 -0.009999999999999787
nan nan nan
0.22613898152131567 -0.009275649593940352 0.10000000000000009
nan nan nan
0.19230781936656705 -0.007904191832933297 0.09999999999999942
0.22611886911821255 -0.009274949920731218 0.10000000000000009
0.11204712867607503 0.0010843500801030956 -0.009999999999999787
nan nan nan
nan nan nan
nan nan nan
nan nan nan
nan nan nan
0.10893337618179955 -0.0015607142392265877 -0.19000000000000217
nan nan nan
0.22419592689731638 -0.011195575091610864 0.0
0.22613404998376652 -0.009275493067127577 0.10000000000000009
0.10638989148736666 0.0012746581295471487 -0.010000000000000675
0.1306509343538934 0.000883570583365384 -0.010000000000000675
nan nan nan
0.11588700543697245 -0.001822239939067577 -0.1899999999999995
0.11204712867607497 0.0010843500801031164 -0.010000000000000675
0.13869160089717825 0.0008308084793952897 -0.009999999999999787
0.13064370630501876 0.0008836969304291536 -0.010000000000001119
0.1402013616243355 -0.0019640687773886667 -0.18999999999999995
0.07050752510087499 -0.0012900374940293044 -0.15999999999999948
0.13869160089717825 0.0008308084793952897 -0.010000000000001119
0.1479430089419279 -0.0020712987484728593 -0.18999999999999995
0.22614336988392786 -0.009275803765083246 0.10000000000000009
0.11006363236220157 -0.002431313801562328 -0.1600000000000008
0.11716432523813364 -0.0018483205758543023 -0.18999999999999906
0.1063898914873666 0.0012746581295471557 -0.009999999999999787
0.13064370630501876 0.0008836969304291536 -0.010000000000002451
0.11588700543697245 -0.001822239939067577 -0.18999999999999995
0.11716432523813369 -0.0018483205758543092 -0.18999999999999906
0.10893337618179955 -0.0015607142392265877 -0.19000000000000172
nan nan nan
0.08769503431916531 -0.004553217954398378 0.10000000000000075
0.11589669856955748 -0.001822406435587641 -0.18999999999999906
0.11777188812784734 -0.0017349367781328423 -0.15999999999999837
0.10851180572909158 -0.005278695701644312 0.0999999999999992
nan nan nan
0.22614787775064848 -0.009275966485477627 0.10000000000000053
0.22614787775064848 -0.009275966485477655 0.10000000000000031
0.11716818799706968 -0.0018483855686230594 -0.18999999999999906
0.11589669856955753 -0.001822406435587641 -0.18999999999999906
0.11716818799706968 -0.0018483855686230594 -0.18999999999999773
0.12158367416813531 -0.0018524759402737886 -0.18999999999999906
nan nan nan
0.09514380358194213 -0.0021366274325024526 -0.1599999999999997
0.19206960584822214 -0.007894659416232658 0.09999999999999964
nan nan nan
nan nan nan
0.12158367416813531 -0.0018524759402737886 -0.18999999999999906
0.24545618965591104 -0.012258056639972079 0.0
0.31726768678795186 -0.017354805609684887 0.0
0.08767679476603046 0.002009673930028301 -0.009999999999999787
0.22898366607010723 -0.011471585333718698 0.0
0.10851180572909164 -0.005278695701644312 0.09999999999999942
nan nan nan
0.11202355501399569 0.00108475103186291 -0.010000000000001119
0.1110859742928112 -0.0016885374051126695 -0.16000000000000036
0.24545618965591104 -0.012258056639972079 0.0
nan nan nan
0.12392298618425135 0.00036017021090438417 -0.009999999999999787
0.14771992224740615 -0.00223494930577664 -0.15999999999999948
nan nan nan
0.22418886092841972 -0.011195186151895367 0.0
0.20736497213852195 -0.010340558239842063 0.0
0.06665119905093148 -0.0005860673551652262 -0.1599999999999986
0.22898366607010712 -0.011471585333718698 0.0
nan nan nan
nan nan nan
0.11777188812784739 -0.0017349367781328284 -0.1599999999999988
0.14020136162433566 -0.001964068777388653 -0.1900000000000004
nan nan nan
0.24173969769697634 -0.012046158210818246 0.0
0.1302004700650488 -0.0018943973815544399 -0.18999999999999906
nan nan nan
nan nan nan
0.1476265998781141 -0.0022337434218958757 -0.15999999999999925
0.10113191025910961 -0.0015433108117689082 -0.15999999999999948
0.14035750352885334 0.0002229752046524064 -0.009999999999998899
0.1474982536351473 -0.0022320338446057963 -0.16000000000000103
0.11365102768826241 0.0006929460048210323 -0.010000000000000675
0.1110859742928112 -0.0016885374051126556 -0.16000000000000036
0.24547490162405922 -0.012259026956399771 0.0
0.24547490162405922 -0.012259026956399771 0.0
0.1474982536351475 -0.0022320338446058102 -0.1600000000000006
0.1178119766920625 -0.0025225085615390025 -0.1599999999999997
0.22614336988392786 -0.009275803765083246 0.10000000000000009
0.23279339772456964 -0.011684977922820076 0.0
0.22418886092841978 -0.011195186151895367 0.0
0.22612780401220417 -0.009275270037692199 0.10000000000000009
nan nan nan
0.1011319102591095 -0.0015433108117688943 -0.15999999999999992
0.06665119905093142 -0.0005860673551652262 -0.15999999999999948
0.10927536632569901 -0.0052969693464387235 0.0
0.08767679476603041 0.002009673930028301 -0.009999999999999787
nan nan nan
nan nan nan
0.11365102768826235 0.0006929460048210323 -0.009999999999999787
0.10111488209995761 -0.001542576755375391 -0.15999999999999925
nan nan nan
0.207364972138522 -0.01034055823984207 0.0
0.14035750352885334 0.0002229752046524064 -0.009999999999999343
0.11202355501399569 0.00108475103186291 -0.010000000000002451
0.14762659987811416 -0.002233743421895848 -0.1599999999999997
0.14771992224740593 -0.00223494930577664 -0.15999999999999948
0.09190719243087625 -0.0012121765639365317 -0.15999999999999948
0.13020047006504865 -0.0018943973815544399 -0.18999999999999906
0.12404597710292925 0.00035727028034750197 -0.009999999999997566
nan nan nan
nan nan nan
0.13064577882131023 0.0008836569647068457 -0.010000000000000675
nan nan nan
0.12392298618425135 0.00036017021090438417 -0.009999999999998899
nan nan nan
nan nan nan
0.09190719243087636 -0.0012121765639365317 -0.15999999999999992
0.10111488209995761 -0.001542576755375391 -0.15999999999999925
0.12404597710292925 0.00035727028034750197 -0.009999999999997566
0.29108723365606526 -0.024177887865453634 0.0
0.29108723365606526 -0.024177887865453634 0.0
nan nan nan
nan nan nan
0.22263314634983516 -0.004717684426321478 -0.15999999999999992
nan nan nan
nan nan nan
0.2657336098797701 -0.022668091005642238 0.0
0.26573360987977 -0.022668091005642238 0.0
nan nan nan
0.34258599750377944 -0.02714812878654216 0.0
nan nan nan
0.30913118113275434 -0.025199436226492095 0.0
0.21487118237044084 -0.019549255624464745 0.0
0.30913118113275434 -0.025199436226492095 0.0
0.34258599750377944 -0.02714812878654216 0.0
0.3510869967246438 -0.027655601108454275 0.0
0.3194345843995076 -0.025800653999501766 0.0
0.35118395136016317 -0.02766367009554467 0.0
nan nan nan
0.31930165187682497 -0.025790423776162127 0.0
0.3193016518768251 -0.025790423776162127 0.0
0.3194345843995076 -0.025800653999501766 0.0
0.35118395136016317 -0.02766367009554467 0.0
nan nan nan
nan nan nan
0.20127969498946413 -0.012017439675854752 0.10000000000000009
nan nan nan
0.28963884734500983 -0.014486424040791562 0.10000000000000009
0.18202102912791474 -0.011158738643290589 0.10000000000000053
0.20127969498946413 -0.012017439675854752 0.10000000000000031
nan nan nan
nan nan nan
0.2263679572885015 -0.01272302679947443 0.09999999999999987
0.31223744818988824 -0.014486657474296588 0.10000000000000009
0.22636795728850156 -0.012723026799474457 0.09999999999999987
0.3510869967246438 -0.027655601108454275 0.0
0.10292244133465822 -0.0024070966278874617 -0.15999999999999948
0.14918355058309346 -0.0036930943393141402 -0.15999999999999992
nan nan nan
0.0727349976612282 -0.0019014043568130468 -0.15999999999999925
0.10292244133465822 -0.0024070966278874617 -0.15999999999999948
0.21294493750415944 -0.004530672437796507 -0.1599999999999997
0.1693370083942785 -0.010639388043553494 0.10000000000000009
0.14027436130536497 0.00022564100641855878 -0.010000000000001119
0.11301278029559586 -0.0027968879942812386 -0.15999999999999925
0.22263314634983516 -0.004717684426321478 -0.1600000000000006
0.15395322709825177 -0.0037656172947443944 -0.1599999999999997
0.1693370083942785 -0.010639388043553494 0.10000000000000009
0.21390918017972083 -0.00486894972381996 -0.15999999999999948
0.1535506038378323 -0.003673700221935944 -0.1600000000000006
nan nan nan
0.15355060383783237 -0.003673700221935944 -0.1600000000000006
0.1820210291279148 -0.011158738643290589 0.10000000000000031
nan nan nan
0.23516100329700046 -0.01293437204215922 0.10000000000000009
nan nan nan
nan nan nan
0.21294493750415944 -0.004530672437796507 -0.15999999999999992
nan nan nan
0.0727349976612281 -0.0019014043568130468 -0.15999999999999992
0.3122356102242582 -0.014486605883431841 0.09999999999999964
0.21390918017972083 -0.004868949723819932 -0.1599999999999988
0.1130127802955958 -0.0027968879942812386 -0.1599999999999997
0.16351146076127837 -0.015909477344476147 0.0
nan nan nan
0.15395322709825177 -0.0037656172947443944 -0.1600000000000006
0.14918355058309352 -0.0036930943393141402 -0.15999999999999992
0.20868764730373685 -0.009752927207636403 0.10000000000000053
0.31637169848568075 -0.012441683999007774 0.09999999999999942
nan nan nan
0.12989186822583104 0.0010246772517279318 -0.19000000000000128
0.14129494609575416 -0.002358994157115435 -0.009999999999999787
0.15126087867795357 0.0009669744822220633 -0.19000000000000306
0.20868764730373673 -0.009752927207636403 0.10000000000000031
nan nan nan
0.1539870364536171 0.0009741885995082911 -0.1900000000000004
0.2860771958189452 -0.004836241780978662 -0.009999999999999787
0.20316872326097046 -0.009729946786594695 0.0999999999999992
0.1637671896960048 5.770163805912665e-05 -0.009999999999999787
nan nan nan
0.1630839720359517 8.880716960087132e-05 -0.009999999999999787
0.06840645120564182 0.0018936486311647849 -0.18999999999999995
0.14129494609575433 -0.002358994157115435 -0.010000000000000675
nan nan nan
nan nan nan
0.20666897398101164 -0.003992241717752004 -0.009999999999999787
0.1598526304607047 -0.0032189806673804944 -0.010000000000001119
nan nan nan
0.21561631773870388 -0.004090249311102384 -0.009999999999999787
0.08844509464175027 0.0014002696365260914 -0.19000000000000128
nan nan nan
0.08844509464175027 0.0014002696365260636 -0.18999999999999995
nan nan nan
0.16905623943247866 -0.00346175940246779 -0.009999999999999787
nan nan nan
0.1512976734175448 -0.0012181208809856348 -0.19000000000000217
0.1598526304607048 -0.0032189806673804944 -0.010000000000000675
nan nan nan
0.2849516965075631 -0.004826973903451187 -0.009999999999999787
0.07843390351472818 0.001617342437531269 -0.19000000000000128
0.20666897398101164 -0.003992241717752004 -0.009999999999999787
0.07843390351472818 0.001617342437531269 -0.18999999999999995
0.14022731722739146 0.0002266727918022321 -0.009999999999997566
0.21561631773870393 -0.004090249311102384 -0.009999999999999787
0.1910967241168378 -0.009174519187363867 0.10000000000000009
0.06840645120564182 0.001893648631164771 -0.18999999999999995
0.1555209014684446 -0.007958160174260376 0.10000000000000031
0.21559398756024356 -0.004089437844337268 -0.010000000000001119
0.21559398756024356 -0.00408943784433724 -0.010000000000000675
0.2945382721421907 -0.002866418038655727 -0.18999999999999817
0.3390100946000904 -0.003299555245848934 -0.18999999999999906
0.3389982156051871 -0.003299204374225595 -0.18999999999999906
0.29672371070128845 -0.003096793861311342 -0.19000000000000128
0.2943124914866914 -0.004954028614436418 -0.010000000000001119
0.1539796483955332 0.0009743431316158319 -0.18999999999999906
0.29672371070128845 -0.0030967938613113144 -0.1900000000000004
0.2945382721421906 -0.0028664180386557547 -0.18999999999999995
0.15966255490445197 -0.0012976020606328686 -0.18999999999999995
0.33898728377755755 -0.003298863400993113 -0.19000000000000128
0.1539833745044072 0.0009742638304377771 -0.18999999999999906
0.16293381400327178 9.352255336332604e-05 -0.010000000000001119
nan nan nan
0.21487118237044084 -0.019549255624464745 0.0
0.27516972388007943 -0.02360308085177698 0.0
0.1637671896960048 5.770163805912665e-05 -0.009999999999999787
0.2860771958189452 -0.004836241780978662 -0.009999999999999787
0.15398703645361722 0.0009741885995082911 -0.19000000000000128
0.1539796483955333 0.000974343131615818 -0.18999999999999817
0.12983241232756354 -0.006793209465356276 0.09999999999999964
0.14196940246055612 0.0010758108926149368 -0.19000000000000128
0.32787519238900126 -0.02588349402180251 0.0
nan nan nan
nan nan nan
0.14221724421669157 -0.0009703304370989041 -0.1899999999999995
0.1539833745044072 0.0009742638304377632 -0.1899999999999995
0.12932115084386708 -0.0067671718534857705 0.09999999999999942
0.15126087867795357 0.0009669744822220633 -0.19000000000000172
0.16293381400327178 9.352255336331217e-05 -0.010000000000001119
0.12983241232756354 -0.006793209465356276 0.09999999999999964
0.141969402460556 0.0010758108926149368 -0.19000000000000128
0.15966255490445197 -0.001297602060632841 -0.18999999999999906
0.12989186822583104 0.001024677251727918 -0.19000000000000128
0.2943124914866914 -0.004954028614436418 -0.010000000000001119
0.2849516965075631 -0.004826973903451187 -0.010000000000000675
0.338998215605187 -0.0032992043742255672 -0.18999999999999995
0.2615131570430714 -0.02180389332583421 0.0
nan nan nan
nan nan nan
0.31637169848568075 -0.012441683999007774 0.09999999999999964
0.27516972388007943 -0.02360308085177698 0.0
0.33898728377755755 -0.003298863400993113 -0.18999999999999995
0.1910967241168378 -0.009174519187363867 0.10000000000000009
0.20672171543534884 -0.018469140601385492 0.0
nan nan nan
0.2204803280299909 -0.002430658207612152 -0.19000000000000128
0.31223744818988824 -0.014486657474296588 0.09999999999999987
0.34718976975933596 -0.027076012499971547 0.0
0.24197375102193924 -0.021776986256904163 0.0
0.2169622006905066 -0.012446545390927127 0.10000000000000031
0.32787519238900126 -0.02588349402180251 0.0
nan nan nan
0.34488749392715395 -0.027918200517588337 0.0
0.2746246748197494 -0.022546735587737426 0.0
0.24197375102193924 -0.021776986256904163 0.0
nan nan nan
nan nan nan
0.34488749392715395 -0.027918200517588337 0.0
0.2169622006905066 -0.012446545390927155 0.10000000000000009
nan nan nan
0.16905623943247866 -0.0034617594024678178 -0.009999999999999787
0.3507349244423367 -0.012957208717625568 0.10000000000000031
0.16351146076127804 -0.015909477344476147 0.0
0.28963884734500983 -0.01448642404079159 0.10000000000000031
0.34718976975933596 -0.027076012499971547 0.0
0.3122356102242582 -0.014486605883431841 0.09999999999999942
0.23516100329700046 -0.01293437204215922 0.10000000000000009
0.2615131570430714 -0.02180389332583421 0.0
0.14022731722739146 0.0002266727918022321 -0.009999999999998899
nan nan nan
nan nan nan
nan nan nan
0.3507349244423367 -0.012957208717625568 0.10000000000000009
nan nan nan
0.20672171543534884 -0.018469140601385492 0.0
0.14027436130536491 0.00022564100641855878 -0.009999999999999787
0.1630839720359517 8.880716960087132e-05 -0.009999999999999787
0.3390100946000904 -0.003299555245848934 -0.18999999999999906
nan nan nan
0.27462467481974934 -0.0225467355877374 0.0
0.15552090146844455 -0.007958160174260348 0.10000000000000031
0.12932115084386703 -0.0067671718534857705 0.10000000000000009
nan nan nan
0.20316872326097046 -0.009729946786594695 0.09999999999999876
0.14221724421669152 -0.0009703304370989041 -0.18999999999999995
nan nan nan
0.2204803280299908 -0.002430658207612152 -0.19000000000000128
nan nan nan
0.15129767341754485 -0.0012181208809856348 -0.19000000000000128
nan nan nan
0.3480900171099562 -0.012653723457990734 0.09999999999999964
0.25812793229722714 -0.018094462632281344 0.0
0.25950464633618797 -0.018201131100459095 0.0
0.8 -0.04559584056274152 0.0
0.32837106644276476 -0.0222859688628973 0.0
0.2774590164512745 -0.01917637969505795 0.0
0.15245718810301895 -0.011295029571477239 0.0
0.19465848199514618 -0.014266915345298975 0.0
0.2059201326713772 -0.014942165264716784 0.0
0.356424575666424 -0.023862288727742015 0.0
0.25950464633618797 -0.018201131100459095 0.0
0.8 -0.045595840562741546 0.0
0.8 -0.04559584056274152 0.0
0.3413376192082614 -0.022988921611307417 0.0
0.25812793229722714 -0.018094462632281344 0.0
0.2774590164512745 -0.01917637969505795 0.0
0.32837106644276476 -0.0222859688628973 0.0
nan nan nan
0.34809001710995574 -0.012653723457990734 0.09999999999999964
0.3413376192082614 -0.022988921611307417 0.0
0.1968649647475969 -0.0053774306383085335 -0.15999999999999948
0.17273925285988978 -0.011817577137141988 0.09999999999999942
0.8 -0.0170444976740092 -0.15999999999999992
nan nan nan
nan nan nan
nan nan nan
nan nan nan
nan nan nan
0.314470315551778 -0.015719267926812025 0.09999999999999987
0.15245718810301895 -0.011295029571477239 0.0
0.8 -0.027121530745944006 0.10000000000000009
0.8 -0.027121530745944006 0.10000000000000009
0.2871428033485033 -0.015184358447793117 0.0999999999999992
0.19465848199514618 -0.014266915345298975 0.0
0.12514209196108467 -0.009721197876014442 0.1000000000000012
0.8 -0.01790511161150976 -0.15999999999999992
0.314470315551778 -0.015719267926812025 0.09999999999999987
0.17271156124775394 -0.011815962620893322 0.09999999999999964
0.8 -0.027121530745944006 0.10000000000000009
0.13614945318176408 -0.004085215790448626 -0.16000000000000036
0.8 -0.027121530745944006 0.10000000000000009
0.8 -0.027121530745944006 0.10000000000000009
0.1963968069070094 -0.012586889249356414 0.10000000000000009
0.8 -0.0170444976740092 -0.15999999999999992
0.8 -0.0170444976740092 -0.15999999999999992
0.8 -0.0170444976740092 -0.15999999999999992
0.2560734642166701 -0.014406010334339525 0.0999999999999992
0.1963968069070094 -0.012586889249356414 0.09999999999999964
0.8 -0.0170444976740092 -0.15999999999999992
0.12514209196108472 -0.009721197876014442 0.1000000000000012
0.8 -0.027121530745944006 0.10000000000000009
0.32274168414336596 -0.007850368362665283 -0.1600000000000006
0.08093834180287535 -0.0022170156042323197 -0.16000000000000103
0.08738067169263786 -0.0027142094543397832 -0.16000000000000036
0.08093834180287546 -0.0022170156042323197 -0.1600000000000006
0.08132968999957829 -0.0022382557302893236 -0.1600000000000008
0.08738067169263669 -0.0027142094543397 -0.1600000000000006
0.1407244776390375 -0.004159458869657129 -0.15999999999999992
0.1968649647475969 -0.0053774306383085335 -0.15999999999999992
0.1968547313739476 -0.005377697764092415 -0.15999999999999948
0.08132968999957824 -0.0022382557302893236 -0.15999999999999992
nan nan nan
nan nan nan
0.16184636153948856 -0.003105247976118386 -0.010000000000000675
0.19339110356293088 -0.0039851695883125204 -0.010000000000000675
0.1532780941511961 -0.002585779529248794 -0.010000000000000675
0.2393315449546366 -0.006628615451191755 -0.1599999999999997
0.1532780941511961 -0.002585779529248794 -0.010000000000000675
0.3224344041128104 -0.007838792470077155 -0.1600000000000006
0.19339110356293088 -0.0039851695883125204 -0.010000000000000675
0.1466294042152863 -0.003856165996302535 -0.1599999999999997
0.15094172913918724 -0.004123230101611336 -0.16000000000000036
0.1407244776390375 -0.004159458869657157 -0.15999999999999992
0.21621258947153094 -0.0037895299716021458 -0.009999999999999343
0.3184423148587516 -0.005242305675419501 -0.009999999999999787
0.16567653178772962 -0.004568781833336866 -0.15999999999999948
0.14604773988363312 -0.010837178468987685 0.10000000000000009
0.8 -0.01790511161150976 -0.15999999999999992
0.30553712295269536 -0.0051502732510042 -0.009999999999998899
0.12471575560751874 -0.009698662724320933 0.10000000000000031
nan nan nan
0.2861045544884537 -0.0050191452588380925 -0.009999999999999343
0.30553712295269536 -0.0051502732510042 -0.009999999999998899
0.26913777691255264 -0.006027845567006307 -0.15999999999999992
0.32274168414336596 -0.007850368362665283 -0.16000000000000036
0.23933154495463665 -0.006628615451191755 -0.15999999999999992
0.13655157920614153 -0.0016829721071363324 -0.010000000000001119
0.1247157556075188 -0.009698662724320933 0.10000000000000031
0.2861045544884537 -0.0050191452588380925 -0.009999999999999787
0.17273925285988972 -0.011817577137142016 0.10000000000000009
0.3224344041128104 -0.007838792470077155 -0.1600000000000006
nan nan nan
nan nan nan
0.22622826454367795 -0.004083078240465443 -0.009999999999998899
0.1968547313739476 -0.0053776977640923596 -0.15999999999999948
0.1509417291391872 -0.004123230101611336 -0.15999999999999992
0.3184423148587516 -0.005242305675419501 -0.009999999999999787
0.8 -0.01790511161150976 -0.15999999999999992
0.21621258947153094 -0.0037895299716021458 -0.009999999999998899
0.8 -0.01790511161150976 -0.15999999999999992
0.38110423623422945 -0.00644633876703829 -0.18999999999999906
0.16184636153948856 -0.003105247976118386 -0.010000000000000675
0.8 -0.04559584056274152 0.0
0.26913777691255264 -0.006027845567006307 -0.1600000000000008
0.8 -0.045595840562741546 0.0
0.3811042362342298 -0.00644633876703829 -0.18999999999999906
0.3722185095780833 -0.0064071221657130695 -0.18999999999999995
0.8 -0.01790511161150976 -0.15999999999999992
0.18222241448638526 -0.004180514681496966 -0.18999999999999817
nan nan nan
nan nan nan
nan nan nan
0.37201736332339524 -0.006886507953429155 -0.009999999999999787
0.2535386551032047 -0.004771937809951887 -0.18999999999999773
0.3722185095780833 -0.006407122165713042 -0.1900000000000004
0.12365556773838016 -0.002902162479666903 -0.18999999999999906
0.2059201326713767 -0.014942165264716784 0.0
nan nan nan
nan nan nan
0.25353865510320434 -0.004771937809951832 -0.18999999999999906
0.2924110942247906 -0.005015573839470544 -0.18999999999999773
0.38136449025609015 -0.006449092418349789 -0.18999999999999906
0.16567653178772962 -0.00456878183333681 -0.15999999999999948
0.38136449025608915 -0.006449092418349789 -0.18999999999999906
0.13655157920614158 -0.0016829721071363324 -0.010000000000001563
0.29241109422479084 -0.005015573839470544 -0.18999999999999773
0.27695183695875875 -0.006115332090803088 -0.15999999999999948
nan nan nan
0.15477929716727917 -0.004289251305009123 -0.15999999999999992
0.12365556773837977 -0.002902162479666903 -0.1900000000000004
0.11460091911494352 -0.0023585497697133084 -0.18999999999999773
0.13614945318176408 -0.004085215790448626 -0.16000000000000036
nan nan nan
0.36070367944529186 -0.007333420148755904 -0.009999999999999343
0.190196059462723 -0.004477129123877405 -0.009999999999999343
0.3171136917527689 -0.006373027935736575 -0.18999999999999906
0.2262282645436779 -0.004083078240465443 -0.009999999999998899
0.11508236203061967 -0.002382709172609382 -0.18999999999999995
0.18222241448638543 -0.004180514681496966 -0.18999999999999995
0.11508236203061956 -0.002382709172609382 -0.18999999999999906
0.17271156124775394 -0.011815962620893322 0.09999999999999964
0.11460091911494324 -0.002358549769713253 -0.18999999999999728
0.18983116187001497 -0.004458375911459839 -0.009999999999999787
0.28714280334850323 -0.015184358447793117 0.09999999999999942
0.19809183577318795 -0.004838220760587791 -0.19000000000000128
0.14662940421528625 -0.003856165996302535 -0.15999999999999992
0.15477929716727928 -0.004289251305009123 -0.15999999999999992
0.1460477398836334 -0.01083717846898774 0.10000000000000009
0.2594496244328994 -0.005880559658661438 -0.18999999999999995
0.14243117215110118 -0.003885437764340277 -0.1900000000000004
0.190196059462723 -0.0044771291238774324 -0.009999999999999343
0.2894987124950949 -0.0066284560369975765 -0.009999999999999343
0.8 -0.01790511161150976 -0.15999999999999992
0.2560734642166701 -0.014406010334339525 0.0999999999999992
0.22290118501986284 -0.00512426348755593 -0.009999999999999343
0.19579372775454862 -0.004717288041795276 -0.009999999999999343
0.19579372775454862 -0.004717288041795276 -0.009999999999998899
0.18983116187001497 -0.004458375911459839 -0.009999999999999343
0.2026971484765594 -0.00480364916061593 -0.009999999999999343
0.36070367944529186 -0.007333420148755904 -0.009999999999998899
0.22290118501986284 -0.00512426348755593 -0.009999999999999787
0.21864029104322447 -0.005026567116709846 -0.009999999999998899
0.21864029104322452 -0.0050265671167098736 -0.009999999999999787
0.20269714847655934 -0.004803649160615903 -0.009999999999998899
0.8 -0.04559584056274152 0.0
0.8 -0.013791499860034695 -0.009999999999999787
0.356424575666424 -0.023862288727742015 0.0
0.19809183577318795 -0.004838220760587764 -0.18999999999999995
0.3171136917527689 -0.006373027935736575 -0.18999999999999906
0.19352422660041996 -0.004869482121494795 -0.15999999999999948
0.2894987124950949 -0.006628456036997549 -0.009999999999998899
0.19352422660042 -0.004869482121494878 -0.1599999999999997
0.13121599679432905 -0.003928487081216514 -0.1600000000000006
0.1732573491503981 -0.004527152914821725 -0.18999999999999995
0.27695183695875875 -0.006115332090803116 -0.15999999999999948
0.8 -0.0170444976740092 -0.15999999999999992
nan nan nan
0.14289468841073838 -0.003910531004773066 -0.19000000000000128
nan nan nan
nan nan nan
nan nan nan
0.13121599679432905 -0.003928487081216514 -0.1600000000000006
0.1427528027927925 -0.0039027929078483126 -0.18999999999999906
0.8 -0.013791499860034695 -0.009999999999999787
0.2594496244328994 -0.005880559658661466 -0.19000000000000128
0.8 -0.013791499860034695 -0.009999999999999787
0.14243117215110124 -0.003885437764340277 -0.18999999999999995
nan nan nan
0.14289468841073832 -0.003910531004773066 -0.1900000000000004
0.8 -0.013791499860034695 -0.009999999999999787
0.37201736332339536 -0.006886507953429155 -0.010000000000000675
0.8 -0.013791499860034695 -0.009999999999999787
0.16213052789843296 -0.004615092587632208 -0.19000000000000128
nan nan nan
0.1732573491503981 -0.004527152914821669 -0.1899999999999995
0.3214731424181873 -0.006232996906558402 -0.19000000000000128
0.3214731424181874 -0.006232996906558402 -0.18999999999999995
0.8 -0.013791499860034695 -0.009999999999999787
0.1427528027927925 -0.0039027929078483126 -0.18999999999999906
0.16213052789843296 -0.0046150925876322635 -0.18999999999999906
0.21984129838196492 -0.008849998306794796 0.0
nan nan nan
0.1468066258055672 -0.005852495302397807 0.0
nan nan nan
0.15617825759415122 -0.006238112341137907 0.0
0.11221854717764529 -0.004171694517705812 0.0
nan nan nan
0.2368977612171908 -0.009889017907747252 0.0
0.16345626042076916 -0.00666859532166416 0.0
0.2366620992270308 -0.009873980252920606 0.0
nan nan nan
0.23684796208474163 -0.009885853588840948 0.0
0.2198532523101056 -0.008850628187528436 0.0
0.2198532523101056 -0.008850628187528436 0.0
0.16413347357144548 -0.005893756393540797 0.0
0.23675874312288153 -0.009879961987032351 0.0
0.2366620992270308 -0.009873980252920633 0.0
0.10401793359576711 -0.0036601856747163625 0.0
0.11271464196953057 -0.004200153043003897 0.0
0.23675874312288142 -0.009879961987032351 0.0
0.16413347357144548 -0.005893756393540797 0.0
nan nan nan
0.1314172435775945 -0.003870060693073357 0.0
0.14377750095060082 -0.005643242500015105 0.10000000000000053
0.21984129838196492 -0.008849998306794796 0.0
0.236801958437924 -0.009882893832126455 0.0
0.13141724357759466 -0.003870060693073357 0.0
0.03280494863095895 -0.002618274358220811 0.09999999999999987
nan nan nan
nan nan nan
nan nan nan
nan nan nan
nan nan nan
0.05138692851334947 -0.0032028138796971056 0.09999999999999853
0.05138692851334947 -0.0032028138796971056 0.09999999999999853
0.0771482844562702 -0.0035864461550962207 0.0999999999999992
0.23684796208474163 -0.009885853588840948 0.0
0.0771482844562702 -0.0035864461550962207 0.09999999999999964
0.03280494863095895 -0.002618274358220811 0.09999999999999987
nan nan nan
0.039952776570579274 -0.002741693235695168 0.10000000000000009
0.1468066258055673 -0.005852495302397807 0.0
0.03995277657057922 -0.002741693235695168 0.09999999999999964
nan nan nan
nan nan nan
nan nan nan
0.14365168551444008 -0.00563910297086051 0.10000000000000009
0.0656034596751146 -0.0007157859689641416 -0.15999999999999925
0.052351970781614854 -0.0004476730150479377 -0.16000000000000103
0.03282487528624045 -0.0026189907214513933 0.10000000000000009
nan nan nan
nan nan nan
0.08041131108728589 -0.0008811702129318047 -0.1600000000000006
0.029146127562014568 5.926865446993779e-05 -0.15999999999999992
nan nan nan
nan nan nan
0.14365168551444013 -0.00563910297086051 0.10000000000000009
nan nan nan
0.08041131108728589 -0.0008811702129317839 -0.1600000000000008
0.12495861588404827 -0.004807623600593322 0.10000000000000009
0.0523519707816148 -0.0004476730150479516 -0.1600000000000008
0.14382142562764927 -0.005644649160463894 0.0999999999999992
0.011558945406897836 0.0008930636412281603 -0.1600000000000006
0.000491205013111673 0.00369142326674457 -0.009999999999998899
0.048661263986493564 0.0022636535406855146 -0.009999999999998899
0.0656034596751146 -0.0007157859689641416 -0.15999999999999992
0.14380477040297274 -0.0056440927303215704 0.09999999999999964
0.038400720076679995 0.0023925689973149367 -0.009999999999999787
0.000491205013111784 0.00369142326674457 -0.009999999999999787
nan nan nan
nan nan nan
0.04575637623725748 0.002393738224341968 -0.009999999999999787
nan nan nan
0.1438047704029728 -0.005644092730321584 0.09999999999999942
0.062142921093700065 0.002298524159138962 -0.010000000000001119
0.038512694263325487 0.002390589796100427 -0.009999999999999787
0.06172933025668975 -0.00015796678648643397 -0.1899999999999995
0.038512694263325487 0.00239058979610042 -0.009999999999998899
0.05523959398374928 0.002317838070649482 -0.010000000000000675
0.05523959398374928 0.002317838070649468 -0.010000000000000675
0.062142921093700065 0.002298524159138962 -0.010000000000001119
nan nan nan
0.029146127562014512 5.926865446993779e-05 -0.15999999999999992
0.03281874029382026 0.0025783328257190305 -0.009999999999999787
0.054851730283223654 1.290880781322501e-05 -0.18999999999999906
0.03281874029382026 0.0025783328257190374 -0.009999999999999787
nan nan nan
0.04870349461526735 0.0002509002438602706 -0.18999999999999906
nan nan nan
0.061729330256689696 -0.00015796678648641316 -0.1900000000000004
nan nan nan
0.04866126398649345 0.0022636535406855215 -0.009999999999999343
nan nan nan
nan nan nan
nan nan nan
0.0672278580592805 -4.904033081737369e-05 -0.18999999999999995
0.06722785805928044 -4.904033081737369e-05 -0.19000000000000128
0.054877967069633216 1.2385966594218034e-05 -0.18999999999999728
0.0654364805367264 -0.00013150282700926524 -0.18999999999999995
0.06543648053672652 -0.00013150282700926524 -0.19000000000000128
0.08726605668967075 -0.0002748334450410478 -0.18999999999999995
0.057646380394773045 -7.062076070759454e-05 -0.1899999999999995
0.2368977612171908 -0.009889017907747252 0.0
0.057646380394773045 -7.062076070760148e-05 -0.1899999999999964
0.07723012899533505 -0.00011904224192244711 -0.18999999999999995
0.054877967069633216 1.2385966594218034e-05 -0.18999999999999773
nan nan nan
0.08726605668967075 -0.0002748334450410478 -0.1900000000000004
0.07723012899533505 -0.00011904224192244711 -0.18999999999999906
0.03282487528624045 -0.002618990721451407 0.09999999999999987
0.048703494615267295 0.00025090024386027754 -0.18999999999999906
0.236801958437924 -0.009882893832126455 0.0
0.03266257171614362 -0.002613247286286459 0.10000000000000009
0.08398770082019091 -0.0009367175071717526 -0.15999999999999992
0.1437478334894946 -0.005642207171221186 0.10000000000000009
0.03266257171614356 -0.002613247286286466 0.10000000000000075
0.011558945406897836 0.0008930636412281603 -0.15999999999999992
0.025874800306116885 -0.002211597347847115 0.10000000000000009
0.01903692981056737 0.00128932765387349 -0.1600000000000006
0.11221854717764529 -0.004171694517705812 0.0
0.14374783348949466 -0.005642207171221186 0.10000000000000009
0.03291789523261052 -0.002622159316049741 0.0999999999999992
0.14383157207936126 -0.005644994683249652 0.10000000000000031
nan nan nan
0.04667603356719524 0.0022933215100155446 -0.010000000000000675
0.14367944702473334 -0.005639911904429126 0.10000000000000009
0.16345626042076916 -0.00666859532166416 0.0
0.11271464196953063 -0.004200153043003897 0.0
0.0330849666991484 -0.002627468336836379 0.0999999999999992
0.019036929810567427 0.00128932765387349 -0.1600000000000006
0.09240160163497912 -0.0037657846972067727 0.10000000000000009
0.11833290317677359 -0.004523482144236972 0.0
0.11833290317677353 -0.004523482144236972 0.0
0.1436794470247334 -0.005639911904429126 0.09999999999999942
-0.0026637468186520574 0.0019544602879138367 -0.1600000000000006
0.059625676247850534 0.000506269602624787 -0.15999999999999948
0.0620632739026164 0.002168071192383561 -0.009999999999999787
0.14377750095060082 -0.005643242500015105 0.10000000000000009
0.09240160163497929 -0.0037657846972067727 0.09999999999999964
0.10401793359576711 -0.0036601856747163625 0.0
0.033084966699148455 -0.002627468336836379 0.09999999999999987
nan nan nan
0.0444713286716123 0.0023496288715671443 -0.009999999999998899
0.06540897858976302 -0.0007119008952299055 -0.16000000000000036
0.059625676247850534 0.0005062696026247593 -0.15999999999999992
0.02587480030611694 -0.002211597347847115 0.10000000000000053
0.046676033567195185 0.0022933215100155446 -0.009999999999999787
0.044346473753404 -0.0006350496137606729 0.0
0.01699565546006615 0.0031848210527964937 -0.009999999999999343
0.14383157207936126 -0.005644994683249652 0.09999999999999987
0.12495861588404822 -0.004807623600593322 0.09999999999999964
0.062063273902616345 0.002168071192383561 -0.009999999999999787
0.032226423984572594 0.0008875112033629728 -0.15999999999999992
nan nan nan
nan nan nan
0.04293931604410978 0.0007000253131389939 -0.1599999999999988
0.06118213673905787 0.0004191279858924979 -0.15999999999999948
nan nan nan
nan nan nan
0.08485807491754027 -0.0009456383548263336 -0.15999999999999948
0.04834748994044413 -0.0003045039386516124 -0.15999999999999992
0.08398770082019091 -0.0009367175071717665 -0.15999999999999992
nan nan nan
0.04293931604410978 0.0007000253131390077 -0.15999999999999925
0.03291789523261052 -0.002622159316049734 0.0999999999999992
0.01699565546006615 0.0031848210527964937 -0.010000000000001119
0.061182136739057924 0.0004191279858924979 -0.15999999999999992
nan nan nan
-0.002663746818652113 0.0019544602879138367 -0.15999999999999992
0.08485807491754016 -0.0009456383548263336 -0.15999999999999948
0.044346473753404 -0.0006350496137606729 0.0
0.0444713286716123 0.0023496288715671443 -0.009999999999997566
0.038400720076679995 0.0023925689973149367 -0.009999999999998899
0.15626362271564204 -0.006242822414418231 0.0
nan nan nan
nan nan nan
0.14382142562764927 -0.005644649160463894 0.09999999999999942
0.04575637623725748 0.002393738224341975 -0.009999999999999343
0.15617825759415122 -0.006238112341137907 0.0
0.08555633999710671 -1.454186541335889e-05 -0.1600000000000006
nan nan nan
nan nan nan
0.06540897858976297 -0.0007119008952299055 -0.1599999999999997
nan nan nan
nan nan nan
0.04662212172019947 0.0022915215119154314 -0.009999999999998899
nan nan nan
0.15626362271564204 -0.006242822414418231 0.0
0.046622121720199416 0.0022915215119154314 -0.009999999999999343
0.0855563399971066 -1.454186541335889e-05 -0.1600000000000006
nan nan nan
0.032226423984572594 0.000887511203362959 -0.1599999999999997
0.08544670957603795 -1.3150777234655076e-05 -0.15999999999999948
0.054851730283223654 1.290880781322501e-05 -0.1900000000000004
0.04834748994044402 -0.00030450393865160547 -0.1600000000000006
nan nan nan
0.08544670957603795 -1.3150777234641198e-05 -0.15999999999999948
nan nan nan
0.08566683130536568 -1.586178896843815e-05 -0.1600000000000006
0.08566683130536562 -1.5861788968465906e-05 -0.1599999999999997
0.26210098789072905 -0.01176661600905693 0.09999999999999964
nan nan nan
nan nan nan
nan nan nan
nan nan nan
0.23895367741773738 -0.01626773035893425 0.0
0.23895367741773738 -0.01626773035893428 0.0
0.21038798903258288 -0.014626997966489808 0.0
0.089193063687383 -0.0074599093750928325 0.0
nan nan nan
0.19189774113216707 -0.013577400724941291 0.0
0.089193063687383 -0.0074599093750928325 0.0
0.23884757011689778 -0.01625930557637717 0.0
0.24767670327806418 -0.016782208401504545 0.0
0.1921634425732266 -0.013598233949186661 0.0
0.13736479540739188 -0.010376001263492723 0.0
0.23884757011689778 -0.01625930557637717 0.0
0.24767670327806418 -0.016782208401504545 0.0
0.09221479653498221 -0.006808744889726326 0.09999999999999964
nan nan nan
nan nan nan
0.1844784225296766 -0.010061480871599165 0.10000000000000009
0.18447842252967667 -0.010061480871599165 0.10000000000000009
0.16890299820401716 -0.009876177545787984 0.10000000000000053
0.03440928048747971 0.003575709455975573 -0.18999999999999995
nan nan nan
nan nan nan
0.19189774113216707 -0.013577400724941291 0.0
nan nan nan
0.1921634425732266 -0.013598233949186661 0.0
nan nan nan
0.2726816192047646 -0.011898223622876292 0.09999999999999942
0.2776427315037027 -0.011897220567043981 0.10000000000000053
0.27764273150370283 -0.011897220567043981 0.10000000000000009
0.1049969364183736 -0.007427205433532258 0.10000000000000009
0.1378598311951894 -0.010224644409258632 0.0
nan nan nan
nan nan nan
0.09548636007239686 0.001894353386160938 -0.010000000000001563
0.08384121125153682 -0.0008630541030943961 -0.1599999999999988
0.127987213327522 0.00238014615921589 -0.1900000000000004
0.0619505513387415 0.0021721112761860784 -0.009999999999999787
0.11632560933547398 -0.006009583049220807 0.09999999999999964
0.15815249495073913 -0.0022713608150849995 -0.15999999999999992
nan nan nan
0.16890299820401716 -0.009876177545787984 0.10000000000000075
nan nan nan
0.15280070464861617 -0.001803551803495923 -0.16000000000000103
nan nan nan
0.15577946286230787 -0.012516892618816639 0.0
0.17373835325971038 -0.012545854824971558 0.0
0.2384079473984429 -0.017462287537127114 0.0
0.08384121125153682 -0.0008630541030943684 -0.15999999999999925
0.2384079473984429 -0.017462287537127114 0.0
0.16795138178466096 -0.0021717061623211797 -0.15999999999999948
0.15280070464861617 -0.001803551803495923 -0.1600000000000006
0.022414975718322794 0.0008153495426307666 -0.15999999999999992
nan nan nan
0.07928916944495273 -0.0005553134955084416 -0.15999999999999992
0.08097583651845824 -0.0007845189307096601 -0.15999999999999948
0.07928916944495273 -0.0005553134955084416 -0.15999999999999948
0.09221479653498221 -0.006808744889726354 0.09999999999999964
nan nan nan
0.16795138178466096 -0.0021717061623211797 -0.15999999999999948
0.04061715157912199 0.0002894203358543568 -0.15999999999999948
0.21162971619524268 -0.0029447761648945248 -0.009999999999999787
0.022414975718322683 0.0008153495426307666 -0.15999999999999992
0.02245566683848038 0.0008140095867762431 -0.15999999999999948
0.13736479540739222 -0.010376001263492723 0.0
nan nan nan
nan nan nan
0.08230829137940532 -0.001471152856888619 -0.009999999999999787
0.2503398045204442 -0.016870133411095195 0.0
0.09140136702265034 -0.0017095079718031647 -0.010000000000001119
0.20313129052496254 -0.0028254385909048108 -0.009999999999999787
0.022455666838480326 0.0008140095867762154 -0.1599999999999988
0.04061715157912188 0.0002894203358543568 -0.15999999999999948
0.21162971619524268 -0.0029447761648945248 -0.009999999999998899
nan nan nan
nan nan nan
nan nan nan
0.27574385639541693 -0.009328986657471644 0.09999999999999942
0.11490534863452356 -0.0055955157718525494 0.09999999999999898
0.09431749081363677 0.001570525007064949 -0.18999999999999773
0.09140136702265028 -0.001709507971803137 -0.010000000000001119
0.06199699230293698 0.0021706281014799295 -0.010000000000001119
nan nan nan
nan nan nan
0.044383704270695434 -0.0029761228795795736 0.09999999999999964
0.0954863600723968 0.0018943533861609657 -0.010000000000001119
0.20313129052496254 -0.0028254385909048108 -0.009999999999999787
0.08428889102413506 0.0019050404742267102 -0.1899999999999995
0.14547465358435369 -0.009120194565687662 0.10000000000000031
0.17373835325971032 -0.012545854824971586 0.0
0.2757438563954168 -0.009328986657471644 0.09999999999999964
0.09431749081363677 0.001570525007064949 -0.18999999999999906
0.08428889102413517 0.001905040474226738 -0.18999999999999773
nan nan nan
0.20316252673388674 -0.002825544636967048 -0.010000000000001119
0.2641275015212156 -0.00010723865799383558 -0.18999999999999906
nan nan nan
0.11613642264402402 -0.002007899584640427 -0.009999999999999787
nan nan nan
0.2058524878967552 0.0001912832869843395 -0.18999999999999773
0.13352048302759478 0.0023674670432934225 -0.18999999999999906
0.2726816192047647 -0.011898223622876292 0.09999999999999964
nan nan nan
0.13352048302759495 0.0023674670432934086 -0.18999999999999906
0.13352829101207042 0.0023673206471209324 -0.18999999999999773
0.08097583651845824 -0.0007845189307096601 -0.15999999999999992
0.08230829137940526 -0.0014711528568885912 -0.010000000000000675
0.20316252673388674 -0.002825544636967048 -0.010000000000002451
nan nan nan
nan nan nan
nan nan nan
0.05481759554673998 0.0030449552834963534 -0.18999999999999906
0.05696408326640473 0.0029118790974372033 -0.1900000000000004
0.05481759554673998 0.0030449552834963672 -0.18999999999999995
nan nan nan
0.10499693641837371 -0.007427205433532258 0.10000000000000031
0.1783105389218531 0.0004485859272662651 -0.1899999999999995
0.21315108026737334 0.0003443984797556754 -0.1900000000000004
nan nan nan
0.13271281286846814 -0.0022023887014014087 -0.009999999999999787
0.034409280487479654 0.003575709455975573 -0.18999999999999995
0.13352829101207042 0.0023673206471209463 -0.18999999999999773
0.13671319866722847 -0.0021152517281269323 -0.009999999999999787
0.07282236173023332 -0.0009602732277473602 -0.009999999999999343
0.13271281286846814 -0.0022023887014014087 -0.009999999999999343
nan nan nan
0.127987213327522 0.00238014615921589 -0.18999999999999906
0.05696408326640473 0.0029118790974372033 -0.18999999999999995
0.14547465358435369 -0.00912019456568769 0.10000000000000009
0.13671319866722842 -0.0021152517281269323 -0.009999999999999787
0.15815249495073913 -0.0022713608150849995 -0.1599999999999997
0.07282236173023343 -0.0009602732277473602 -0.009999999999999343
0.2641275015212156 -0.00010723865799383558 -0.1899999999999995
nan nan nan
0.05425007469550708 -0.003431026029699219 0.09999999999999964
0.21315108026737334 0.0003443984797556754 -0.18999999999999995
0.26857648706048903 0.00016115209826603194 -0.18999999999999906
nan nan nan
0.08483335698266892 0.002033787589572636 -0.009999999999998899
0.16013953237880596 -0.00941258932374403 0.10000000000000009
nan nan nan
0.25722991717750937 -7.369236068405227e-05 -0.18999999999999906
0.21038798903258288 -0.014626997966489808 0.0
0.11613642264402402 -0.002007899584640427 -0.010000000000001119
0.25722991717750926 -7.369236068405227e-05 -0.18999999999999906
0.26857648706048903 0.00016115209826603194 -0.1899999999999995
0.2673354546395888 -0.017819226985143183 0.0
0.04438370427069549 -0.0029761228795795736 0.09999999999999964
nan nan nan
0.16013953237880585 -0.00941258932374403 0.10000000000000009
0.26210098789072905 -0.01176661600905693 0.09999999999999942
0.08417168557804766 0.001908319694260141 -0.18999999999999995
nan nan nan
nan nan nan
0.09671723191337517 -0.0077757954159979326 0.0
0.2304106280844957 -0.008718885876142973 0.09999999999999964
nan nan nan
0.0841716855780476 0.001908319694260141 -0.19000000000000128
0.15577946286230787 -0.012516892618816639 0.0
0.09786238889819232 -0.005032195259929734 0.10000000000000009
nan nan nan
0.07222707598125477 -0.004203939304275733 0.10000000000000009
0.08873781261853453 0.00202057284318137 -0.009999999999999787
0.08483335698266892 0.002033787589572636 -0.009999999999999787
0.2304106280844957 -0.008718885876142973 0.09999999999999942
0.2503398045204442 -0.016870133411095195 0.0
0.05425007469550713 -0.003431026029699219 0.09999999999999964
0.1167657363750198 -0.010273850666168566 0.0
0.2058524878967552 0.0001912832869843395 -0.18999999999999773
0.06333977151349474 -0.005837170577895373 0.0
0.09786238889819232 -0.0050321952599297615 0.09999999999999964
0.08873781261853447 0.00202057284318137 -0.010000000000001119
0.12793569151499407 0.002381150021139894 -0.19000000000000217
nan nan nan
0.1783105389218531 0.0004485859272662651 -0.18999999999999995
0.11676573637501991 -0.010273850666168594 0.0
0.14642570115254944 -0.011969450689516298 0.0
0.06333977151349401 -0.005837170577895318 0.0
nan nan nan
0.0619505513387415 0.0021721112761860922 -0.009999999999998899
0.1378598311951894 -0.010224644409258632 0.0
nan nan nan
0.14642570115254944 -0.011969450689516298 0.0
0.07222707598125483 -0.004203939304275761 0.09999999999999987
nan nan nan
0.2673354546395889 -0.017819226985143183 0.0
0.11490534863452345 -0.0055955157718525494 0.09999999999999942
0.09671723191337506 -0.0077757954159979326 0.0
0.1209905089296951 0.002401824159259408 -0.18999999999999906
0.12795217922967683 0.0023808121621824857 -0.19000000000000172
0.12793569151499418 0.002381150021139866 -0.18999999999999995
0.1209905089296951 0.002401824159259422 -0.18999999999999773
0.06199699230293698 0.0021706281014799295 -0.010000000000001119
0.11632560933547398 -0.006009583049220807 0.10000000000000009
0.12795217922967672 0.0023808121621824857 -0.19000000000000306
nan nan nan
0.7 -0.0338952887633642 0.0
0.7 -0.022506803858370728 0.10000000000000009
0.06435306193321294 -0.0026522613530987615 0.0
nan nan nan
0.174651675240938 -0.009899841424268835 0.0
0.7 -0.0338952887633642 0.0
0.7 -0.0338952887633642 0.0
0.7 -0.0338952887633642 0.0
0.174651675240938 -0.009899841424268835 0.0
0.7 -0.0338952887633642 0.0
0.2680100534696716 -0.015663451880255086 0.0
0.21902231345771367 -0.010887804653688798 0.10000000000000053
0.13613527242752066 -0.0076840461386981085 0.0
0.16620166767693312 -0.009389907264738512 0.0
0.15888980593063268 -0.009023206741148287 0.0
0.11272237172766975 -0.006099580794260012 0.0
0.13613527242752055 -0.0076840461386981085 0.0
0.25856310707056 -0.014975991462140403 0.0
0.7 -0.0338952887633642 0.0
0.2062738656636442 -0.011779022055255772 0.0
0.0882520417148775 -0.001519676946049403 -0.1599999999999997
0.11272237172766975 -0.006099580794260012 0.0
0.2680100534696716 -0.015663451880255086 0.0
nan nan nan
0.16620166767693312 -0.009389907264738512 0.0
0.27714871523130163 -0.009407577520077232 0.09999999999999964
0.15888980593063268 -0.009023206741148287 0.0
0.2062738656636442 -0.011779022055255772 0.0
0.27714871523130163 -0.009407577520077232 0.10000000000000009
0.04601088122858138 -0.005654963488950948 0.10000000000000031
0.04601088122858138 -0.005654963488950948 0.10000000000000031
0.257199232278467 -0.011667077430689593 0.10000000000000031
0.16706772728998104 -0.009635801235697267 0.09999999999999942
0.03584046723841455 -0.00501717156417808 0.10000000000000053
0.06435306193321316 -0.0026522613530987615 0.0
0.7 -0.013066567931163564 -0.15999999999999992
0.7 -0.022506803858370728 0.10000000000000009
0.7 -0.022506803858370728 0.10000000000000009
0.08023549631646448 -0.0006972502255474244 -0.1599999999999997
0.2207753581533703 -0.0034878539940953746 -0.1599999999999997
0.7 -0.022506803858370728 0.10000000000000009
0.7 -0.022506803858370728 0.10000000000000009
nan nan nan
0.7 -0.022506803858370728 0.10000000000000009
0.21902231345771378 -0.010887804653688798 0.10000000000000031
0.08193467190063053 -0.007072460914291229 0.09999999999999964
0.10534002863411751 -0.007892361151594973 0.10000000000000031
0.257199232278467 -0.011667077430689593 0.10000000000000009
0.16706772728998104 -0.009635801235697267 0.09999999999999964
0.0844823387486166 -0.0012811021571403902 -0.15999999999999948
0.08827719476327 -0.0015206910287735853 -0.15999999999999992
0.0882520417148775 -0.0015196769460494586 -0.15999999999999948
0.054186017173598666 -0.005894121982682909 0.09999999999999964
0.09730999259050921 -0.0017174879828865397 -0.1600000000000008
0.03575452057407369 -0.005012982491264639 0.10000000000000009
0.25856310707056 -0.014975991462140403 0.0
0.04853472850322188 0.00022676252794154306 -0.009999999999999787
0.06452172818851742 -0.0008753242550177398 -0.16000000000000036
0.0882771947632699 -0.0015206910287735853 -0.16000000000000036
nan nan nan
0.054186017173598666 -0.005894121982682909 0.10000000000000009
0.31416343496504123 -0.0026688805565272533 -0.18999999999999906
0.7 -0.013066567931163564 -0.15999999999999992
0.10534002863411746 -0.007892361151594945 0.10000000000000053
nan nan nan
0.31225306573147554 -0.003020652693521614 -0.18999999999999995
0.31416343496504123 -0.0026688805565272256 -0.18999999999999906
nan nan nan
0.2299837291866192 -0.0044471174406781055 -0.15999999999999925
0.11033116259185938 -0.001442087412206472 -0.010000000000001119
0.035754520574073745 -0.0050129824912646115 0.10000000000000009
0.31225306573147554 -0.003020652693521614 -0.1899999999999995
nan nan nan
nan nan nan
0.2849692043971293 -0.002970993462416055 -0.18999999999999995
nan nan nan
nan nan nan
nan nan nan
0.05676601911579732 -0.00020657179395824898 -0.010000000000000675
0.1930787978189482 -0.0014487816550700638 -0.1899999999999995
0.2157689367783266 -0.00223484880953867 -0.010000000000001119
0.1013088086530512 -0.001868510997051237 -0.15999999999999992
0.05678161295608336 -0.00020739729382571181 -0.010000000000001119
nan nan nan
0.1013088086530512 -0.0018685109970511538 -0.15999999999999948
0.11160265506476386 -0.001113344429133467 -0.009999999999999787
0.13798735273222146 -0.001878643342592884 -0.010000000000001119
0.13333546853220057 -0.0017613089942593585 -0.009999999999999787
nan nan nan
0.06682134353095709 0.00041719386900859745 -0.18999999999999906
0.21486697449092002 -0.0015990390381052655 -0.18999999999999906
0.13333546853220063 -0.0017613089942593585 -0.010000000000000675
0.7 -0.013066567931163564 -0.15999999999999992
nan nan nan
0.12212196458562807 -0.0011638456751627835 -0.18999999999999906
0.08887555815773668 -0.0012872744164941219 -0.010000000000000675
0.7 -0.012818761994307704 -0.15999999999999992
0.03584046723841455 -0.00501717156417808 0.10000000000000031
0.11712921237736212 -0.0015225065547903038 -0.010000000000001119
0.0819346719006307 -0.007072460914291229 0.09999999999999987
nan nan nan
0.2157689367783266 -0.00223484880953867 -0.009999999999999787
0.16325134093100957 -0.0026909688802332077 -0.15999999999999948
0.09482062039115952 -0.001657178735335052 -0.1600000000000006
0.2824901203913564 -0.003529485380868558 -0.009999999999998899
0.06860527829568747 -0.0006934145388702018 -0.1599999999999997
0.06860527829568747 -0.000693414538870174 -0.15999999999999992
0.14119401916584118 -0.0006327001040909164 -0.18999999999999995
0.10479953114800616 -0.0012060865261730447 -0.009999999999999787
0.21486697449092002 -0.001599039038105321 -0.18999999999999995
0.06872416806961024 0.0003760180849885497 -0.19000000000000128
0.7 -0.012818761994307704 -0.15999999999999992
0.22090741662696295 -0.0023167645121937863 -0.010000000000000675
0.06452172818851759 -0.0008753242550177398 -0.15999999999999992
0.23126655937631785 -0.0034830022686083706 -0.15999999999999992
0.12212196458562807 -0.0011638456751627835 -0.18999999999999995
nan nan nan
0.06688225580615431 0.0004151580824658663 -0.1900000000000004
0.19307879781894816 -0.0014487816550700638 -0.1899999999999995
0.7 -0.013066567931163564 -0.15999999999999992
0.06872416806961024 0.0003760180849885497 -0.19000000000000128
0.22090741662696295 -0.0023167645121937863 -0.009999999999999787
0.13798735273222135 -0.001878643342592884 -0.010000000000001119
0.0844823387486166 -0.0012811021571403902 -0.15999999999999925
0.20909945201269703 -0.004184092341081885 -0.1600000000000006
0.20909945201269703 -0.004184092341081941 -0.1600000000000006
0.018664768588936398 0.0007554063396130462 -0.15999999999999925
0.2299837291866193 -0.0044471174406781055 -0.1599999999999997
0.7 -0.013066567931163564 -0.15999999999999992
0.11712921237736196 -0.0015225065547903038 -0.010000000000001119
0.18839395431122968 -0.002449329025378144 -0.009999999999999343
0.09730999259050921 -0.0017174879828865675 -0.1600000000000006
0.06688225580615431 0.00041515808246589403 -0.18999999999999995
0.2849692043971294 -0.002970993462416055 -0.18999999999999995
0.2207753581533703 -0.0034878539940953746 -0.15999999999999992
0.2824901203913564 -0.003529485380868558 -0.009999999999998899
0.10260889152020353 -0.00017857266177831455 -0.1900000000000004
0.7 -0.013066567931163564 -0.15999999999999992
0.09482062039115952 -0.0016571787353350242 -0.15999999999999992
0.1050524088578863 -0.001215755473099156 -0.010000000000000675
nan nan nan
0.06682134353095709 0.00041719386900859745 -0.1900000000000004
0.11160265506476386 -0.001113344429133467 -0.009999999999999787
0.01781388229635983 0.0007928559447556438 -0.16000000000000103
0.018664768588936342 0.0007554063396130462 -0.15999999999999948
0.018291394644025682 0.000772129341568617 -0.1600000000000006
0.1319864096987859 -0.0027703902308312267 -0.15999999999999992
0.01781388229635983 0.0007928559447556716 -0.1600000000000006
nan nan nan
0.18839395431122968 -0.002449329025378144 -0.009999999999999787
nan nan nan
0.05676601911579732 -0.00020657179395824898 -0.010000000000001119
0.14119401916584112 -0.0006327001040909164 -0.19000000000000128
0.01829139464402557 0.000772129341568617 -0.1600000000000006
0.05678161295608336 -0.00020739729382573957 -0.010000000000002451
0.23126655937631785 -0.0034830022686083706 -0.15999999999999992
0.7 -0.012818761994307704 -0.15999999999999992
0.08023549631646443 -0.0006972502255474244 -0.1599999999999997
0.11033116259185938 -0.001442087412206472 -0.010000000000001119
0.7 -0.012818761994307704 -0.15999999999999992
nan nan nan
0.25653451447246395 -0.002378019799909009 -0.18999999999999773
0.10479953114800616 -0.0012060865261730447 -0.009999999999999787
0.04853472850322177 0.00022676252794148755 -0.010000000000001119
0.26991283867864807 -0.0038545412167360626 -0.009999999999999787
0.10157945622463987 -0.0008193731719669806 -0.009999999999999787
0.7 -0.010392047356800022 -0.009999999999999787
0.10157945622463993 -0.0008193731719669528 -0.009999999999999787
0.131986409698786 -0.0027703902308312545 -0.15999999999999992
nan nan nan
0.25653451447246395 -0.0023780197999089814 -0.18999999999999773
0.7 -0.012818761994307704 -0.15999999999999992
nan nan nan
0.10505240885788641 -0.0012157554730991282 -0.010000000000000675
nan nan nan
0.16325134093100957 -0.0026909688802332077 -0.15999999999999992
0.7 -0.010392047356800022 -0.009999999999999787
0.08887555815773673 -0.0012872744164941219 -0.010000000000002451
0.7 -0.010392047356800022 -0.009999999999999787
0.20197550573649953 -0.003423110870223095 -0.009999999999999787
0.08225003134186931 0.00014794137530699247 -0.1900000000000004
0.26991283867864807 -0.0038545412167360626 -0.009999999999999787
0.20088389731370299 -0.0016624257063115044 -0.18999999999999906
0.07067893879487808 0.0005853394782391885 -0.18999999999999906
0.20197550573649953 -0.003423110870223095 -0.009999999999999787
0.7 -0.010392047356800022 -0.009999999999999787
nan nan nan
0.07067893879487808 0.0005853394782391885 -0.18999999999999773
0.06968513407480764 0.0006528234495691843 -0.18999999999999995
0.06968513407480764 0.0006528234495691843 -0.1900000000000004
0.7 -0.010392047356800022 -0.009999999999999787
0.7 -0.010392047356800022 -0.009999999999999787
0.2008838973137031 -0.0016624257063115044 -0.18999999999999995
0.08225003134186915 0.00014794137530699247 -0.19000000000000128
0.2733503824538834 -0.0023868867449507725 -0.19000000000000128
0.06964242073483179 0.0006552477042153781 -0.1900000000000004
0.06964242073483162 0.0006552477042153781 -0.18999999999999995
0.10260889152020353 -0.00017857266177831455 -0.18999999999999995
0.7 -0.012818761994307704 -0.15999999999999992
0.2733503824538834 -0.0023868867449507725 -0.1900000000000004
0.017281702852653735 0.00169482829212865 0.0
-0.042311777676323326 -0.001585159946786395 0.10000000000000053
nan nan nan
nan nan nan
0.12052935050433733 -0.0034988399745196214 0.0
0.000105526318708693 0.002763921937640544 0.0
0.05372721040297812 0.0004331314449827761 0.0
-0.05545801861236621 0.005924120086580539 0.0
-0.04225822590343531 -0.0015868951523894045 0.09999999999999987
0.04600735882129048 0.0003403711044503363 0.0
0.04600735882129048 0.0003403711044503363 0.0
0.01727242686426861 0.0016953641702655772 0.0
0.022075963434177892 0.0014183688415756665 0.0
nan nan nan
0.13564535697478886 -0.0041922523455867056 0.0
0.03846124349384655 0.0007667076706968923 0.0
0.038461243493846664 0.0007667076706968923 0.0
-0.049196347882052904 -0.0011800425451698182 0.09999999999999964
0.12052935050433722 -0.0034988399745195936 0.0
0.13566914231366223 -0.004193800962030106 0.0
0.11043298050309835 -0.0029037246901027908 0.0
nan nan nan
-0.0284535256876855 -0.001979180654765378 0.10000000000000053
-0.03529902335900864 -0.00170383660723733 0.10000000000000053
-0.028453525687685444 -0.001979180654765378 0.10000000000000053
nan nan nan
-0.009110707947449614 -0.0022703872071437037 0.10000000000000031
-0.04215493716179847 -0.0015899969966127817 0.09999999999999964
-0.049196347882052904 -0.001180042545169832 0.10000000000000031
-0.04232211257006924 -0.0015847821008824828 0.10000000000000075
-0.035299023359008586 -0.00170383660723733 0.10000000000000053
nan nan nan
-0.04241935912882322 -0.0015814037997028615 0.10000000000000009
0.13566914231366223 -0.004193800962030106 0.0
-0.042419359128823275 -0.0015814037997028615 0.10000000000000009
-0.04215493716179847 -0.0015899969966127747 0.09999999999999964
-0.04225822590343531 -0.0015868951523894045 0.10000000000000009
0.028713779926003657 -0.002991372537465245 0.10000000000000053
-0.00981775087403286 -0.001684118575613 0.1000000000000012
-0.04232211257006924 -0.0015847821008824967 0.10000000000000053
nan nan nan
-0.009110707947449614 -0.0022703872071437037 0.10000000000000053
0.002905801388539242 0.002429058210728703 -0.009999999999999787
0.05372721040297812 0.0004331314449827761 0.0
0.028713779926003657 -0.002991372537465231 0.10000000000000075
0.041786885846764266 -0.0002550500802248265 -0.1600000000000006
0.007136016248632859 0.0004532070777404709 -0.1599999999999997
nan nan nan
nan nan nan
nan nan nan
nan nan nan
0.007136016248632859 0.0004532070777404709 -0.16000000000000036
nan nan nan
-0.022026893006846182 0.0016503983290775126 -0.15999999999999948
0.05800392290040213 -0.0004226987864619017 -0.15999999999999925
0.05801752464723381 -0.0004230875834562442 -0.1599999999999997
0.03490371330846581 -3.6074059341265063e-05 -0.1599999999999997
nan nan nan
0.058017524647233754 -0.0004230875834562442 -0.16000000000000036
0.05800344461909479 -0.000422677516262758 -0.15999999999999948
0.058003444619094846 -0.000422677516262758 -0.16000000000000036
nan nan nan
0.05800392290040213 -0.00042269878646188086 -0.1599999999999997
nan nan nan
nan nan nan
0.03882522342361694 -0.00348837976814477 0.09999999999999964
0.05801020462357931 -0.00042287498171277027 -0.1599999999999997
0.05801020462357931 -0.0004228749817127772 -0.15999999999999925
nan nan nan
0.03877707700742533 -0.003486556230385379 0.10000000000000009
nan nan nan
0.038825223423616884 -0.003488379768144742 0.09999999999999964
nan nan nan
0.0029058013885392975 0.00242905821072871 -0.009999999999999787
-0.04253486407617679 0.003857962659354973 -0.010000000000000675
0.03879843798995497 -0.0034873805010754433 0.09999999999999987
0.038835484676646215 -0.003488758741465911 0.10000000000000009
0.03883548467664616 -0.003488758741465897 0.09999999999999987
0.041755348632897094 -0.0002543922150871139 -0.1599999999999986
0.008237179922627291 0.002427686469229036 -0.009999999999998899
0.015144220160249688 0.0024084276407417213 -0.010000000000001119
nan nan nan
0.03585181846752589 3.328521181881344e-05 -0.1899999999999995
nan nan nan
nan nan nan
nan nan nan
0.041786885846764266 -0.0002550500802248265 -0.1600000000000006
-0.004327399179094693 0.0026059623270047183 -0.009999999999999787
0.008234976398191651 0.0024277449908029144 -0.009999999999999343
0.014124668097132753 0.00022147567838785853 -0.18999999999999906
-0.007103517977804785 0.0025537372590850663 -0.009999999999998899
0.014128902690090928 0.00022141424534125043 -0.1899999999999964
nan nan nan
-0.004327399179094693 0.0026059623270047044 -0.009999999999999787
0.015144220160249688 0.0024084276407417213 -0.010000000000001119
0.0881260218253393 -0.0016116669421964436 0.0
0.008237179922627291 0.002427686469229036 -0.009999999999999343
0.008234976398191651 0.0024277449908029144 -0.009999999999998899
0.03490371330846581 -3.6074059341251186e-05 -0.1599999999999997
nan nan nan
-0.0017695790959748048 0.0025522882775570604 -0.009999999999999787
-0.04253486407617679 0.003857962659354973 -0.009999999999999787
0.014119821880246686 0.00022161494375354945 -0.18999999999999906
-0.02832230739165209 0.0033427840304377718 -0.010000000000000675
nan nan nan
nan nan nan
0.014119821880246686 0.00022161494375354945 -0.19000000000000172
0.028356467047573275 0.0001318706543418438 -0.18999999999999906
-0.042311777676323326 -0.001585159946786395 0.09999999999999964
nan nan nan
0.014124859903084153 0.00022146523340345337 -0.18999999999999906
0.028356467047573275 0.0001318706543418438 -0.18999999999999906
-0.00715156774241793 0.0014163402258697555 -0.1599999999999988
0.018355838368804556 0.00020192586758303877 -0.1899999999999964
-0.001263254718309459 0.0008315227899218652 -0.18999999999999773
-0.04629322140231773 0.0024406911645199064 -0.15999999999999992
-0.001263254718309459 0.0008315227899218722 -0.18999999999999906
0.014124668097132753 0.00022147567838785853 -0.18999999999999817
0.043433573518834256 0.0005715350474668618 -0.1599999999999986
0.018355573223110322 0.0002019310946343028 -0.1899999999999955
0.014124859903084097 0.00022146523340345337 -0.18999999999999906
0.014128902690090928 0.00022141424534125043 -0.18999999999999728
0.0881260218253393 -0.0016116669421964436 0.0
0.018355838368804667 0.00020192586758303877 -0.1899999999999964
-0.007103517977804841 0.0025537372590850663 -0.009999999999999343
0.12060553628677007 -0.0035037999036845874 0.0
0.12060553628677007 -0.0035037999036845874 0.0
nan nan nan
0.03877558865461289 -0.0034864588169273986 0.10000000000000009
nan nan nan
nan nan nan
0.03846363292085064 0.0007665675738641603 0.0
0.000105526318708693 0.002763921937640544 0.0
-0.009817750874032805 -0.001684118575613 0.10000000000000053
nan nan nan
nan nan nan
0.12905749923666276 -0.0038323730837131476 0.0
nan nan nan
nan nan nan
0.042495251695202796 0.0005535026398482967 0.0
0.11040062009288432 -0.0029018395574395978 0.0
-0.0017695790959748603 0.0025522882775570604 -0.009999999999999787
0.03879843798995497 -0.0034873805010754433 0.09999999999999964
0.12905749923666288 -0.0038323730837131614 0.0
0.01727242686426861 0.0016953641702655772 0.0
0.11040062009288432 -0.0029018395574396116 0.0
0.022075963434177892 0.0014183688415756665 0.0
-0.05820862332380927 0.002932201649767166 -0.15999999999999948
0.03881838347999794 -0.003488148309840386 0.0999999999999992
0.03881838347999789 -0.0034881483098404 0.09999999999999964
nan nan nan
nan nan nan
0.017281702852653735 0.0016948282921286362 0.0
-0.022026893006846182 0.0016503983290775057 -0.1599999999999997
0.03877707700742533 -0.0034865562303853653 0.09999999999999987
nan nan nan
0.019005918184554715 0.001008497904478975 -0.1599999999999997
-0.02832230739165209 0.0033427840304377718 -0.009999999999999787
-0.05820862332380916 0.002932201649767166 -0.15999999999999925
0.0384636329208507 0.0007665675738641603 0.0
0.03877558865461278 -0.0034864588169273986 0.09999999999999964
0.13564535697478886 -0.0041922523455867056 0.0
0.0003938388401791837 0.0028750758273409505 -0.010000000000000675
0.11043298050309824 -0.0029037246901027908 0.0
0.03585181846752589 3.328521181881344e-05 -0.18999999999999906
nan nan nan
-0.046293221402317675 0.0024406911645199064 -0.1599999999999997
-0.055458018612366156 0.005924120086580539 0.0
0.043433573518834256 0.0005715350474668479 -0.1599999999999997
nan nan nan
nan nan nan
0.042495251695202796 0.0005535026398482967 0.0
0.02717027268291905 0.0025531805739466285 -0.009999999999999787
nan nan nan
-0.022686378641655347 0.001640459447464479 -0.15999999999999992
0.012643286414004584 0.00272435447912521 -0.010000000000002451
0.02718306240531665 0.0009078175011498768 -0.15999999999999992
0.0026183832962504705 0.002849754096783244 -0.009999999999998899
0.03884475536729132 -0.0034890980816413564 0.10000000000000053
0.019005918184554715 0.001008497904478975 -0.15999999999999925
0.043639609301998616 0.0005691521764463608 -0.15999999999999948
0.04353483295069693 0.000570326339130442 -0.16000000000000036
-0.022686378641655236 0.001640459447464479 -0.1599999999999988
0.043639609301998616 0.0005691521764463608 -0.15999999999999925
0.04353483295069693 0.000570326339130442 -0.16000000000000036
nan nan nan
nan nan nan
0.03884475536729132 -0.003489098081641398 0.10000000000000075
nan nan nan
0.018355573223110322 0.0002019310946343028 -0.1899999999999964
0.027183062405316538 0.0009078175011498768 -0.15999999999999992
nan nan nan
-0.007151567742417986 0.0014163402258697555 -0.1599999999999988
0.002618383296250415 0.002849754096783258 -0.009999999999999787
0.041755348632897094 -0.0002543922150871139 -0.1599999999999986
0.0003938388401791837 0.0028750758273409505 -0.009999999999999787
0.012643286414004584 0.00272435447912521 -0.010000000000001119
nan nan nan
0.02717027268291905 0.0025531805739466285 -0.009999999999999343
nan nan nan
0.07383670097018741 -0.005034218690279785 0.0
0.16119056954450628 -0.010036085166930192 0.0
0.11164991115127987 -0.007245456793933874 0.0
0.07383670097018741 -0.005034218690279785 0.0
0.09172317902441385 -0.006065245596751145 0.0
0.1612043510940787 -0.010037010828282872 0.0
0.10339428485486024 -0.006762959477836866 0.0
0.16115080928260184 -0.010033399546547778 0.0
nan nan nan
0.10339428485486024 -0.006762959477836866 0.0
0.1612043510940787 -0.010037010828282872 0.0
0.034827149679884484 -0.0027034508633871357 0.0
0.09172317902441407 -0.006065245596751145 0.0
0.03482714967988443 -0.002703450863387108 0.0
-0.039005175002304604 0.0038304458287353738 0.0
0.05696032661273426 -0.0022497946135691393 0.0
0.009096401558515155 0.0006065333442276111 0.0
nan nan nan
nan nan nan
0.04033672345233402 -0.0012698770558135786 0.0
nan nan nan
0.1829546804549007 -0.009712833189824799 0.10000000000000053
0.16132117681365654 -0.009906004828936332 0.09999999999999964
0.036890725112125655 -0.006660341483949256 0.10000000000000031
0.0847788122855615 -0.007778620771851152 0.10000000000000031
0.06101895687446757 -0.00744500739336848 0.10000000000000031
0.0004408429194192598 -0.005086482819951471 0.10000000000000075
nan nan nan
0.06101895687446757 -0.00744500739336848 0.10000000000000053
nan nan nan
0.026606557584895385 -0.00046995932489540815 0.0
nan nan nan
0.05935411201399643 -0.007087559579172814 0.10000000000000009
0.027133164776217522 0.0025549457316295376 -0.009999999999999787
0.1829546804549007 -0.009712833189824799 0.10000000000000031
0.1780132352995859 -0.009713733657938872 0.09999999999999987
nan nan nan
nan nan nan
0.05935411201399643 -0.007087559579172814 0.10000000000000031
0.16132117681365654 -0.00990600482893636 0.10000000000000009
nan nan nan
-0.02468953466378837 0.002284824371077132 -0.16000000000000103
0.0004408429194192598 -0.005086482819951471 0.10000000000000031
-0.024668302681646492 0.002284112105045033 -0.1600000000000006
0.12241819341096183 -0.006075157361150302 0.0
0.0847788122855615 -0.00777862077185118 0.10000000000000031
-0.010663761271817063 -0.0045352556234331265 0.10000000000000053
-0.010663761271817063 -0.0045352556234331265 0.10000000000000009
0.0661894656947018 -0.0027893286307831555 0.0
0.1387788806263518 -0.006973792806828638 0.0
nan nan nan
-0.02465346539599428 0.002283523731488324 -0.15999999999999992
0.17801323529958568 -0.009713733657938872 0.10000000000000009
-0.024668302681646437 0.002284112105045061 -0.1600000000000006
0.12682298284429439 -0.001364907975674401 -0.15999999999999925
0.043543569704690754 0.0003408266651233338 -0.1600000000000006
0.12682298284429439 -0.001364907975674401 -0.15999999999999948
nan nan nan
0.036890725112125655 -0.006660341483949256 0.10000000000000031
0.13538355362545762 -0.001211012821076357 -0.16000000000000036
nan nan nan
0.04585145146499525 0.00026653337335660887 -0.15999999999999992
-0.02468953466378837 0.00228482437107716 -0.1600000000000006
0.15396098351296272 -0.007313149612359071 0.10000000000000031
-0.03448752610342759 -0.0016393490050682913 0.10000000000000031
0.13538355362545773 -0.001211012821076357 -0.1600000000000008
0.06997665849285323 0.002249693877638931 -0.010000000000001563
nan nan nan
nan nan nan
0.12022871913569377 -0.0008504343210960774 -0.1600000000000008
0.05934035014365924 0.0023887485465546726 -0.010000000000000675
-0.02465346539599428 0.002283523731488324 -0.16000000000000036
nan nan nan
0.015535412789283887 0.0013484611447686645 -0.15999999999999992
nan nan nan
0.015535412789283887 0.0013484611447686645 -0.15999999999999948
nan nan nan
0.0355201692791956 -0.004230373864763881 0.09999999999999987
0.030530206529552795 0.0032950610564574795 -0.1900000000000004
0.0071417413585884715 -0.000986180830494482 -0.009999999999999787
0.03913348197454408 0.003462262182628753 -0.19000000000000128
0.015161790191043467 0.0033355575163448448 -0.18999999999999906
0.03506359984115526 0.002183516026490223 -0.18999999999999995
nan nan nan
0.06891142038349252 -0.0016309822595237111 -0.009999999999999343
-0.016514892710494944 -0.0024136839224294937 0.10000000000000053
0.03506359984115526 0.002183516026490223 -0.1899999999999995
0.04075651582430306 -0.0013689368019248471 -0.010000000000000675
-0.014723979051034675 0.003633979053229777 -0.19000000000000128
0.11987932034213855 -0.0019352507060004798 -0.009999999999999343
0.06891142038349252 -0.0016309822595237666 -0.009999999999998899
0.06889841699947236 -0.0016308249975753586 -0.010000000000000675
0.007141741358588527 -0.000986180830494482 -0.009999999999999787
nan nan nan
-0.0019170419451139953 -0.0007489187592502611 -0.009999999999999787
0.11987932034213866 -0.0019352507060005075 -0.009999999999999787
0.06889841699947236 -0.0016308249975753586 -0.010000000000001119
-0.0019170419451139953 -0.0007489187592502056 -0.010000000000001119
0.10018631180268678 -0.001926820788080319 -0.010000000000001119
0.10018631180268678 -0.001926820788080319 -0.010000000000001119
-0.02456739910990452 0.00384837071714432 -0.19000000000000172
0.13846244600936009 -0.001558239179419163 -0.010000000000001119
0.030530206529552795 0.0032950610564574656 -0.18999999999999995
0.04386937793069429 0.0034516596509060055 -0.18999999999999995
0.04387410958657523 0.0034515370471132345 -0.19000000000000128
0.04386937793069429 0.0034516596509060055 -0.19000000000000128
0.13846244600936009 -0.001558239179419163 -0.010000000000001119
0.14707812823586086 0.0010120194041956798 -0.18999999999999995
0.13032627327463409 0.0009649451332434944 -0.18999999999999995
0.025002248715557618 0.002517029162878326 -0.18999999999999995
0.02504504682431391 0.0025155042006731188 -0.18999999999999995
0.14707812823586086 0.0010120194041957076 -0.19000000000000128
0.151684581097272 0.0007766082319998757 -0.18999999999999817
0.151684581097272 0.0007766082319998757 -0.18999999999999906
0.19715776155538622 0.0004552197144435943 -0.18999999999999995
0.025002248715557562 0.002517029162878326 -0.1899999999999995
0.13032627327463409 0.0009649451332434944 -0.18999999999999906
0.23839883664016015 0.001386789539463279 -0.18999999999999995
0.02231968247979299 0.0033122537918656436 -0.18999999999999995
0.041331277521898024 -0.004200636064942337 0.10000000000000031
nan nan nan
nan nan nan
nan nan nan
nan nan nan
-0.024591697857587913 0.0038489791013595898 -0.18999999999999995
nan nan nan
0.05934035014365907 0.0023887485465546726 -0.009999999999999787
0.025045046824313855 0.0025155042006731188 -0.18999999999999995
nan nan nan
0.12241819341096183 -0.006075157361150302 0.0
0.05923883862001822 0.00239224157720086 -0.009999999999999787
0.06997665849285328 0.002249693877638917 -0.010000000000001119
0.16115080928260184 -0.010033399546547778 0.0
0.16119056954450628 -0.010036085166930192 0.0
0.15630708446850128 -0.007970983473631399 0.0
nan nan nan
0.12185079574332358 -0.007769782467538816 0.0
0.02231968247979299 0.0033122537918656436 -0.18999999999999906
nan nan nan
nan nan nan
0.03317891383035443 0.002570724502447372 -0.010000000000001119
nan nan nan
0.15630708446850128 -0.007970983473631399 0.0
nan nan nan
nan nan nan
-0.04431213038100995 -0.0011878259469444152 0.09999999999999964
0.12022871913569388 -0.0008504343210960774 -0.1600000000000006
0.045851451464995197 0.00026653337335660887 -0.15999999999999992
0.03913348197454408 0.003462262182628767 -0.19000000000000172
0.04033672345233408 -0.0012698770558135786 0.0
0.027133164776217522 0.0025549457316295376 -0.009999999999999343
0.20256548840848665 -0.008143118872954214 0.10000000000000009
0.03317891383035437 0.002570724502447372 -0.010000000000001119
0.04133127752189791 -0.004200636064942337 0.10000000000000009
0.23839883664016004 0.001386789539463279 -0.18999999999999995
nan nan nan
0.05696032661273426 -0.0022497946135691393 0.0
nan nan nan
0.009096401558515155 0.0006065333442276111 0.0
nan nan nan
-0.039005175002304604 0.0038304458287353182 0.0
nan nan nan
0.015161790191043523 0.0033355575163448448 -0.18999999999999773
0.12185079574332358 -0.007769782467538816 0.0
nan nan nan
0.11164991115127987 -0.007245456793933874 0.0
nan nan nan
-0.029088152016578994 0.0002383030661061991 -0.010000000000001119
0.0435435697046907 0.0003408266651233338 -0.1600000000000006
0.036961230278992285 -0.004644744590538541 0.10000000000000053
nan nan nan
-0.01651489271049489 -0.0024136839224294937 0.10000000000000009
0.0355201692791956 -0.004230373864763881 0.09999999999999964
-0.024567399109904575 0.00384837071714432 -0.19000000000000217
0.036961230278992285 -0.004644744590538541 0.10000000000000075
nan nan nan
0.026606557584895385 -0.00046995932489540815 0.0
-0.044312130381010006 -0.0011878259469444152 0.09999999999999964
nan nan nan
nan nan nan
nan nan nan
nan nan nan
-0.03448752610342748 -0.0016393490050682913 0.09999999999999987
0.22321411243305855 0.0007107521740463418 -0.18999999999999995
nan nan nan
0.05923883862001822 0.00239224157720086 -0.010000000000000675
0.15396098351296283 -0.007313149612359071 0.10000000000000009
-0.014723979051034675 0.003633979053229777 -0.19000000000000217
nan nan nan
0.0661894656947018 -0.0027893286307831555 0.0
0.20256548840848676 -0.008143118872954214 0.09999999999999964
0.19715776155538622 0.0004552197144435943 -0.18999999999999995
nan nan nan
0.1387788806263518 -0.006973792806828638 0.0
0.22321411243305866 0.0007107521740463418 -0.18999999999999995
0.04387410958657523 0.0034515370471132345 -0.18999999999999995
-0.024591697857587913 0.0038489791013595898 -0.1900000000000004
nan nan nan
0.040756515824303174 -0.0013689368019248471 -0.009999999999999787
-0.029088152016579105 0.00023830306610622687 -0.010000000000000675
0.12469261966269318 -0.0030316390731264797 0.0
0.0628064607498689 -0.0002678205244338039 0.0
0.6 -0.019813042348990673 0.10000000000000009
0.6 -0.0257503759713143 0.0
0.6 -0.02575037597131427 0.0
0.07628096361206066 -2.6673913019858997e-05 0.0
0.6 -0.0257503759713143 0.0
0.06007873489293741 0.0009231482463947782 0.0
-0.023693065648854483 0.006898666425743882 0.0
0.06280646074986895 -0.0002678205244338039 0.0
0.00448618799649303 0.004512957484459845 0.0
0.0762809636120606 -2.6673913019858997e-05 0.0
-0.023693065648854483 0.006898666425743827 0.0
0.14772380133715757 -0.004431543508199909 0.0
0.6 -0.0257503759713143 0.0
0.16743185790291137 -0.005346330127504073 0.0
-0.046355241111133094 -0.0031922673160749704 0.10000000000000053
0.6 -0.02575037597131427 0.0
0.16743185790291137 -0.005346330127504073 0.0
0.02604657553948403 0.0019593107685196842 0.0
0.004486187996493141 0.004512957484459734 0.0
0.06007873489293741 0.0009231482463947227 0.0
0.026046575539483974 0.0019593107685196842 0.0
0.6 -0.0257503759713143 0.0
0.6 -0.019813042348990673 0.10000000000000009
0.12469261966269318 -0.0030316390731264797 0.0
0.010746069027954774 0.0013561510539151778 -0.1600000000000006
0.014264816979841277 0.0010644343721310512 -0.1600000000000006
0.6 -0.009290027796741152 -0.15999999999999992
-0.036255327906513646 -0.0038255645997148646 0.10000000000000031
-0.03619420644598681 -0.0038286172154126663 0.10000000000000009
-0.0462926187522959 -0.0031952502150236484 0.10000000000000053
-0.0002315296890190166 -0.005248396176264575 0.10000000000000009
-0.04635524111113315 -0.0031922673160749704 0.10000000000000009
0.007043804315110147 0.001249261266146523 -0.1600000000000006
0.6 -0.019813042348990645 0.10000000000000009
0.6 -0.019813042348990645 0.10000000000000009
0.007043804315110147 0.001249261266146523 -0.16000000000000103
0.08056452322561602 -0.007780535434905117 0.10000000000000031
-0.0462926187522959 -0.0031952502150236484 0.10000000000000009
0.08056452322561602 -0.007780535434905117 0.10000000000000009
0.6 -0.019813042348990645 0.10000000000000009
0.010746069027954663 0.0013561510539151778 -0.1600000000000006
0.6 -0.00915852645373516 -0.15999999999999992
0.18213299438022146 -0.01017560128011799 0.10000000000000009
0.02322007685870492 -0.006068171893961277 0.09999999999999964
0.02322007685870492 -0.006068171893961277 0.09999999999999964
0.18213299438022157 -0.01017560128011799 0.10000000000000009
-0.036255327906513646 -0.0038255645997148646 0.10000000000000009
-0.036194206445986865 -0.003828617215412722 0.10000000000000031
-0.0002315296890190166 -0.005248396176264575 0.09999999999999987
0.1522378050120219 -0.009567048182846621 0.10000000000000009
0.16565601822661435 -0.0016062144551139412 -0.15999999999999948
0.014374377032706942 0.0010611263527209869 -0.1600000000000006
0.6 -0.019813042348990673 0.10000000000000009
0.1522378050120219 -0.009567048182846677 0.09999999999999987
0.014411043153306657 0.001059930940487952 -0.15999999999999992
0.1648152776379178 -0.0019106363327305587 -0.16000000000000036
0.13800842058824192 -0.0014709686457863302 -0.1600000000000008
nan nan nan
0.020014912491470194 -5.1858458175402244e-05 -0.009999999999998899
0.014374377032706775 0.0010611263527209869 -0.1600000000000006
nan nan nan
0.014411043153306546 0.001059930940487952 -0.15999999999999948
0.6 -0.009290027796741152 -0.15999999999999992
0.6 -0.00915852645373516 -0.15999999999999992
0.14942051321546546 -0.001232901760673616 -0.009999999999999787
0.014264816979840944 0.0010644343721310512 -0.16000000000000103
0.6 -0.00915852645373516 -0.15999999999999992
0.14942051321546546 -0.001232901760673616 -0.009999999999999787
-0.008489548344639886 0.0024725449203471805 -0.18999999999999906
-0.012564124199194504 0.0010337462796301544 -0.009999999999999787
0.08878048276491673 0.0010545533107772787 -0.18999999999999995
-0.0390920036726633 0.002777187978345891 -0.1600000000000006
0.6 -0.00915852645373516 -0.15999999999999992
0.15424757002735112 -0.0011708357762326704 -0.010000000000000675
0.15424757002735112 -0.0011708357762326704 -0.010000000000001119
0.0685334932950743 -0.0004767743600553598 -0.1599999999999997
-0.008475419246159188 0.002472109133922401 -0.18999999999999995
0.012407072903699246 0.002117738170659633 -0.010000000000001119
0.19748680741858593 -0.0007981961926317727 -0.009999999999999787
0.051659609671784734 0.0009014557819719271 -0.18999999999999995
0.13800842058824236 -0.0014709686457863302 -0.1600000000000006
0.012159249309874054 0.002127260041891177 -0.009999999999999787
0.022148880291782025 0.0008714477335906023 -0.1600000000000008
-0.01254401174953379 0.0010328722558676506 -0.010000000000001119
-0.00847615210616215 0.002471806971771101 -0.18999999999999995
0.022148880291782025 0.0008714477335906579 -0.16000000000000103
0.05165960967178468 0.0009014557819719271 -0.18999999999999995
0.02219520101258521 0.0008703690826449284 -0.16000000000000103
0.08878048276491673 0.0010545533107772787 -0.18999999999999995
0.042060165450501785 0.00048710438425592084 -0.15999999999999992
-0.008475419246159133 0.002472109133922401 -0.18999999999999906
-0.008489548344639886 0.0024725449203471805 -0.18999999999999906
-0.01988468274543309 0.0037185508648546195 -0.18999999999999906
0.6 -0.002530560937962445 -0.18999999999999995
0.6 -0.002530560937962445 -0.18999999999999995
0.6 -0.002530560937962445 -0.18999999999999995
-0.00847615210616215 0.0024718069717710733 -0.18999999999999906
0.6 -0.002530560937962445 -0.18999999999999995
0.6 -0.002530560937962445 -0.18999999999999995
-0.020941118787209778 0.00378907268413331 -0.1900000000000004
0.24055399734784544 -0.0006296860498572476 -0.18999999999999817
0.24055399734784555 -0.0006296860498572476 -0.18999999999999906
0.040775619092157156 0.00028924741863806114 -0.009999999999999787
0.022195201012585153 0.0008703690826449839 -0.1600000000000006
0.6 -0.002530560937962445 -0.18999999999999995
0.2545697206671147 8.944740832972364e-05 -0.18999999999999773
0.012407072903699079 0.002117738170659633 -0.009999999999999787
0.2545697206671146 8.94474083297514e-05 -0.18999999999999906
0.14772380133715757 -0.004431543508199909 0.0
0.04325905757787396 6.139040542915697e-05 -0.010000000000000675
0.11142941500682468 -0.0010673501738407143 -0.010000000000001119
0.6 -0.00915852645373516 -0.15999999999999992
0.040775619092157156 0.0002892474186380889 -0.010000000000001119
0.04325905757787407 6.139040542915697e-05 -0.010000000000001119
-0.020891455516809265 0.0014680569391160858 -0.010000000000000675
0.1175832566452647 4.5601850958920664e-05 -0.010000000000000675
0.020014912491470138 -5.1858458175402244e-05 -0.009999999999998899
0.017686001492322634 0.0018913954842226244 -0.009999999999999787
-0.012564124199194726 0.0010337462796301544 -0.009999999999999787
-0.02089145551680932 0.0014680569391161136 -0.009999999999998899
0.20075419211963763 -0.00047035188499358616 -0.18999999999999995
0.16565601822661435 -0.001606214455113969 -0.1599999999999988
0.11919330047840726 -0.00101303121579438 -0.15999999999999992
0.14053821684902057 0.0006856701195628867 -0.19000000000000128
-0.012544011749533901 0.0010328722558676784 -0.010000000000001563
-0.008534599591855652 0.0013057592533295692 -0.16000000000000036
0.0522737598023984 0.0025082662645690146 -0.18999999999999995
0.017686001492322634 0.0018913954842226799 -0.009999999999999787
0.1114294150068249 -0.0010673501738407143 -0.010000000000000675
0.01215924930987411 0.002127260041891177 -0.009999999999999787
0.6 -0.009290027796741152 -0.15999999999999992
0.18352877424942493 -0.0016863889714708868 -0.16000000000000036
0.04206016545050201 0.00048710438425592084 -0.15999999999999925
-0.020896756547505835 0.0037864168114198904 -0.18999999999999995
0.18352877424942482 -0.0016863889714708868 -0.1599999999999997
0.6 -0.009290027796741152 -0.15999999999999992
0.006877890591971414 0.0030274964479593547 -0.18999999999999995
-0.039527684944304975 0.0027962412702292883 -0.1600000000000006
0.1648152776379178 -0.0019106363327305587 -0.1599999999999997
0.19738768874347346 -0.007904119669332188 0.10000000000000009
-0.039527684944304975 0.0027962412702292883 -0.1600000000000008
0.6 -0.009290027796741152 -0.15999999999999992
0.14053821684902046 0.0006856701195628867 -0.19000000000000128
0.6 -0.00915852645373516 -0.15999999999999992
nan nan nan
nan nan nan
0.11919330047840726 -0.00101303121579438 -0.15999999999999992
0.01771566092415633 0.0018899773309076773 -0.010000000000001119
0.19748680741858593 -0.0007981961926317727 -0.009999999999999787
0.1580364379685033 0.0014761203109974197 -0.18999999999999906
0.6 -0.006742861322555804 -0.009999999999999787
nan nan nan
0.6 -0.0027627349022976144 -0.18999999999999995
0.6 -0.0067428613225558875 -0.009999999999999787
0.1175832566452647 4.5601850958920664e-05 -0.010000000000000675
0.6 -0.009290027796741152 -0.15999999999999992
-0.01988468274543309 0.0037185508648546195 -0.18999999999999995
0.20075419211963763 -0.0004703518849935584 -0.18999999999999995
nan nan nan
0.6 -0.00674286132255586 -0.009999999999999787
nan nan nan
-0.03873091240244836 0.002760964607150168 -0.15999999999999948
0.026212442366601585 0.0017217507483950345 -0.009999999999999343
-0.03873091240244836 0.002760964607150168 -0.15999999999999948
-0.008261512676470795 0.003279219899493646 -0.19000000000000128
0.20347922747862757 -0.00038143556736616735 -0.009999999999999787
-0.020941118787209778 0.00378907268413331 -0.18999999999999995
0.05227375980239851 0.0025082662645690146 -0.19000000000000128
-0.03909200367266341 0.002777187978345891 -0.1600000000000008
0.6 -0.006742861322555804 -0.009999999999999787
0.006877890591971414 0.00302749644795941 -0.18999999999999995
0.6 -0.0067428613225558875 -0.009999999999999787
nan nan nan
nan nan nan
nan nan nan
0.6 -0.00276273490229767 -0.18999999999999995
0.0685334932950743 -0.0004767743600553598 -0.15999999999999948
nan nan nan
0.15803643796850342 0.0014761203109974197 -0.18999999999999995
0.05466373282977738 0.0012813246562458636 -0.010000000000000675
0.19738768874347346 -0.007904119669332188 0.10000000000000031
-0.008534599591855652 0.0013057592533295692 -0.15999999999999992
0.01771566092415633 0.0018899773309077328 -0.010000000000001119
nan nan nan
-0.008261512676470961 0.003279219899493646 -0.19000000000000128
-0.020896756547505835 0.003786416811419835 -0.1900000000000004
0.6 -0.0027627349022976144 -0.18999999999999995
0.6 -0.006742861322555804 -0.009999999999999787
0.6 -0.00276273490229767 -0.18999999999999995
0.13788370325310062 0.001514514089259622 -0.18999999999999995
0.20347922747862757 -0.00038143556736616735 -0.009999999999999787
0.02621244236660164 0.0017217507483950345 -0.009999999999999787
0.08696712649854926 0.001896430675396077 -0.18999999999999995
0.6 -0.0027627349022976144 -0.18999999999999995
0.0869671264985491 0.001896430675396077 -0.1900000000000004
0.05466373282977732 0.0012813246562458636 -0.009999999999999787
0.6 -0.00276273490229767 -0.18999999999999995
0.13788370325310062 0.0015145140892596776 -0.19000000000000172
nan nan nan
-0.064803608640913 0.006888823143984472 0.0
-0.029783408149832102 0.004957805870823 0.0
-0.0049294641010815266 0.0038205431931198144 0.0
0.0019865788510039506 0.0035754062881194135 0.0
-0.014978652769637446 0.004255120139993358 0.0
nan nan nan
-0.09391097828470019 -0.0006001279297400269 0.10000000000000009
-0.0400254545222809 0.005535360292901199 0.0
0.0019865788510039506 0.0035754062881194135 0.0
nan nan nan
-0.002679769306733082 -0.00016262482348217838 -0.1600000000000006
-0.014978652769637446 0.004255120139993351 0.0
-0.00958733499519171 5.976958897820073e-05 -0.16000000000000036
0.06324626286207968 0.001533737981226177 0.0
nan nan nan
0.06328797637005434 0.0015309939408314488 0.0
0.042782263744782334 0.002516996476543548 0.0
nan nan nan
-0.010155839547733247 0.005790984785495876 0.0
0.022533790990965308 0.003753570877755158 0.0
-0.010155839547733136 0.005790984785495876 0.0
0.05599235143906578 0.0019389487226060265 0.0
-0.08655541359674657 -0.000728089967333187 0.10000000000000053
-0.09387287895059265 -0.000601540341640297 0.10000000000000075
-0.034450831089752165 0.007338395500524952 0.0
nan nan nan
-0.09399893467685089 -0.0005968331192064205 0.10000000000000053
0.06319406997612576 0.0015371724853677354 0.0
nan nan nan
-0.08655909244408577 -0.0007279488810150656 0.10000000000000075
nan nan nan
0.05599235143906578 0.0019389487226060265 0.0
-0.034450831089752165 0.007338395500524952 0.0
-0.09390005950460933 -0.0006005417500301868 0.10000000000000098
0.06328797637005434 0.0015309939408314488 0.0
-0.10075040496430532 -0.00019629340743492624 0.10000000000000031
-0.09391097828470019 -0.0006001279297400339 0.10000000000000053
-0.002679769306733082 -0.00016262482348217144 -0.1600000000000006
-0.06317388224623599 -0.0012612424364559782 0.09999999999999942
0.02208939679054156 0.003788540286031497 0.0
-0.09387287895059265 -0.0006015403416402901 0.10000000000000053
-0.07980506826378259 -0.0010010464301584976 0.10000000000000053
nan nan nan
0.06324626286207968 0.001533737981226177 0.0
nan nan nan
-0.10075040496430532 -0.00019629340743492624 0.10000000000000009
0.023043151466148104 -0.00041980656405916916 -0.1600000000000006
-0.07230754942362821 0.0019541141654803654 -0.1600000000000006
-0.012052417684234262 0.002040594936581673 -0.009999999999997566
nan nan nan
0.03079935425018132 -0.0005288435403389621 -0.1600000000000008
nan nan nan
-0.0026504790828491553 -0.00016325350542602257 -0.16000000000000103
0.06319406997612576 0.0015371724853677354 0.0
-0.07980506826378259 -0.0010010464301584976 0.10000000000000053
-0.08655541359674657 -0.000728089967333187 0.10000000000000009
0.0230411640201601 -0.00041974817878949466 -0.16000000000000103
-0.09390005950460939 -0.0006005417500301799 0.10000000000000053
0.03079935425018132 -0.000528843540338976 -0.16000000000000036
0.02304116402016021 -0.00041974817878949466 -0.16000000000000103
-0.04314123355661864 0.0007563353357980043 -0.15999999999999992
-0.0026504790828491553 -0.00016325350542601563 -0.1600000000000008
nan nan nan
-0.05151442824533298 0.0011695016294954313 -0.1900000000000004
-0.03876683149422844 0.0008162425062830936 -0.19000000000000128
nan nan nan
-0.05628289361946193 0.0014585618590528399 -0.15999999999999992
-0.00958733499519171 5.976958897820073e-05 -0.15999999999999992
0.023043151466148104 -0.00041980656405916916 -0.1599999999999997
nan nan nan
nan nan nan
0.03080350498750073 -0.0005289646590609307 -0.15999999999999992
nan nan nan
-0.012052417684234207 0.002040594936581673 -0.009999999999997566
-0.04320306149906139 0.0008460364488876299 -0.19000000000000128
-0.05746753750312317 -0.0008378049800435855 0.10000000000000009
-0.04783463901771584 0.0029147434262023764 -0.009999999999997566
-0.07230754942362827 0.0019541141654803654 -0.16000000000000103
-0.013824335557074408 0.0008392738915741216 -0.16000000000000103
-0.03778715131820015 0.002419676276117104 -0.009999999999998899
0.02208939679054156 0.003788540286031497 0.0
-0.05746753750312322 -0.0008378049800435855 0.10000000000000053
-0.026763330608487457 -0.002072875493951118 0.09999999999999964
nan nan nan
nan nan nan
nan nan nan
nan nan nan
nan nan nan
nan nan nan
-0.03775226985103197 0.0024186374000677094 -0.009999999999999343
-0.03775226985103197 0.0024186374000677094 -0.009999999999999343
nan nan nan
-0.0795628111652682 0.002251224146504735 -0.15999999999999992
-0.05283671527385991 0.0032733088425623835 -0.009999999999998899
-0.016161644146790333 0.0008680590046044184 -0.1599999999999997
-0.0795628111652682 0.002251224146504735 -0.15999999999999948
-0.04256840019547381 0.0012763964244351667 -0.15999999999999948
nan nan nan
-0.04337248568752261 0.0008476677881703726 -0.19000000000000128
-0.05628289361946193 0.0014585618590528399 -0.15999999999999992
-0.09562781967733303 0.008736575497047629 0.0
-0.04325574184566228 0.0008461495272509695 -0.19000000000000217
nan nan nan
nan nan nan
-0.04314123355661864 0.0007563353357980113 -0.1599999999999997
-0.026287304760816643 -0.0020703162560944816 0.09999999999999964
-0.051514428245333144 0.0011695016294954313 -0.19000000000000128
nan nan nan
-0.04337248568752261 0.0008476677881703726 -0.18999999999999995
-0.03866684906721479 0.0008154237369619802 -0.19000000000000128
-0.03678551523058465 -0.001578205682893144 0.10000000000000031
-0.043203061499061224 0.0008460364488876299 -0.18999999999999995
-0.04325574184566228 0.0008461495272509695 -0.19000000000000128
-0.0386668490672149 0.000815423736961994 -0.19000000000000172
-0.03876683149422844 0.0008162425062830936 -0.19000000000000128
-0.0367855152305846 -0.001578205682893144 0.10000000000000053
-0.08655909244408577 -0.0007279488810150656 0.10000000000000075
-0.026763330608487457 -0.002072875493951118 0.09999999999999987
-0.07590199539384135 0.0038694186815816517 -0.009999999999999787
-0.09399893467685089 -0.0005968331192064205 0.10000000000000009
0.0019570220851192754 0.0035771216970818115 0.0
-0.004929464101081471 0.0038205431931198144 0.0
-0.038619341264173934 0.0008151915859493514 -0.18999999999999995
-0.06480360864091311 0.006888823143984472 0.0
-0.026722019635921523 -0.0020741160594793667 0.09999999999999987
-0.026722019635921523 -0.0020741160594793667 0.09999999999999964
-0.029783408149832102 0.004957805870823 0.0
nan nan nan
nan nan nan
nan nan nan
nan nan nan
nan nan nan
0.03080350498750073 -0.0005289646590609307 -0.1600000000000006
-0.07583600325672002 0.00386663120120756 -0.010000000000000675
-0.08600153053603138 0.003998092372221887 -0.009999999999999787
-0.03861934126417388 0.0008151915859493514 -0.19000000000000128
nan nan nan
-0.06317388224623605 -0.0012612424364559782 0.09999999999999942
0.022533790990965308 0.003753570877755158 0.0
nan nan nan
-0.04783463901771584 0.0029147434262023625 -0.009999999999998455
nan nan nan
-0.0386338312876216 0.0008154388738638371 -0.19000000000000128
-0.012049838356693598 0.0020405312328753214 -0.009999999999998899
0.042782263744782334 0.002516996476543548 0.0
-0.0400254545222809 0.005535360292901199 0.0
-0.05283671527385991 0.0032733088425623835 -0.009999999999999343
-0.01205206747238452 0.0020405875068800344 -0.009999999999999787
0.0019570220851192754 0.0035771216970818115 0.0
-0.03778413687599014 0.002419582855548906 -0.009999999999998899
-0.03778715131820015 0.002419676276117104 -0.009999999999998455
-0.022255634521342327 -0.002111025194252658 0.09999999999999964
0.008761087633985642 0.00040149305925062106 -0.15999999999999948
nan nan nan
-0.038633831287621545 0.0008154388738638371 -0.18999999999999995
-0.013824335557074408 0.0008392738915741216 -0.16000000000000036
nan nan nan
-0.016161644146790333 0.0008680590046044184 -0.1599999999999988
-0.03110231814821718 0.0007162867783148189 -0.19000000000000128
-0.01205206747238452 0.0020405875068800275 -0.009999999999999787
nan nan nan
nan nan nan
-0.08624039823608098 0.002548317621806878 -0.1600000000000006
0.008702743593645867 0.00040193487760843694 -0.1600000000000008
nan nan nan
nan nan nan
0.008825933998535374 0.0004010761401577051 -0.1600000000000006
-0.03110231814821718 0.0007162867783148189 -0.19000000000000128
nan nan nan
-0.00511904079923281 0.0020209467340327955 -0.009999999999999343
-0.026287304760816366 -0.0020703162560944816 0.0999999999999992
-0.07590199539384135 0.0038694186815816517 -0.009999999999998899
0.008702743593645867 0.00040193487760843694 -0.15999999999999992
0.014517774114522597 0.0029974876177473533 0.0
-0.0425684001954737 0.0012763964244351667 -0.15999999999999948
-0.07583600325671985 0.0038666312012075182 -0.009999999999999787
-0.022255634521342327 -0.002111025194252658 0.10000000000000009
-0.022271245103581472 -0.0021104660309235884 0.09999999999999964
0.014517774114522597 0.0029974876177473464 0.0
nan nan nan
-0.09562781967733303 0.008736575497047636 0.0
-0.012049838356693598 0.0020405312328753075 -0.009999999999999787
0.008825933998535374 0.000401076140157719 -0.15999999999999992
-0.005119040799232977 0.0020209467340327955 -0.009999999999998899
-0.022263208986067373 -0.002110755565358044 0.09999999999999987
-0.02230898150339017 -0.0021090122336449996 0.10000000000000009
-0.022271245103581472 -0.0021104660309235607 0.09999999999999964
-0.022308981503390224 -0.0021090122336449996 0.09999999999999964
nan nan nan
0.008761087633985642 0.00040149305925062106 -0.15999999999999992
nan nan nan
-0.08594376802292253 0.003995544559930508 -0.010000000000001119
nan nan nan
-0.022263208986067318 -0.002110755565358044 0.09999999999999964
-0.08624039823608087 0.002548317621806878 -0.15999999999999992
nan nan nan
-0.03778413687599014 0.002419582855548899 -0.009999999999999787
-0.08600153053603143 0.003998092372221887 -0.009999999999998899
-0.08594376802292253 0.0039955445599304945 -0.010000000000001119
nan nan nan
0.03781160792941507 -0.0009868116648436565 0.0
nan nan nan
-0.020900279318825044 -0.005284574325469582 0.10000000000000098
0.09980444995867144 -0.00791572321147982 0.10000000000000009
0.05779921388324749 -0.002132204369213908 0.0
-0.010085265459418624 0.001866861855916252 0.0
0.03781160792941507 -0.0009868116648436565 0.0
-0.010085265459418569 0.001866861855916252 0.0
nan nan nan
nan nan nan
nan nan nan
0.0577992138832476 -0.002132204369213908 0.0
-0.06471383790668944 0.005448080341589723 0.0
0.08516072165277866 -0.003625706466073353 0.0
0.02585437663853085 -0.00031037460223579116 0.0
nan nan nan
-0.0647138379066895 0.005448080341589723 0.0
0.08516072165277866 -0.003625706466073353 0.0
0.02953441383921107 -0.0005010588210221101 0.0
nan nan nan
0.025854376638530963 -0.00031037460223579116 0.0
0.07734607434050411 -0.003154230129199992 0.0
0.029534413839211182 -0.0005010588210221101 0.0
0.07734607434050411 -0.003154230129199992 0.0
0.0781858283612803 -0.0032596112801275556 0.0
0.0781858283612803 -0.0032596112801275556 0.0
0.04894372677037839 0.0012772753737252118 0.0
-0.12869953505792348 0.01222239166987818 0.0
-0.06254199857455128 0.007710283532361806 0.0
-0.020900279318825044 -0.005284574325469554 0.1000000000000012
-0.06254199857455128 0.007710283532361806 0.0
nan nan nan
-0.06376847493596105 -0.0033139882922328112 0.09999999999999987
-0.049063280316822055 -0.00404366442847684 0.10000000000000031
-0.049063280316822055 -0.00404366442847684 0.10000000000000031
nan nan nan
-0.06376847493596105 -0.0033139882922327557 0.10000000000000031
-0.0055771554393617695 -0.005715092632717467 0.10000000000000009
0.02023869502921094 -0.00642215863151821 0.10000000000000009
0.0025244899879391935 -0.006232467949556286 0.10000000000000009
nan nan nan
-0.07879271963034201 0.0022579882428211406 -0.15999999999999948
0.0025244899879393046 -0.006232467949556286 0.10000000000000009
-0.07896127802275438 0.0022633643097333678 -0.15999999999999948
0.09141591647911829 -0.0013825965215912006 -0.15999999999999992
nan nan nan
0.09702380981405923 -0.0021143133204393483 -0.15999999999999948
0.0088074727054962 -0.00020531282837613074 -0.15999999999999992
0.11656479633825467 -0.0020457489516043925 -0.15999999999999925
-0.029229239399595763 0.0010857612061111188 -0.15999999999999992
-0.07879271963034207 0.0022579882428211406 -0.15999999999999925
0.0033345567948522836 -0.00019180228354906403 -0.1600000000000006
0.06008081539577381 0.00026514456496801175 -0.009999999999998899
-0.029229239399595763 0.001085761206111091 -0.1600000000000006
0.09141591647911829 -0.0013825965215912006 -0.16000000000000036
-0.08203682833084308 0.001284478126168831 -0.009999999999999787
0.11656479633825467 -0.0020457489516043925 -0.15999999999999925
0.0088074727054962 -0.00020531282837613074 -0.15999999999999992
0.09702380981405911 -0.0021143133204393483 -0.1599999999999997
-0.05474349895125813 0.0002932013872498085 -0.009999999999999787
nan nan nan
nan nan nan
-0.04027820016582029 0.003733206352528398 -0.18999999999999995
nan nan nan
-0.045492794869680275 4.8573809747487484e-05 -0.009999999999998899
-0.07896127802275438 0.0022633643097333678 -0.15999999999999992
-0.01332744910087763 -0.0003205263222489929 -0.009999999999998899
-0.027266930212023366 0.003659478242669198 -0.010000000000001119
0.02023869502921105 -0.0064221586315182655 0.10000000000000031
-0.054743498951258185 0.0002932013872498085 -0.009999999999999787
nan nan nan
-0.03238597018110917 0.0038297699499144494 -0.009999999999999343
-0.032385970181109225 0.0038297699499144494 -0.009999999999999787
nan nan nan
0.004621880641005882 -0.0005149230762660495 -0.009999999999998899
nan nan nan
nan nan nan
-0.0929473504839981 0.004188236023783043 -0.1900000000000004
nan nan nan
-0.03248614086911772 0.003833276971822258 -0.010000000000001119
nan nan nan
0.03286262563604625 -0.0007654582049198555 -0.010000000000000675
-0.08203682833084308 0.0012844781261688032 -0.009999999999999343
0.004621880641005882 -0.0005149230762660495 -0.009999999999999787
0.0413116988661254 -0.0008842393990462494 -0.009999999999999343
nan nan nan
-0.06994919187107557 0.0038658382310199496 -0.009999999999998899
-0.013327449100877686 -0.0003205263222489929 -0.009999999999999787
0.011386891226153772 -0.0005410278138276714 -0.009999999999998899
-0.06994919187107562 0.0038658382310199496 -0.009999999999999787
nan nan nan
-0.04549279486968033 4.8573809747487484e-05 -0.009999999999998899
0.03286262563604625 -0.0007654582049198555 -0.009999999999999787
nan nan nan
0.0413116988661254 -0.0008842393990462494 -0.009999999999998899
0.028793604299330755 0.0015566298978724469 -0.19000000000000128
nan nan nan
0.06008081539577381 0.0002651445649680395 -0.009999999999998899
nan nan nan
-0.047059073324710765 0.003759734989701169 -0.18999999999999906
-0.04371457222804004 0.0024174567238417766 -0.1900000000000004
nan nan nan
0.011386891226153883 -0.0005410278138276714 -0.009999999999998455
nan nan nan
-0.04371457222803932 0.002417456723841749 -0.18999999999999995
-0.05472676831113488 0.002779107132154318 -0.19000000000000128
-0.02561555847023611 0.0036971422292815387 -0.18999999999999995
-0.05014940912971483 -0.001152601314828361 0.10000000000000009
-0.03132418575108514 0.0037283132701105975 -0.19000000000000172
0.07376651477812235 0.001077026993220015 -0.1899999999999995
0.028793604299331088 0.0015566298978724191 -0.19000000000000128
0.0033345567948522836 -0.00019180228354906403 -0.15999999999999992
nan nan nan
0.07376651477812235 0.001077026993220015 -0.18999999999999906
0.10470432243943317 -0.00791411929661559 0.10000000000000009
0.032663059009145456 -0.003750425666507018 0.09999999999999942
-0.02561555847023622 0.0036971422292815387 -0.18999999999999995
nan nan nan
-0.03132418575108514 0.00372831327011057 -0.19000000000000128
nan nan nan
-0.03131458172152285 0.0037281119971855764 -0.19000000000000128
-0.050149409129714884 -0.001152601314828361 0.09999999999999987
-0.047059073324710765 0.0037597349897011273 -0.1900000000000004
-0.04031715539476788 0.0037336394883427937 -0.1899999999999995
-0.03248614086911772 0.0038332769718222165 -0.010000000000001119
0.08782434549365914 -0.00807936517059124 0.09999999999999964
-0.05501356888575365 0.002785679383470324 -0.19000000000000172
-0.050500511977844886 -0.0010283816324490602 0.10000000000000031
-0.055013568885753705 0.002785679383470324 -0.19000000000000217
nan nan nan
-0.05472676831113504 0.002779107132154346 -0.19000000000000128
-0.07916930422011942 0.0022694476010721165 -0.1600000000000006
nan nan nan
0.10470432243943317 -0.00791411929661559 0.10000000000000031
-0.0055771554393617695 -0.005715092632717467 0.10000000000000009
0.09980444995867144 -0.00791572321147982 0.10000000000000009
0.08782434549365925 -0.008079365170591296 0.09999999999999964
-0.08992160814748013 0.004114915680657513 -0.18999999999999995
-0.06382020121240423 0.007826852466447598 0.0
-0.06382020121240423 0.007826852466447598 0.0
-0.0929473504839981 0.004188236023783043 -0.18999999999999995
0.11284586126558394 0.0008444897860258871 -0.18999999999999906
nan nan nan
-0.07916930422011936 0.0022694476010721165 -0.1599999999999997
nan nan nan
-0.04027820016582029 0.003733206352528398 -0.18999999999999995
0.12065058708212528 0.0007738835287880164 -0.18999999999999906
-0.02726693021202331 0.003659478242669198 -0.010000000000001119
nan nan nan
nan nan nan
-0.06975178435962598 0.003893229219993674 -0.010000000000001119
0.12064350249122202 0.0007741292793639609 -0.18999999999999906
nan nan nan
0.06510523365568621 0.0013264541925797901 -0.19000000000000217
-0.12869953505792336 0.012222391669878152 0.0
0.06925858585215461 0.00045258100801429113 0.0
-0.06975178435962592 0.003893229219993688 -0.010000000000001563
0.06510523365568621 0.0013264541925797901 -0.19000000000000128
-0.04031715539476788 0.0037336394883427937 -0.1899999999999995
0.11284586126558405 0.0008444897860258871 -0.18999999999999906
nan nan nan
nan nan nan
nan nan nan
0.12064350249122213 0.0007741292793639609 -0.18999999999999906
nan nan nan
-0.01979447991398564 0.005070486931054996 0.0
0.06925858585215472 0.0004525810080143189 0.0
-0.044095839337295495 0.006495355377658829 0.0
0.07491576158181112 -6.930044942601854e-05 0.0
nan nan nan
-0.031314581721522794 0.0037281119971855764 -0.18999999999999906
0.04894372677037839 0.0012772753737252118 0.0
-0.050500511977844886 -0.0010283816324490602 0.10000000000000009
nan nan nan
-0.01979447991398564 0.005070486931054996 0.0
-0.01978883087256955 0.0050701422325241385 0.0
0.07491576158181112 -6.930044942601854e-05 0.0
nan nan nan
-0.01978883087256955 0.0050701422325241385 0.0
-0.1091684173169794 0.0008287264431853791 0.10000000000000031
0.12065058708212506 0.0007738835287880164 -0.1899999999999995
nan nan nan
-0.1091684173169794 0.0008287264431853791 0.10000000000000009
nan nan nan
-0.11914129376607507 0.001272667273617134 0.10000000000000031
-0.09119166896224079 6.807790359952826e-05 0.10000000000000009
-0.044095839337295495 0.006495355377658829 0.0
nan nan nan
-0.08347194005212971 0.00398215375718787 -0.19000000000000128
-0.09119166896224079 6.807790359955601e-05 0.10000000000000009
0.10019122236403333 -0.00449719604536572 0.10000000000000031
-0.11914129376607496 0.001272667273617134 0.10000000000000009
nan nan nan
-0.055479275482929746 -0.0014647237051798878 0.10000000000000031
0.032663059009145456 -0.003750425666507018 0.09999999999999964
-0.055479275482929635 -0.0014647237051798878 0.10000000000000053
0.10019122236403333 -0.00449719604536572 0.10000000000000009
-0.08347194005212971 0.003982153757187898 -0.18999999999999995
-0.08992160814748718 0.004114915680657666 -0.1899999999999995
-0.011215202271587454 0.009278774068877726 0.0
-0.024116266906241246 0.009965546969398664 0.0
-0.05474061468243768 0.011788488328705105 0.0
0.5 -0.017079268820743038 0.0
-0.06420656446441231 0.012605551753348931 0.0
0.5 -0.017079268820743038 0.0
0.5 -0.017079268820743038 0.0
0.5 -0.017079268820743038 0.0
0.028559835271191547 0.006190105949155755 0.0
-0.01100785500553586 0.009269809872262724 0.0
-0.01100785500553586 0.009269809872262724 0.0
0.5 -0.017079268820743038 0.0
0.09692271637147121 0.0014410812880920054 0.0
0.028559835271191547 0.006190105949155755 0.0
-0.10656253605031002 0.015436924863823809 0.0
0.08688764595936271 0.0017994537152954404 0.0
-0.10656253605030985 0.015436924863823809 0.0
0.08688764595936271 0.0017994537152954404 0.0
-0.05474061468243774 0.011788488328705105 0.0
-0.024116266906241246 0.009965546969398664 0.0
-0.0642065644644122 0.012605551753348931 0.0
-0.011215202271587454 0.009278774068877726 0.0
0.5 -0.017079268820743038 0.0
nan nan nan
-0.13247949527176273 -0.0009443868700369229 0.10000000000000053
nan nan nan
0.5 -0.005911306113928649 -0.15999999999999992
0.5 -0.005911306113928649 -0.15999999999999992
0.5 -0.016413873069635154 0.10000000000000009
0.009512502654507426 -0.00588404101821452 0.10000000000000009
0.5 -0.016413873069635182 0.10000000000000009
0.5 -0.016413873069635154 0.10000000000000009
0.5 -0.005911306113928649 -0.15999999999999992
-0.12244386711640098 -0.0015746333629965692 0.10000000000000053
0.5 -0.016413873069635154 0.10000000000000009
0.5 -0.016413873069635182 0.10000000000000009
0.5 -0.005911306113928649 -0.15999999999999992
0.0324141590514323 0.0002959748284121766 -0.16000000000000036
0.5 -0.005911306113928677 -0.15999999999999992
0.09692271637147121 0.0014410812880920054 0.0
0.1177540111843155 -0.0002778895711778029 -0.15999999999999992
0.5 -0.016413873069635154 0.10000000000000009
-0.05833837969051847 0.0030585239331077374 -0.15999999999999992
-0.05836462474574694 0.0030596060473392916 -0.15999999999999992
-0.05022705677533795 0.0021708719293170864 -0.1600000000000006
-0.05275290827506196 0.0023528315008223832 -0.1599999999999997
0.04471442099634204 0.0008680543185497491 -0.15999999999999948
-0.12244386711640098 -0.0015746333629965692 0.10000000000000053
-0.05277572895502858 0.003906554752935165 -0.010000000000001119
0.10333013433985472 -0.0003745803529317526 -0.15999999999999948
0.0801096643921495 0.00022978069181106564 -0.15999999999999925
0.0324141590514323 0.0002959748284121766 -0.15999999999999948
0.5 -0.005267467367506606 -0.15999999999999992
-0.05275290827506196 0.0023528315008223832 -0.1599999999999997
0.009512502654507538 -0.00588404101821452 0.10000000000000009
0.1177540111843155 -0.0002778895711778029 -0.15999999999999948
0.5 -0.002293923245734103 -0.009999999999999787
0.10333013433985472 -0.0003745803529317526 -0.15999999999999992
-0.08868118363442773 0.003519566404231428 -0.15999999999999992
0.5 -0.005267467367506606 -0.15999999999999992
-0.05829398549690468 0.003056814618405679 -0.16000000000000036
-0.018490001002543 0.001849304626675985 -0.15999999999999992
-0.043103009208832144 0.0027356089207802303 -0.1599999999999997
0.5 -0.005267467367506606 -0.15999999999999992
-0.018490001002543 0.001849304626675985 -0.1599999999999997
-0.04310300920883203 0.002735608920780175 -0.15999999999999992
0.04471442099634204 0.0008680543185497491 -0.15999999999999948
-0.058317092902720025 0.0030576233585904444 -0.1600000000000006
-0.058364624745746885 0.0030596060473392916 -0.15999999999999948
-0.05830060865071901 0.003057050232639469 -0.1599999999999997
-0.058300608650719066 0.0030570502326394133 -0.1600000000000006
-0.058317092902720025 0.0030576233585904444 -0.15999999999999992
0.5 0.001119923079432955 -0.18999999999999995
0.5 0.001119923079432955 -0.18999999999999995
0.05571900320434198 -0.00603747006134267 0.10000000000000009
-0.05829398549690473 0.003056814618405679 -0.15999999999999992
-0.06070707669876918 0.0015135688528675473 -0.009999999999998899
-0.056101179479058794 -0.004004055009614538 0.10000000000000009
-0.0606904142807525 0.001513432336381959 -0.009999999999998899
0.0801096643921495 0.00022978069181106564 -0.15999999999999948
-0.06898101849682065 0.0019487817335100965 -0.010000000000000675
-0.05833837969051847 0.003058523933107682 -0.15999999999999948
-0.05285731475358135 0.003910636851359839 -0.009999999999999787
-0.02835192911689355 0.00042369930226221486 -0.009999999999999787
-0.060707076698769125 0.001513568852867575 -0.009999999999999787
-0.02835192911689355 0.00042369930226221486 -0.009999999999999787
-0.0606904142807525 0.001513432336381959 -0.009999999999999343
-0.052816967412138094 0.003909070703924822 -0.010000000000001119
0.08408131548961806 -0.0010496815298902396 -0.009999999999998899
0.06172584882365695 -0.00094131107741241 -0.009999999999999787
-0.0689810184968207 0.0019487817335100965 -0.009999999999999787
-0.05285731475358141 0.003910636851359894 -0.009999999999999343
-0.04434579339368766 0.0037422321454642082 -0.009999999999999343
0.1049519399369746 -0.004551042052550303 0.09999999999999964
-0.003993650347596744 0.00020389866678247048 -0.010000000000000675
0.08960220705597044 -0.0007551039670282977 -0.009999999999998455
0.10767856492177719 0.0013516563471723253 -0.010000000000000675
-0.052784538817306104 0.003906992559798206 -0.010000000000001119
0.03332712679592409 0.002195022613325548 -0.010000000000001119
0.03332712679592409 0.002195022613325548 -0.010000000000001119
-0.024500992376451813 0.0006961678008100824 -0.1900000000000004
-0.05277572895502858 0.003906554752935221 -0.009999999999999787
-0.04434579339368755 0.0037422321454642637 -0.009999999999999787
0.1433122362191539 -0.00048803659238122465 -0.1899999999999995
-0.018108714743463095 0.0008656361867839524 -0.009999999999999787
-0.052784538817306215 0.003906992559798206 -0.010000000000001119
0.5 0.0011199230794329273 -0.18999999999999995
0.5 0.001119923079432955 -0.18999999999999995
0.5 0.001119923079432955 -0.18999999999999995
0.14805614368552167 -0.0007202550492945992 -0.18999999999999906
0.12971952641619888 -0.0008719783538964354 -0.19000000000000128
0.1433122362191539 -0.0004880365923812524 -0.18999999999999995
0.14805614368552167 -0.0007202550492945992 -0.18999999999999906
-0.052816967412138094 0.003909070703924822 -0.010000000000000675
0.07056065784057153 0.0003979716314089221 -0.18999999999999995
-0.05989234167015506 0.001962905908019258 -0.18999999999999773
-0.05989234167015489 0.001962905908019258 -0.18999999999999773
0.07056065784057153 0.0003979716314089221 -0.18999999999999995
-0.024500992376451813 0.0006961678008100824 -0.19000000000000128
0.12971952641619888 -0.0008719783538964354 -0.1900000000000004
-0.05223642810143825 0.0017545907369262148 -0.18999999999999995
0.04090894659577837 0.0005596922430254891 -0.18999999999999995
0.5 0.0011199230794329273 -0.18999999999999995
0.04090894659577837 0.0005596922430254891 -0.18999999999999995
-0.12242803226685034 -0.0015753353184634056 0.09999999999999964
-0.13243127125725707 -7.007482807183663e-05 0.09999999999999964
-0.056101179479058794 -0.00400405500961451 0.10000000000000009
-0.07959439721101091 -0.0031847982594442326 0.09999999999999987
-0.12242803226685017 -0.0015753353184634056 0.10000000000000009
-0.13243127125725707 -7.007482807183663e-05 0.09999999999999987
-0.1324794952717629 -0.0009443868700369229 0.10000000000000009
-0.08868118363442784 0.0035195664042314 -0.15999999999999948
-0.09798731649998532 0.00397567346061789 -0.16000000000000036
-0.003993650347596744 0.00020389866678247048 -0.009999999999999787
nan nan nan
-0.07959439721101091 -0.0031847982594442326 0.10000000000000053
-0.05022705677533795 0.0021708719293170864 -0.1600000000000006
-0.08893417524256542 0.003531033504956177 -0.15999999999999925
0.5 -0.005911306113928649 -0.15999999999999992
-0.09798731649998532 0.00397567346061789 -0.1600000000000006
0.06710161700101591 0.0020825401449677816 -0.18999999999999906
-0.08893417524256547 0.003531033504956177 -0.15999999999999948
-0.058489668263149774 0.002065585292089278 -0.1599999999999997
-0.058489668263149774 0.002065585292089278 -0.15999999999999925
0.5 -0.005267467367506606 -0.15999999999999992
0.05571900320434198 -0.006037470061342642 0.10000000000000009
0.5 -0.005267467367506606 -0.15999999999999992
0.5 -0.005267467367506606 -0.15999999999999992
0.1035358288998598 -0.00716862230122467 0.10000000000000009
0.1049519399369746 -0.004551042052550275 0.10000000000000009
0.12714026079278928 0.0016403999998247931 -0.009999999999998899
-0.09690539827401723 0.004423333232169369 -0.18999999999999906
nan nan nan
nan nan nan
0.06710161700101602 0.0020825401449677816 -0.18999999999999906
0.1035358288998599 -0.00716862230122467 0.10000000000000009
0.5 -0.002293923245734103 -0.009999999999999787
0.5 0.0014931411460667454 -0.18999999999999995
0.5 -0.002293923245734103 -0.009999999999999787
-0.08788423330221129 0.00402591441007355 -0.18999999999999906
nan nan nan
-0.09792987385912943 0.004491449168740114 -0.18999999999999906
-0.052236428101438304 0.0017545907369262426 -0.1900000000000004
0.023716418262811123 0.0024299287725258467 -0.18999999999999995
0.08960220705597044 -0.0007551039670282977 -0.009999999999998899
nan nan nan
nan nan nan
0.5 0.0014931411460667454 -0.18999999999999995
0.06172584882365695 -0.00094131107741241 -0.009999999999998899
0.10767856492177696 0.0013516563471723253 -0.009999999999999787
0.5 -0.002293923245734103 -0.009999999999999787
-0.023051006248415773 0.00338812048781878 -0.010000000000001563
nan nan nan
nan nan nan
0.08408131548961806 -0.0010496815298902396 -0.009999999999999787
0.5 0.0014931411460667454 -0.18999999999999995
-0.06822947963919801 0.0020944400857617895 -0.18999999999999906
-0.09795925182097576 0.004493740107854416 -0.18999999999999995
-0.09795925182097565 0.004493740107854416 -0.19000000000000128
-0.023051006248415773 0.00338812048781878 -0.010000000000001119
0.0831543141722606 0.0020479469380730864 -0.19000000000000128
0.5 -0.002293923245734103 -0.009999999999999787
-0.08788423330221135 0.00402591441007355 -0.1899999999999995
0.12714026079278917 0.0016403999998247931 -0.009999999999998899
nan nan nan
nan nan nan
0.5 -0.002293923245734103 -0.009999999999999787
0.5 0.0014931411460667454 -0.18999999999999995
-0.09792987385912949 0.004491449168740114 -0.1899999999999995
0.5 0.0014931411460667454 -0.18999999999999995
-0.024479043153403657 0.0032865322626506877 -0.18999999999999995
0.5 0.0014931411460667454 -0.18999999999999995
0.08315431417226049 0.0020479469380730864 -0.19000000000000128
0.023716418262811012 0.0024299287725258467 -0.1899999999999995
-0.07470712569407917 0.0038322291413259157 -0.18999999999999995
-0.06822947963919795 0.0020944400857617895 -0.18999999999999906
-0.018108714743463095 0.0008656361867839524 -0.010000000000000675
-0.0244790431534036 0.003286532262650632 -0.18999999999999906
-0.09690539827401723 0.004423333232169369 -0.18999999999999995
-0.07470712569407906 0.0038322291413259713 -0.1899999999999995
-0.12918209971218664 0.0003287061283604939 0.09999999999999964
nan nan nan
-0.07437967557370873 0.005993640762692126 0.0
-0.09953480889583766 0.0072818222083136305 0.0
-0.08921362888605466 0.006698664806660565 0.0
nan nan nan
-0.11656688207952054 0.008338818133607775 0.0
nan nan nan
-0.05539153011148579 0.005187247685444311 0.0
nan nan nan
nan nan nan
-0.06427259411266506 0.005555568056154217 0.0
-0.018185756081750326 0.004088224432866522 0.0
-0.1349631336837293 0.0007423469870205673 0.10000000000000075
-0.055391530111485676 0.005187247685444311 0.0
-0.018185756081750326 0.004088224432866522 0.0
nan nan nan
-0.06604276557075428 0.0067039995831045945 0.0
-0.09752831384288285 0.008704773100909363 0.0
nan nan nan
-0.12241869524527904 0.010148329152844845 0.0
nan nan nan
-0.06604276557075417 0.0067039995831045945 0.0
-0.023412812295539265 0.0004050184049940869 -0.15999999999999948
-0.12918209971218664 0.00032870612836050084 0.09999999999999964
-0.058847602488656836 0.006295507392220442 0.0
-0.09752831384288274 0.00870477310090935 0.0
nan nan nan
-0.12926119158990673 0.00033130710863318175 0.09999999999999942
nan nan nan
-0.12181306844931927 0.00020138833020183489 0.09999999999999942
-0.11483158753026007 -7.828913252543729e-05 0.10000000000000031
-0.03224599538137962 0.004702801076414673 0.0
-0.1150361577689405 -7.245602438708809e-05 0.10000000000000075
-0.13599455151335543 0.0007307172425400979 0.0999999999999992
-0.12920421315590913 0.00032943479226071187 0.09999999999999964
-0.12181306844931922 0.00020138833020183489 0.09999999999999964
-0.13599455151335543 0.0007307172425400979 0.09999999999999964
-0.12919275612921605 0.0003290781262050013 0.09999999999999987
-0.11483158753026007 -7.828913252545117e-05 0.10000000000000075
-0.12181317762067528 0.0002013730428502697 0.0999999999999992
-0.12926119158990684 0.00033130710863318175 0.09999999999999964
-0.12920421315590913 0.00032943479226071187 0.09999999999999942
nan nan nan
-0.12181317762067528 0.00020137304285026275 0.0999999999999992
-0.12919275612921616 0.0003290781262050013 0.10000000000000009
nan nan nan
nan nan nan
nan nan nan
nan nan nan
-0.07321852663620632 0.003008201938841819 -0.009999999999999787
nan nan nan
-0.0793586374769546 0.0019887410395730484 -0.1599999999999988
-0.015560314426340538 0.00029376878789444394 -0.1599999999999988
-0.1150361577689405 -7.245602438710197e-05 0.09999999999999964
-0.015555473509191509 0.00029362773720441326 -0.15999999999999792
-0.0369080971611363 0.0012353220770388584 -0.1600000000000006
-0.023412812295539265 0.00040501840499409386 -0.1599999999999988
-0.04067604056155749 0.0005856383278482064 -0.15999999999999992
-0.07219252549961752 -0.001454809673384086 0.0999999999999992
-0.015555473509191509 0.00029362773720441326 -0.15999999999999792
-0.02341459147477787 0.0004050705767262436 -0.1599999999999988
-0.08643098081239431 0.0036820071618768532 -0.010000000000001119
nan nan nan
-0.04066278374586385 0.0005852550956298719 -0.15999999999999837
-0.0597534711258223 0.0009755755963811938 -0.15999999999999992
-0.04068013108706425 0.000585758940561322 -0.16000000000000036
-0.015560314426340649 0.00029376878789444394 -0.1599999999999988
nan nan nan
nan nan nan
nan nan nan
-0.0732094637905708 0.0030080117693663463 -0.009999999999999787
-0.024168332149198002 0.004402129629026516 0.0
nan nan nan
-0.0721799254704355 -0.0014552810376166764 0.09999999999999942
-0.0732185266362062 0.0030082019388418327 -0.010000000000000675
-0.04829767284568787 0.0010114786329911973 -0.18999999999999773
-0.04066278374586385 0.0005852550956298719 -0.15999999999999837
-0.1349631336837292 0.0007423469870205673 0.10000000000000053
nan nan nan
-0.11664800563173006 -0.00011787451008576921 0.10000000000000009
-0.05090510579873553 0.0029523913780190245 -0.009999999999999343
nan nan nan
nan nan nan
-0.08643098081239431 0.0036820071618768532 -0.010000000000001119
-0.04068013108706425 0.000585758940561322 -0.16000000000000036
-0.12914380510465917 0.003352137372623021 -0.15999999999999948
nan nan nan
nan nan nan
nan nan nan
-0.038015598521698224 0.0028838338115274587 -0.010000000000000675
-0.07640812290673371 0.003187036718524619 -0.010000000000000675
-0.07935863747695437 0.0019887410395730415 -0.15999999999999925
-0.05090510579873542 0.0029523913780190245 -0.009999999999999787
nan nan nan
-0.04496416072513121 0.0029037335035245054 -0.010000000000000675
-0.09557233593256187 0.0041749496382237836 -0.010000000000001119
-0.09557233593256187 0.0041749496382237836 -0.010000000000001563
-0.05729495276141372 0.0015109023455176646 -0.1599999999999997
-0.0629730436938919 0.0011957035211875994 -0.18999999999999995
-0.12914380510465917 0.003352137372623021 -0.15999999999999925
-0.09803153360248718 0.0021749329189097166 -0.1599999999999997
-0.04067604056155749 0.0005856383278482064 -0.15999999999999992
-0.048297672845687756 0.0010114786329911973 -0.18999999999999906
-0.06430978076757288 0.005557748956453369 0.0
nan nan nan
-0.12922289035392964 0.00335550914699885 -0.15999999999999948
-0.04829745816595432 0.0010114834198640121 -0.18999999999999773
-0.0597534711258223 0.0009755755963812077 -0.1599999999999997
-0.04829443009326495 0.0010114406859948744 -0.18999999999999995
-0.06268595481193973 0.0011854119982274355 -0.1899999999999995
-0.04829745816595421 0.001011483419864019 -0.18999999999999773
-0.05729495276141372 0.0015109023455176646 -0.15999999999999992
-0.04829443009326506 0.0010114406859948744 -0.19000000000000128
-0.09803153360248729 0.0021749329189097028 -0.1599999999999997
-0.042177668381954025 0.0012670504947183553 -0.16000000000000036
-0.04237731617933804 0.0012696500889596285 -0.1600000000000006
nan nan nan
-0.07640812290673371 0.003187036718524619 -0.010000000000000675
nan nan nan
nan nan nan
-0.10892639983776303 -0.00029775253548186553 0.09999999999999964
-0.0732094637905708 0.0030080117693663463 -0.009999999999999787
-0.040906614352474446 0.0009194535081542415 -0.18999999999999995
-0.06318372032253561 0.0012033337412920009 -0.1899999999999995
-0.0631837203225355 0.00120333374129198 -0.18999999999999817
-0.06294947881190815 0.0011948357574076626 -0.18999999999999906
-0.11114848405351585 0.003758705101502488 -0.009999999999999787
-0.09058821844397624 -0.0007562977812976823 0.0999999999999992
-0.040906614352474446 0.0009194535081542415 -0.1899999999999995
-0.06312222670176626 0.0012011022801396362 -0.19000000000000217
-0.06268595481193973 0.0011854119982274355 -0.18999999999999995
-0.08056686900342436 -0.0012433186725630263 0.0999999999999992
-0.0629730436938919 0.0011957035211875994 -0.18999999999999995
-0.15485521195547874 0.010702161804932726 0.0
nan nan nan
nan nan nan
-0.11656688207952054 0.008338818133607775 0.0
-0.06427259411266506 0.005555568056154217 0.0
-0.08921362888605466 0.006698664806660565 0.0
nan nan nan
-0.06430978076757288 0.005557748956453369 0.0
-0.06430837084855234 0.005557666271649157 0.0
-0.06430837084855234 0.005557666271649157 0.0
-0.07437967557370884 0.005993640762692126 0.0
-0.0449641607251311 0.0029037335035245054 -0.010000000000000675
-0.15485521195547874 0.010702161804932733 0.0
-0.0721799254704355 -0.0014552810376166486 0.0999999999999992
-0.02416833214919789 0.004402129629026516 0.0
nan nan nan
-0.018223675938028205 0.004090530847671706 0.0
nan nan nan
-0.09953480889583766 0.0072818222083136375 0.0
-0.12241869524527904 0.010148329152844845 0.0
-0.03224599538137962 0.004702801076414673 0.0
-0.07219252549961752 -0.001454809673384086 0.0999999999999992
nan nan nan
nan nan nan
nan nan nan
nan nan nan
-0.03871878942221474 0.0050644124501281335 0.0
nan nan nan
-0.03871878942221474 0.00506441245012812 0.0
-0.1089263998377632 -0.00029775253548186553 0.09999999999999987
nan nan nan
-0.06536088640757465 0.001618623565709243 -0.1599999999999997
-0.12124645214892621 0.003886836981238165 -0.009999999999999343
-0.018223675938028205 0.004090530847671692 0.0
nan nan nan
-0.12130929534095664 0.003889747759785761 -0.009999999999998899
-0.058847602488656836 0.0062955073922204285 0.0
-0.056988724834944215 0.0028324776770409232 -0.009999999999999787
-0.0721701901139945 -0.0014555944306550023 0.09999999999999942
-0.07217019011399461 -0.0014555944306550023 0.0999999999999992
-0.06294947881190827 0.0011948357574076626 -0.1899999999999995
-0.08580234421502853 0.0020018963235380743 -0.1600000000000006
-0.09058821844397624 -0.0007562977812976823 0.0999999999999992
-0.042177668381954136 0.0012670504947183553 -0.15999999999999992
-0.1111484840535158 0.003758705101502488 -0.009999999999999787
nan nan nan
-0.02341459147477787 0.0004050705767262436 -0.15999999999999948
-0.10892631576195871 -0.00029771082243722213 0.09999999999999942
-0.04237731617933804 0.0012696500889596285 -0.1600000000000008
-0.08580234421502853 0.0020018963235380743 -0.1600000000000006
nan nan nan
-0.10892631576195877 -0.00029771082243722213 0.09999999999999964
-0.12124645214892626 0.003886836981238165 -0.009999999999998899
-0.06312222670176626 0.0012011022801396362 -0.19000000000000128
-0.11664800563173006 -0.00011787451008576921 0.10000000000000009
nan nan nan
-0.08056686900342436 -0.0012433186725630124 0.0999999999999992
-0.11120339318530481 0.003760950262348156 -0.010000000000000675
-0.056988724834944215 0.0028324776770409232 -0.009999999999999787
-0.12922289035392953 0.00335550914699885 -0.1599999999999988
-0.038015598521698224 0.0028838338115274587 -0.009999999999999787
-0.11120339318530481 0.00376095026234817 -0.010000000000001119
-0.03690809716113641 0.0012353220770388584 -0.1600000000000006
nan nan nan
-0.06536088640757465 0.001618623565709229 -0.15999999999999992
-0.12130929534095664 0.003889747759785775 -0.009999999999998899
nan nan nan
nan nan nan
nan nan nan
-0.10361350835102201 0.005422874271680478 0.0
-0.04511359775850865 0.001887294726271388 0.0
-0.13515149203097554 0.00926640570795434 0.0
-0.04511359775850876 0.001887294726271388 0.0
-0.0076153272826895435 -0.0001816433083863811 0.0
-0.1340801927096894 0.007318844927241996 0.0
nan nan nan
nan nan nan
nan nan nan
-0.005616901716659961 -0.00028089048518620263 0.0
0.0016111577192812199 -0.000724456609522528 0.0
-0.0076153272826894325 -0.0001816433083863811 0.0
-0.04320262687397014 0.0018142507901505456 0.0
-0.053265703209720794 0.0023630000040767984 0.0
-0.10361350835102201 0.005422874271680478 0.0
-0.13408019270968935 0.007318844927241996 0.0
-0.005616901716659961 -0.00028089048518620263 0.0
0.0016111577192812199 -0.000724456609522528 0.0
-0.04320262687397014 0.0018142507901505456 0.0
-0.0749743730211676 0.0037180513750331157 0.0
-0.053265703209720794 0.0023630000040767984 0.0
-0.09151144132764544 -0.0038486777735017574 0.09999999999999964
-0.11501204545381971 -0.0031948158275983685 0.09999999999999987
-0.1293057692817438 0.00876978944729151 0.0
-0.11501204545381988 -0.0031948158275983685 0.10000000000000031
-0.1293057692817438 0.00876978944729151 0.0
-0.13515149203097554 0.00926640570795434 0.0
nan nan nan
-0.13500170653847088 -0.002342754594087032 0.10000000000000053
-0.13921358543640533 -0.0019647690740587365 0.10000000000000009
-0.1189860582822328 0.0024426211542944443 -0.15999999999999992
-0.19560660944806435 0.013467143954070282 0.0
-0.1189860582822328 0.0024426211542944165 -0.1599999999999997
-0.12928154277824871 0.0029019636827142536 -0.15999999999999992
-0.13500170653847088 -0.002342754594087032 0.10000000000000009
0.048055753965029924 -0.0013415813722570946 -0.15999999999999992
-0.13131936187540333 0.003004128190458616 -0.1599999999999997
-0.07895476791015332 0.003660199695106933 -0.010000000000000675
nan nan nan
-0.09159071637126981 -0.0038458978872878413 0.10000000000000009
-0.12928154277824871 0.0029019636827142536 -0.16000000000000036
nan nan nan
nan nan nan
0.048055753965029924 -0.0013415813722570946 -0.1599999999999997
nan nan nan
0.03731932566066898 -0.0012582012346259996 -0.15999999999999992
nan nan nan
0.03731932566066898 -0.0012582012346259996 -0.15999999999999948
nan nan nan
-0.10724013867741383 0.0033177401976552112 -0.18999999999999995
nan nan nan
nan nan nan
0.02715526833039872 -0.0007101967540170395 -0.16000000000000036
nan nan nan
-0.060526375631219986 0.003740249194787895 -0.18999999999999995
0.02715526833039883 -0.0007101967540170395 -0.1600000000000006
-0.09562638481964736 -0.0039969903424589 0.09999999999999964
0.004988329981326589 -0.0013121716131551109 -0.009999999999999787
0.004856854920149201 -0.0013090745923108604 -0.009999999999999787
-0.022412624859158625 -0.005835288617700829 0.09999999999999964
nan nan nan
-0.07964169322140868 -0.00023477656541076586 -0.009999999999999787
-0.0536950523516837 0.003641511927081509 -0.18999999999999817
0.4 -0.013518780393960095 0.0
nan nan nan
-0.07964169322140868 -0.00023477656541076586 -0.009999999999999787
nan nan nan
-0.10463061665522183 0.0037888008459970313 -0.009999999999999787
-0.12776559376338492 0.004414541621253279 -0.18999999999999773
0.013417372877402078 -0.0014304758115706029 -0.009999999999999343
-0.08990960803192216 0.00647243626141264 0.0
-0.10725824178687243 0.0033181495452968 -0.19000000000000217
-0.060849800754190775 0.003669131700398731 -0.18999999999999906
-0.08990543885401725 0.006472013477162475 0.0
nan nan nan
nan nan nan
nan nan nan
nan nan nan
0.022389303959554296 0.0016771120056422728 -0.18999999999999995
nan nan nan
-0.09862178648582398 0.0038577431813684865 -0.010000000000001119
nan nan nan
0.05790598329981622 0.001672883438995243 -0.18999999999999906
0.057903532148925185 0.0016729157314250842 -0.18999999999999995
nan nan nan
nan nan nan
0.05790598329981622 0.001672883438995243 -0.18999999999999995
-0.09862178648582387 0.0038577431813684865 -0.010000000000001119
-0.13131936187540322 0.003004128190458616 -0.15999999999999992
0.4 -0.013518780393960095 0.0
nan nan nan
-0.13921358543640533 -0.0019647690740587365 0.10000000000000031
-0.08990543885401725 0.006472013477162475 0.0
0.0023869676378703852 -0.005832629395231298 0.10000000000000009
-0.152881029523536 0.0005929786114375613 0.10000000000000053
0.002330946653296362 -0.0058312648394314714 0.10000000000000031
-0.003806540775542433 0.001837977963542764 -0.19000000000000217
-0.04822082219049506 0.0004627437093751019 -0.15999999999999992
nan nan nan
-0.060849800754190886 0.003669131700398759 -0.18999999999999906
nan nan nan
0.4 -0.013518780393960095 0.0
-0.09151144132764544 -0.0038486777735017574 0.10000000000000031
0.4 -0.013518780393960095 0.0
nan nan nan
-0.022412624859158514 -0.005835288617700829 0.09999999999999964
-0.029889795646229955 0.00312725609372716 0.0
0.004988329981326589 -0.0013121716131551386 -0.009999999999999787
0.022389303959554407 0.0016771120056423006 -0.18999999999999995
0.05790353214892541 0.001672915731425112 -0.18999999999999995
-0.03556028953512147 -0.0007657463449194379 -0.009999999999999787
-0.060526375631219986 0.003740249194787895 -0.18999999999999906
-0.07361849387401853 0.004117009739746227 -0.18999999999999773
nan nan nan
-0.04822082219049506 0.0004627437093751019 -0.1599999999999997
-0.09159071637126981 -0.0038458978872878413 0.10000000000000009
-0.08643129991483556 0.0017599238439277298 -0.15999999999999992
-0.1260763395600814 -0.0004161724338822559 0.10000000000000031
-0.07361849387401853 0.004117009739746227 -0.18999999999999906
nan nan nan
-0.09724571961786121 0.0029867534739886625 -0.18999999999999995
-0.03859124947440451 0.0003199278255874849 -0.15999999999999925
nan nan nan
0.009801011320357045 0.0010621463193121738 0.0
0.002330946653296251 -0.0058312648394314714 0.10000000000000009
-0.17332184376339055 0.0014749240641176442 0.10000000000000031
-0.08990960803192216 0.00647243626141264 0.0
-0.10724013867741383 0.0033177401976552112 -0.19000000000000128
-0.12752714523385184 0.004406231071700684 -0.18999999999999906
-0.12776559376338492 0.004414541621253279 -0.1899999999999995
-0.10725824178687243 0.0033181495452968 -0.19000000000000306
-0.06833959877595097 0.003522507467145039 -0.009999999999999787
0.0023869676378706073 -0.005832629395231298 0.09999999999999987
0.01341737287740219 -0.0014304758115706029 -0.009999999999999787
-0.1046546367386339 -0.0007138511804439529 0.10000000000000009
nan nan nan
nan nan nan
-0.12790454863599232 0.004418578078179081 -0.18999999999999995
nan nan nan
-0.09562638481964736 -0.003996990342458873 0.09999999999999942
0.012004377682193978 0.0008419850510923699 0.0
-0.0385912494744044 0.0003199278255874849 -0.15999999999999948
-0.004137655764457904 -0.0028657929444519392 0.10000000000000053
0.4 -0.013518780393960095 0.0
0.004856854920149201 -0.0013090745923108604 -0.009999999999999787
-0.1629040752556144 0.0009830373840050144 0.10000000000000009
0.009801011320357045 0.0010621463193121738 0.0
-0.06263428474996169 -0.0004580464639449 -0.010000000000000675
-0.06263428474996169 -0.0004580464639449 -0.010000000000000675
-0.03202901250216417 -0.002593322995927849 0.10000000000000009
-0.04472733061494605 -0.0006511572165547874 -0.009999999999999787
-0.0536950523516837 0.003641511927081509 -0.18999999999999773
-0.08911110144268619 1.826531638648987e-05 -0.010000000000000675
-0.10463061665522172 0.003788800845997073 -0.009999999999999787
-0.11670021309465461 0.0010197106856985882 -0.009999999999999787
nan nan nan
-0.12790454863599232 0.004418578078179081 -0.1899999999999995
-0.08911110144268619 1.826531638648987e-05 -0.010000000000000675
0.4 -0.013518780393960095 0.0
-0.19560660944806418 0.013467143954070282 0.0
-0.1275271452338519 0.004406231071700684 -0.18999999999999906
-0.029889795646229955 0.0031272560937271876 0.0
-0.04472733061494616 -0.0006511572165548152 -0.009999999999999787
-0.08643129991483556 0.0017599238439277298 -0.15999999999999992
-0.11925255149191788 -0.0005175981210534253 0.10000000000000031
-0.09781769423375197 0.00693114930471303 0.0
-0.09724571961786121 0.0029867534739886348 -0.18999999999999995
-0.03556028953512147 -0.0007657463449194379 -0.010000000000001119
-0.03202901250216417 -0.002593322995927849 0.10000000000000009
-0.17332184376339055 0.001474924064117672 0.10000000000000031
-0.053715066082987595 0.0036418780646217397 -0.18999999999999773
-0.1046546367386339 -0.0007138511804439529 0.10000000000000031
-0.152881029523536 0.0005929786114375613 0.10000000000000031
-0.11925255149191788 -0.000517598121053453 0.10000000000000009
-0.11670021309465461 0.001019710685698616 -0.009999999999999787
0.013944498327945531 0.0017480362875378075 -0.18999999999999995
-0.0749743730211676 0.0037180513750331157 0.0
0.044604409414732094 0.0015487436324862491 -0.18999999999999995
0.044604409414732094 0.0015487436324862491 -0.18999999999999995
nan nan nan
-0.07903721683193665 0.0036628052512100717 -0.009999999999999787
nan nan nan
0.012004377682193978 0.0008419850510923699 0.0
nan nan nan
-0.05370627188600152 0.0036417229713428256 -0.18999999999999906
-0.004137655764457904 -0.0028657929444519392 0.10000000000000053
-0.12607633956008135 -0.0004161724338822004 0.10000000000000031
nan nan nan
-0.09781769423375197 0.00693114930471303 0.0
-0.053715066082987706 0.0036418780646217397 -0.18999999999999906
-0.05370627188600141 0.0036417229713428256 -0.18999999999999817
-0.07903721683193654 0.0036628052512100717 -0.009999999999999787
-0.06833959877595097 0.003522507467145039 -0.010000000000001119
-0.07895476791015332 0.003660199695106933 -0.010000000000000675
-0.1629040752556144 0.0009830373840050144 0.10000000000000009
-0.003806540775542433 0.001837977963542764 -0.19000000000000217
0.013944498327945531 0.0017480362875378075 -0.1900000000000004
-0.1486363810967684 0.014111266249909882 0.0
0.4 -0.011076205275222434 0.0
-0.1580424804852314 0.015869569385804194 0.0
0.015289202046075867 -0.0006298266729328761 -0.009999999999998899
0.4 -0.011076205275222434 0.0
-0.003118303635019193 0.005854799259730703 0.0
0.4 -0.011076205275222434 0.0
0.4 -0.011076205275222434 0.0
-0.05977805555484572 0.009017058829404012 0.0
0.006918099203792161 0.005415965995762273 0.0
0.006918099203792161 0.005415965995762273 0.0
-0.09668013761442396 0.011099299906625337 0.0
-0.09729910285207233 0.011127575577105142 0.0
-0.09668013761442396 0.011099299906625337 0.0
-0.05977805555484583 0.009017058829404012 0.0
-0.18075209545530185 0.017278397177629246 0.0
-0.003118303635019193 0.005854799259730703 0.0
nan nan nan
-0.1282310392170985 0.0015231587924492973 -0.1600000000000006
nan nan nan
nan nan nan
-0.1486363810967684 0.014111266249909826 0.0
-0.12206647082847472 0.0031731976243350724 -0.1599999999999988
0.01620576251526662 0.0005391727024362247 -0.1599999999999997
-0.11824019786691864 0.012306293549979752 0.0
0.0027580549208854332 -0.002095542581393467 0.10000000000000053
-0.13736632979733282 0.003365204314378367 -0.15999999999999948
0.4 -0.0009062975604909318 -0.15999999999999992
-0.11361665007299188 0.0016247403347847966 -0.18999999999999906
nan nan nan
0.4 -0.011076205275222434 0.0
-0.1398225142928503 0.0020263756866250038 -0.15999999999999992
0.4 -0.012042282136409621 0.10000000000000009
0.4 -0.011076205275222434 0.0
0.026696165204431632 0.00035564834233856035 -0.1599999999999997
0.4 -0.012042282136409621 0.10000000000000009
-0.1081144888844523 0.0010462316428016538 -0.009999999999999343
-0.12206647082847466 0.0031731976243350724 -0.15999999999999948
-0.1954001548368382 0.0002471619851682205 0.09999999999999987
0.4 -0.0009062975604909318 -0.15999999999999992
-0.13757676042321937 0.003370727502658849 -0.1600000000000008
nan nan nan
-0.13757676042321937 0.003370727502658849 -0.1600000000000006
-0.20546359691004773 0.0008784856189938406 0.09999999999999987
-0.1381792040394027 -0.0017060473727905645 0.10000000000000053
-0.1381792040394027 -0.0017060473727905645 0.10000000000000031
-0.06444423444530978 -0.004209058401351912 0.10000000000000009
-0.030016943514091787 -0.004062186450189131 0.10000000000000009
-0.06444423444531 -0.004209058401351912 0.10000000000000031
-0.19536585317191707 0.0002461678195731509 0.10000000000000009
0.007203859579392069 -0.001079195852341508 -0.009999999999998899
0.4 -0.012042282136409621 0.10000000000000009
-0.12145708609354244 -0.0025834877515444887 0.10000000000000009
-0.030016943514091787 -0.004062186450189104 0.10000000000000009
-0.12145708609354244 -0.0025834877515444887 0.10000000000000031
-0.1807520954553017 0.017278397177629246 0.0
0.020208482674771266 -0.004964694274688625 0.10000000000000031
0.4 -0.0009062975604909318 -0.15999999999999992
nan nan nan
-0.1485610390910364 0.0038718578893708055 -0.15999999999999948
0.04630551872711752 -0.0002009740684637551 -0.1899999999999995
0.020208482674771266 -0.004964694274688625 0.10000000000000009
-0.12871277507191825 0.001540966228506191 -0.16000000000000103
-0.09572615515233873 0.0007247181255664037 -0.16000000000000036
-0.004002626024204425 -0.0005032934072663475 -0.15999999999999948
-0.04766556202350636 9.129954582465238e-05 -0.15999999999999992
-0.10488784247550786 0.001055974193956477 -0.15999999999999992
0.4 0.0007507025814081358 -0.15999999999999992
0.04630551872711752 -0.00020097406846372734 -0.1900000000000004
-0.04766556202350625 9.129954582465238e-05 -0.15999999999999992
0.4 0.0007507025814081358 -0.15999999999999992
nan nan nan
nan nan nan
-0.12203758448916147 0.0013879087617382768 -0.1600000000000006
0.4 -0.0009062975604909318 -0.15999999999999992
-0.09729910285207233 0.011127575577105142 0.0
-0.10488784247550786 0.0010559741939565326 -0.1600000000000006
-0.09572615515233873 0.0007247181255664592 -0.16000000000000036
-0.020896407428211305 0.0004991056391422666 -0.18999999999999995
0.4 0.0007507025814081358 -0.15999999999999992
-0.12203758448916147 0.0013879087617382768 -0.1600000000000006
-0.004002626024204425 -0.0005032934072663475 -0.15999999999999992
-0.12823103921709855 0.0015231587924492973 -0.1600000000000006
0.0038997747770441737 0.00034335778008801054 -0.18999999999999995
nan nan nan
0.03373163578252347 -0.0009505203234285997 -0.009999999999999787
-0.0988738394147669 0.00054694585404369 -0.009999999999998899
nan nan nan
-0.06155371937487064 0.0004813101856535884 -0.009999999999999787
0.4 0.005804754656975775 -0.18999999999999995
0.4 0.005804754656975775 -0.18999999999999995
-0.08305383885195106 0.00024400402055199666 -0.009999999999999343
-0.04164230550707915 0.0012110129306743822 -0.15999999999999992
0.4 0.005804754656975775 -0.18999999999999995
-0.21456334834672702 0.002181537163159275 0.10000000000000009
-0.0929883387863426 0.0022837584236401476 -0.009999999999999787
-0.06155371937487075 0.00048131018565361616 -0.009999999999999787
nan nan nan
-0.11092466464752615 0.002434345981645103 -0.15999999999999948
nan nan nan
0.07385248905149755 -0.00041473931891047866 -0.19000000000000128
0.07385248905149766 -0.00041473931891047866 -0.19000000000000128
0.4 0.005804754656975775 -0.18999999999999995
-0.09417865333941922 0.0010693194212549328 -0.1900000000000004
-0.11451060601455904 0.0016832614236941823 -0.19000000000000128
0.06670389481664019 0.0003130770005124184 -0.009999999999999787
-0.13736632979733276 0.0033652043143783117 -0.15999999999999948
0.06862148126997603 -0.00044270854426495254 -0.18999999999999995
-0.1580424804852314 0.015869569385804194 0.0
0.4 0.006709456965996674 -0.18999999999999995
-0.11451060601455898 0.0016832614236941823 -0.18999999999999995
0.0027580549208854332 -0.002095542581393439 0.10000000000000031
-0.1398225142928503 0.0020263756866250038 -0.16000000000000036
-0.0988528873876583 0.0005459577154692252 -0.009999999999997566
0.4 -0.012042282136409621 0.10000000000000009
-0.11361665007299188 0.0016247403347847966 -0.18999999999999906
-0.11362774977070761 0.001625381492101674 -0.18999999999999995
0.4 0.005804754656975775 -0.18999999999999995
0.4 0.006709456965996674 -0.18999999999999995
0.0038997747770441737 0.00034335778008801054 -0.19000000000000172
-0.06992382853015788 0.0017936121578095987 -0.010000000000001119
0.4 -0.0009062975604909318 -0.15999999999999992
-0.08411087522651628 0.0020971479869054677 -0.010000000000000675
-0.21456334834672686 0.002181537163159275 0.09999999999999987
0.4 0.006709456965996674 -0.18999999999999995
-0.14553069752964914 0.0026075581713290163 -0.19000000000000128
0.06862148126997603 -0.00044270854426495254 -0.18999999999999995
-0.20546359691004767 0.0008784856189938406 0.09999999999999987
-0.12848300175788357 0.0015319107414621391 -0.16000000000000036
-0.12848300175788357 0.0015319107414621391 -0.15999999999999992
-0.04164230550707915 0.0012110129306743822 -0.1600000000000006
-0.08411087522651628 0.0020971479869054677 -0.009999999999999787
-0.14755885597971363 0.003809804316255966 -0.15999999999999992
0.4 0.0007507025814081358 -0.15999999999999992
0.053909481917053026 0.0003029679790616524 -0.009999999999999787
0.4 0.005804754656975775 -0.18999999999999995
0.06670389481664019 0.0003130770005124184 -0.009999999999999787
-0.12871277507191825 0.001540966228506191 -0.16000000000000103
-0.11362774977070755 0.001625381492101674 -0.18999999999999995
-0.020896407428211305 0.0004991056391422388 -0.18999999999999995
-0.1475588559797137 0.003809804316255966 -0.15999999999999992
-0.05790868601429333 -0.0004818953523086644 -0.009999999999999787
-0.038959460516379774 0.0012094842665830718 -0.009999999999999787
-0.11824019786691864 0.012306293549979752 0.0
0.05390948191705325 0.0003029679790616524 -0.009999999999999787
0.4 -0.012042282136409621 0.10000000000000009
0.4 0.006709456965996674 -0.18999999999999995
-0.09417865333941922 0.0010693194212549328 -0.19000000000000128
-0.13303136305947982 0.0021136976995831946 -0.1900000000000004
0.4 -0.012042282136409621 0.10000000000000009
0.01620576251526662 0.0005391727024362247 -0.1599999999999997
-0.038959460516379774 0.0012094842665830718 -0.009999999999999787
-0.1953658531719169 0.0002461678195731509 0.10000000000000009
-0.1485610390910363 0.003871857889370778 -0.15999999999999948
-0.19540015483683815 0.0002471619851682205 0.10000000000000009
-0.09293900518535503 0.002281749462254734 -0.009999999999999787
0.4 0.006709456965996674 -0.18999999999999995
-0.0988738394147669 0.00054694585404369 -0.009999999999998899
-0.0988528873876583 0.0005459577154692252 -0.009999999999998899
-0.08305383885195095 0.00024400402055202441 -0.009999999999999787
0.4 0.0020763567565277308 -0.009999999999999787
0.015289202046075867 -0.0006298266729329316 -0.009999999999999343
0.007203859579392069 -0.001079195852341508 -0.009999999999998899
0.4 0.0020763567565277863 -0.009999999999999787
-0.09290282792503046 0.0022794517248498347 -0.010000000000001119
0.4 -0.0009062975604909318 -0.15999999999999992
-0.09290282792503035 0.0022794517248498902 -0.010000000000001119
0.03373163578252347 -0.0009505203234285997 -0.009999999999998899
-0.1081144888844523 0.0010462316428016538 -0.009999999999999343
-0.09290449479940921 0.0022796318914409808 -0.009999999999998899
-0.09293900518535503 0.002281749462254734 -0.009999999999999787
0.4 0.0007507025814081358 -0.15999999999999992
0.03853510359479606 0.00043395226551040667 -0.1900000000000004
-0.09290449479940921 0.0022796318914409808 -0.009999999999999343
0.026696165204431632 0.00035564834233856035 -0.1599999999999997
-0.05790868601429311 -0.0004818953523086644 -0.009999999999999787
-0.0929883387863425 0.002283758423640203 -0.009999999999999787
0.4 0.0020763567565277863 -0.009999999999999787
-0.06992382853015788 0.0017936121578095987 -0.010000000000000675
0.4 0.0020763567565277308 -0.009999999999999787
0.4 0.0007507025814081358 -0.15999999999999992
-0.11092466464752615 0.002434345981645103 -0.15999999999999948
-0.13303136305947982 0.0021136976995831946 -0.19000000000000128
0.015523117745709247 0.000392565408231349 -0.18999999999999906
0.03853510359479595 0.00043395226551040667 -0.19000000000000128
-0.14553849442144046 0.002607683724386245 -0.18999999999999995
0.4 0.0020763567565277308 -0.009999999999999787
-0.022883677693006144 0.0007124601687052978 -0.19000000000000217
-0.14553069752964914 0.0026075581713290163 -0.19000000000000128
0.4 0.0020763567565277863 -0.009999999999999787
-0.14545783549319985 0.0025997338017453853 -0.18999999999999995
-0.07982836826105866 0.001589131856346071 -0.18999999999999995
-0.12553968880990612 0.002056537953489257 -0.19000000000000128
0.4 0.006709456965996674 -0.18999999999999995
-0.022883677693006144 0.0007124601687052978 -0.19000000000000217
-0.1455384944214404 0.0026076837243863005 -0.18999999999999995
0.015523117745709247 0.000392565408231349 -0.1899999999999995
-0.1454578354931999 0.0025997338017454408 -0.18999999999999995
-0.07982836826105866 0.001589131856346071 -0.1899999999999995
-0.12553968880990607 0.002056537953489257 -0.19000000000000172
nan nan nan
nan nan nan
-0.13387221996094878 0.0074727551305840065 0.0
-0.13387221996094878 0.0074727551305840065 0.0
-0.21661350270370905 0.012392423212561288 0.0
-0.16749337480729665 0.009321422732422043 0.0
-0.11376675842292583 0.006607980386744844 0.0
nan nan nan
-0.09164689372778512 0.006761319607983096 0.0
-0.09151142467854456 0.0067528229700481585 0.0
-0.1003549087088268 0.007104580573626923 0.0
nan nan nan
-0.11835101261617376 0.00821960286943589 0.0
-0.1003549087088268 0.007104580573626923 0.0
-0.09164689372778512 0.006761319607983096 0.0
-0.16918671379922945 0.011250369524407416 0.0
nan nan nan
-0.10819037064907022 0.007563260260900068 0.0
nan nan nan
-0.10819037064907022 0.007563260260900068 0.0
-0.09159965478046173 0.006758046185466923 0.0
-0.1257573816778309 0.00864285523499761 0.0
-0.2175656181156913 0.014224994310862563 0.0
-0.09159965478046173 0.006758046185466923 0.0
nan nan nan
nan nan nan
-0.11835101261617376 0.00821960286943589 0.0
-0.2175656181156913 0.014224994310862549 0.0
-0.1257573816778309 0.00864285523499761 0.0
-0.16918671379922956 0.011250369524407416 0.0
-0.15099083449009443 0.004014742065117996 -0.009999999999998899
-0.09151142467854456 0.0067528229700481585 0.0
-0.12463546121726032 0.0010592453963159942 0.09999999999999942
-0.12820124698817514 0.0012382676567313927 0.10000000000000053
-0.10057258880368691 0.0007018721075927326 0.10000000000000009
-0.12448399313052383 0.0010551141357252186 0.10000000000000053
-0.10929270678958025 0.0008056337417564133 0.10000000000000053
-0.12448399313052383 0.0010551141357252186 0.10000000000000031
nan nan nan
nan nan nan
-0.10929270678958025 0.0008056337417564133 0.10000000000000031
-0.12452090347952038 0.001056104203376526 0.09999999999999987
-0.12445762605057786 0.0010544252511932584 0.10000000000000031
-0.10057258880368691 0.0007018721075927326 0.10000000000000009
-0.12445762605057786 0.0010544252511932584 0.09999999999999987
-0.056819469570221326 -0.0004761048602231338 0.09999999999999964
-0.15218144071456752 0.002375671298056256 0.09999999999999964
-0.023686637288632628 0.0006767646972000302 -0.15999999999999992
nan nan nan
nan nan nan
-0.07186990372608337 -0.0003320627861194969 0.10000000000000053
-0.1399540108143683 0.0016055394488263819 0.10000000000000053
-0.1399540108143681 0.0016055394488263819 0.10000000000000053
-0.04871342999802064 0.0009660756857326688 -0.15999999999999992
-0.11376675842292572 0.006607980386744844 0.0
-0.12820124698817514 0.0012382676567314205 0.10000000000000075
-0.03149065600271683 0.0007863800092860057 -0.15999999999999948
-0.03149065600271683 0.0007863800092860057 -0.15999999999999948
-0.04871261987588449 0.0009660506173319247 -0.1599999999999997
-0.01604338012290507 0.0005486719886676414 -0.1599999999999988
-0.06217614405614191 -0.0005134385758115423 0.10000000000000053
-0.10854562147520763 0.00400138173058056 -0.009999999999997566
-0.04871261987588449 0.0009660506173319247 -0.15999999999999948
-0.023686637288632628 0.0006767646972000302 -0.15999999999999992
-0.12452090347952038 0.001056104203376526 0.10000000000000009
-0.04871342999802064 0.0009660756857326688 -0.15999999999999948
-0.03149076453274968 0.0007863819549754278 -0.15999999999999992
-0.03149076453274968 0.0007863819549754278 -0.15999999999999992
-0.016043380122905182 0.0005486719886676414 -0.1599999999999988
nan nan nan
-0.10483096917066048 0.0062365338803964665 0.0
-0.06525821939758614 0.0011697486134763166 -0.19000000000000172
-0.09847853476338209 0.0033319720312914025 -0.009999999999997566
-0.06527517341563505 0.0011700751749179478 -0.19000000000000128
nan nan nan
-0.07532654384040582 0.0012331933795177302 -0.1900000000000004
-0.07853673399542993 0.0012436723948507505 -0.18999999999999773
-0.07530613870426128 0.0012327483389026894 -0.19000000000000172
-0.07530613870426128 0.0012327483389026964 -0.19000000000000172
-0.06525821939758614 0.0011697486134763305 -0.19000000000000128
-0.0661466188557639 0.0027828891067159314 -0.009999999999999343
-0.06527517341563505 0.0011700751749179478 -0.19000000000000128
-0.066146618855764 0.0027828891067159314 -0.009999999999999343
-0.15218144071456763 0.002375671298056256 0.09999999999999964
-0.08841848453717016 0.002838357875955988 -0.009999999999998899
nan nan nan
-0.058715792148337664 0.0012241821395949648 -0.1599999999999997
nan nan nan
-0.10854562147520774 0.00400138173058056 -0.009999999999998899
-0.11373336518911059 0.00660604055482366 0.0
nan nan nan
nan nan nan
-0.11376892505243186 0.006608104287459886 0.0
-0.21661350270370905 0.012392423212561288 0.0
-0.11376892505243186 0.006608104287459886 0.0
nan nan nan
-0.1406135861442377 0.007847276364366176 0.0
nan nan nan
nan nan nan
nan nan nan
-0.11373336518911059 0.00660604055482366 0.0
-0.12463546121726032 0.0010592453963159942 0.09999999999999987
-0.11698964971900339 0.0009253240154557738 0.10000000000000053
-0.06217614405614191 -0.0005134385758115423 0.10000000000000075
-0.12382444421902528 0.007043186683897522 0.0
-0.10483096917066048 0.0062365338803964665 0.0
-0.058715792148337664 0.0012241821395949787 -0.15999999999999992
nan nan nan
-0.04871351106202393 0.0009660757456340235 -0.1599999999999997
nan nan nan
nan nan nan
-0.11698964971900339 0.0009253240154557738 0.10000000000000053
-0.12382444421902528 0.007043186683897522 0.0
-0.056819469570221326 -0.0004761048602231338 0.10000000000000009
-0.06831006077745605 0.0016225971068752482 -0.15999999999999992
-0.08993534676638826 0.00035441929028427743 0.09999999999999964
nan nan nan
-0.11838562382785323 0.0010198136050993262 0.10000000000000053
-0.12449589006488393 0.0010554290555376059 0.10000000000000009
nan nan nan
nan nan nan
-0.09847853476338209 0.0033319720312914025 -0.009999999999998899
nan nan nan
-0.08993534676638815 0.00035441929028427743 0.09999999999999964
-0.15119486577396957 0.004023783314609536 -0.009999999999999787
-0.18366649659854317 0.004467368956011214 -0.15999999999999992
-0.04871351106202393 0.0009660757456340235 -0.15999999999999948
-0.15099083449009443 0.004014742065117996 -0.009999999999998899
nan nan nan
-0.1406135861442377 0.007847276364366176 0.0
-0.07396058989737042 0.0018256321657402902 -0.15999999999999948
-0.15119486577396957 0.004023783314609536 -0.009999999999999343
-0.1613582455712932 0.004155914941061933 -0.010000000000000675
-0.058132974004374005 0.0015847307500645585 -0.1600000000000006
-0.17761958404460343 0.0043737301293275965 -0.1600000000000008
-0.08843906992652084 0.00283883710360211 -0.009999999999997566
-0.1444210014258117 0.001674077842389321 0.10000000000000031
-0.11838562382785334 0.0010198136050993262 0.10000000000000009
-0.16127804180647254 0.004152014911793359 -0.009999999999999787
-0.0785850282007916 0.001244734972918174 -0.1900000000000004
nan nan nan
-0.10563509886203615 0.0023451630254942846 -0.16000000000000036
nan nan nan
-0.060246126467995764 0.002734587268665045 -0.009999999999998899
nan nan nan
-0.057785741495849474 0.0010751325627184963 -0.18999999999999995
nan nan nan
-0.08843906992652084 0.00283883710360211 -0.009999999999997566
-0.1444210014258116 0.001674077842389328 0.10000000000000009
-0.0652746414537776 0.001170099123167491 -0.18999999999999995
-0.16127804180647243 0.004152014911793345 -0.010000000000000675
-0.057785741495849474 0.0010751325627184963 -0.19000000000000128
nan nan nan
nan nan nan
-0.07222930843631759 0.00266295004972978 -0.009999999999998899
-0.07990563233663694 -0.00013297763906833238 0.10000000000000031
nan nan nan
nan nan nan
-0.07990563233663694 -0.00013297763906834625 0.10000000000000053
nan nan nan
nan nan nan
-0.07532654384040605 0.0012331933795177302 -0.18999999999999995
-0.07186990372608326 -0.0003320627861194969 0.10000000000000053
-0.1278312142696716 0.0027385739544760757 -0.1600000000000006
-0.12449589006488393 0.001055429055537592 0.10000000000000009
-0.08841848453717016 0.002838357875955988 -0.009999999999998899
-0.07391198330111215 0.001823960665563104 -0.1599999999999997
nan nan nan
-0.07856608764662787 0.0012443384420189121 -0.1900000000000004
nan nan nan
-0.0785850282007916 0.001244734972918174 -0.18999999999999995
-0.16749337480729687 0.00932142273242205 0.0
-0.12783121426967148 0.0027385739544761034 -0.15999999999999992
-0.05329596747282883 0.0027147028560211423 -0.009999999999998899
-0.1613582455712932 0.004155914941061933 -0.009999999999999787
-0.058132974004373894 0.0015847307500645585 -0.15999999999999992
-0.07853673399542993 0.0012436723948507505 -0.18999999999999817
-0.05329596747282905 0.0027147028560211423 -0.009999999999999343
-0.07222930843631759 0.00266295004972978 -0.009999999999999787
nan nan nan
-0.06831006077745605 0.0016225971068752482 -0.15999999999999948
nan nan nan
nan nan nan
nan nan nan
-0.0652746414537776 0.001170099123167491 -0.18999999999999995
-0.07856608764662787 0.0012443384420189121 -0.18999999999999995
-0.060246126467995875 0.002734587268665045 -0.009999999999998899
nan nan nan
-0.0950457858813466 0.002172567552027216 -0.15999999999999992
-0.09525309127170756 0.002179729476649503 -0.1600000000000006
-0.08843802461328831 0.0028388372921053853 -0.009999999999998899
-0.07396058989737042 0.0018256321657402902 -0.15999999999999948
-0.0884380246132882 0.0028388372921053853 -0.009999999999998899
-0.17761958404460343 0.0043737301293275965 -0.1600000000000006
-0.18366649659854295 0.004467368956011228 -0.15999999999999948
nan nan nan
-0.09525309127170756 0.002179729476649503 -0.1600000000000006
-0.07391198330111215 0.001823960665563104 -0.15999999999999992
-0.0950457858813466 0.002172567552027216 -0.15999999999999992
-0.10563509886203626 0.0023451630254942846 -0.15999999999999948
-0.21744229754330008 0.008638826935700561 0.0
-0.055993557681256245 -0.0011578823285977036 0.0
-0.06688878759827088 -0.0006069631609358361 0.0
nan nan nan
-0.13208196351985435 0.0031993495546660533 0.0
-0.047779551559974154 -0.0016860639092338425 0.0
-0.11549331893015335 0.0022252725105748328 0.0
-0.1745069795705998 0.005779530081571699 0.0
-0.21744229754330008 0.008638826935700561 0.0
-0.1745069795705998 0.005779530081571699 0.0
-0.09549699305403658 0.0010146110203879954 0.0
-0.15429751346387366 0.004578069395606982 0.0
-0.15429751346387366 0.004578069395606982 0.0
-0.11549331893015347 0.0022252725105748328 0.0
-0.055993557681256245 -0.0011578823285977036 0.0
-0.09549699305403658 0.0010146110203879954 0.0
-0.047779551559974154 -0.0016860639092338703 0.0
nan nan nan
-0.1755732057620959 0.007751715287993843 0.0
nan nan nan
-0.2681266075015862 0.013493874328755484 0.0
-0.05732905838392888 -0.0041043298594632405 0.10000000000000031
nan nan nan
nan nan nan
-0.1755732057620959 0.007751715287993843 0.0
nan nan nan
nan nan nan
-0.05231263348224657 -0.0036623047487814586 0.09999999999999964
-0.13709837726130758 -0.0023790155906015242 0.10000000000000053
-0.08231337520919224 -0.003849618930861859 0.10000000000000009
nan nan nan
-0.05231263348224657 -0.0036623047487814586 0.10000000000000031
-0.13654283192619054 -0.0026278370355572733 0.10000000000000053
-0.14302528002899395 -0.0021854976873272314 0.10000000000000009
-0.20031445816761267 0.009176488083220913 0.0
-0.05732905838392888 -0.0041043298594632405 0.10000000000000031
-0.13709837726130747 -0.0023790155906015242 0.10000000000000031
-0.08231337520919224 -0.003849618930861859 0.10000000000000009
nan nan nan
-0.13654283192619032 -0.0026278370355572733 0.10000000000000009
-0.22770940097024667 0.004535810000686813 -0.15999999999999992
-0.19881421367337893 -0.0005033139047487256 0.10000000000000053
-0.06688878759827088 -0.0006069631609358361 0.0
nan nan nan
-0.13316236004879356 0.0025952637965771796 -0.1600000000000006
nan nan nan
-0.02482156144179981 0.0004788662122696685 -0.15999999999999948
-0.18161749588179488 -0.001136565058272726 0.09999999999999964
nan nan nan
-0.034031270047629736 0.000518504222050048 -0.15999999999999925
-0.13316236004879367 0.0025952637965771796 -0.15999999999999992
-0.034031270047629625 0.0005185042220500202 -0.15999999999999925
-0.14092126053575726 0.002241251840038261 -0.1600000000000008
-0.026430004177335653 0.0006267696554935753 -0.16000000000000036
-0.14092126053575738 0.002241251840038233 -0.1600000000000006
-0.026430004177335653 0.0006267696554935753 -0.16000000000000036
-0.06759077500893962 0.0015400423192724055 0.0
-0.12009032317658463 0.0020130279780717075 -0.15999999999999992
-0.18161749588179488 -0.001136565058272726 0.09999999999999987
nan nan nan
-0.06759077500893962 0.0015400423192724055 0.0
nan nan nan
-0.1392547657000568 7.054152827032367e-05 -0.009999999999999787
nan nan nan
nan nan nan
nan nan nan
nan nan nan
-0.2277094009702465 0.004535810000686813 -0.16000000000000036
-0.22769116465338196 0.0045351435937223405 -0.15999999999999948
-0.22053115259201095 0.010626537038371159 0.0
-0.14302528002899395 -0.0021854976873272314 0.10000000000000009
nan nan nan
nan nan nan
-0.18005228660706107 0.004918005541217393 -0.18999999999999773
-0.18005785369090666 0.0049180852681524195 -0.18999999999999995
nan nan nan
-0.17614807409925093 0.001318161954601299 -0.009999999999998899
-0.18005228660706107 0.004918005541217393 -0.18999999999999773
nan nan nan
-0.17614807409925093 0.001318161954601299 -0.009999999999999787
nan nan nan
-0.14870637003875586 0.0003231390460853578 -0.009999999999999787
-0.0796539074946011 -0.0006684827908524926 -0.009999999999999343
-0.12704848332265373 -3.9798705857102545e-05 -0.009999999999999787
nan nan nan
-0.06392620979603747 -0.0008205939500356696 -0.010000000000000675
nan nan nan
-0.11969046594560317 -0.00013331886108597368 -0.009999999999999343
-0.18004472178806374 0.004917900385227714 -0.1899999999999995
-0.18005785369090666 0.0049180852681524195 -0.18999999999999995
nan nan nan
-0.18004472178806374 0.004917900385227714 -0.18999999999999773
-0.0935013249835448 0.004145985848902772 -0.18999999999999995
-0.22053115259201095 0.010626537038371159 0.0
-0.11969046594560317 -0.00013331886108597368 -0.009999999999998899
-0.06392620979603747 -0.0008205939500356418 -0.009999999999999787
-0.12704848332265362 -3.9798705857047034e-05 -0.009999999999999787
nan nan nan
-0.13923790382203938 7.015461680906498e-05 -0.009999999999998899
-0.14870637003875586 0.0003231390460853578 -0.009999999999999787
-0.16761155937353622 0.007277214912973395 0.0
-0.20031445816761256 0.009176488083220913 0.0
-0.1445563126089463 0.004049139451757444 -0.010000000000000675
-0.07241105033194617 -0.0007012976543553373 -0.009999999999999787
-0.0796539074946011 -0.0006684827908525481 -0.009999999999999787
-0.19776536539128398 -0.000534611933476592 0.10000000000000009
-0.2176836465196727 0.0040962882447587445 -0.16000000000000103
nan nan nan
-0.16761155937353622 0.007277214912973395 0.0
-0.19881421367337893 -0.0005033139047487256 0.10000000000000053
-0.08701385505974624 0.004129032159596355 -0.18999999999999906
-0.0935013249835448 0.0041459858489027585 -0.1899999999999995
nan nan nan
-0.08702253936705096 0.00412914684768359 -0.19000000000000128
-0.08701385505974635 0.004129032159596355 -0.1900000000000004
nan nan nan
-0.17126855944573982 0.0035799652387830394 -0.18999999999999995
-0.171223549625953 0.0035794396076686275 -0.18999999999999995
-0.08701882013010176 0.004129097249325031 -0.18999999999999817
-0.12304666660947106 0.004663585823411906 -0.18999999999999995
-0.09350680968911151 0.004146072845789828 -0.18999999999999906
nan nan nan
-0.22769116465338196 0.0045351435937223405 -0.15999999999999992
-0.08701882013010176 0.004129097249325031 -0.18999999999999906
-0.08702253936705096 0.004129146847683618 -0.19000000000000128
-0.2681266075015862 0.013493874328755484 0.0
-0.07241105033194617 -0.0007012976543553373 -0.009999999999999787
-0.19776536539128386 -0.000534611933476592 0.09999999999999964
-0.1612260808642455 0.0032483601052332445 -0.1899999999999995
-0.09350680968911163 0.004146072845789828 -0.18999999999999906
-0.12304666660947106 0.004663585823411906 -0.18999999999999906
-0.1612260808642455 0.0032483601052332445 -0.18999999999999995
0.003947316008789614 0.0014425693438942788 -0.18999999999999995
0.009887156926893126 0.001773261474315807 -0.18999999999999995
nan nan nan
-0.1445563126089462 0.004049139451757416 -0.010000000000001119
nan nan nan
0.003947316008789614 0.0014425693438942788 -0.18999999999999906
-0.1712685594457397 0.0035799652387830394 -0.18999999999999906
-0.06536115941338339 0.002098387142494662 -0.1899999999999995
nan nan nan
nan nan nan
-0.04492821045559192 0.0020117412179302407 -0.18999999999999906
-0.05347681012238459 0.0020854555100013328 -0.1899999999999995
-0.13923790382203938 7.015461680903723e-05 -0.009999999999999787
0.009882680484896045 0.0017733489210931541 -0.1900000000000004
-0.1392547657000568 7.054152827032367e-05 -0.009999999999999787
-0.13208196351985435 0.003199349554666081 0.0
-0.12009032317658452 0.0020130279780717075 -0.15999999999999992
nan nan nan
0.009882680484895934 0.0017733489210931541 -0.18999999999999995
nan nan nan
-0.05347681012238459 0.0020854555100013328 -0.1899999999999995
nan nan nan
nan nan nan
-0.06964842349610756 0.0017422789062340183 0.0
-0.16769193550564654 0.007287798276701979 0.0
-0.16769193550564654 0.007287798276701979 0.0
0.30000000000000004 -0.006474757598368991 0.0
-0.10117810556637785 0.0032742558694515977 0.0
nan nan nan
-0.2176836465196727 0.004096288244758717 -0.16000000000000103
0.009887156926893126 0.001773261474315807 -0.19000000000000128
-0.06964842349610756 0.0017422789062340183 0.0
-0.0653611594133835 0.002098387142494662 -0.18999999999999906
-0.111060073791594 -0.00018871571221731887 0.09999999999999964
-0.2112751379509732 0.0022461050581130126 0.10000000000000053
-0.171223549625953 0.003579439607668655 -0.18999999999999995
-0.10117810556637785 0.0032742558694515977 0.0
-0.04492821045559192 0.0020117412179302407 -0.1899999999999995
-0.11215113834343104 0.0038539790233612925 -0.009999999999999787
-0.02482156144179981 0.0004788662122696685 -0.1599999999999997
-0.23792228653562297 0.003285464977302921 0.10000000000000053
0.30000000000000004 -0.006474757598368991 0.0
-0.11215113834343104 0.0038539790233613203 -0.010000000000000675
0.30000000000000004 -0.006474757598368991 0.0
-0.11232910991852363 0.0038607503615433053 -0.009999999999999787
-0.11232910991852363 0.0038607503615433053 -0.009999999999999343
-0.23792228653562258 0.003285464977302921 0.10000000000000031
-0.1016072372355118 0.0037208312762284645 -0.009999999999999787
-0.1016072372355118 0.0037208312762284507 -0.009999999999999343
0.30000000000000004 -0.006474757598368991 0.0
0.30000000000000004 -0.006474757598368991 0.0
0.30000000000000004 -0.006474757598368991 0.0
-0.08291364677386603 -0.0003993571497421522 0.10000000000000009
-0.22420038771249312 0.002763108823317012 0.10000000000000009
-0.17507557194459145 0.0014379252728747849 0.10000000000000009
-0.22469125951732632 0.002781838248998858 0.10000000000000075
-0.18953258432282027 0.001743142823896121 0.10000000000000009
nan nan nan
-0.1110600737915941 -0.00018871571221731887 0.10000000000000009
-0.08291364677386615 -0.0003993571497421522 0.10000000000000009
nan nan nan
-0.22469125951732632 0.002781838248998858 0.10000000000000053
-0.1750755719445921 0.0014379252728747849 0.10000000000000009
-0.18953258432282027 0.001743142823896121 0.10000000000000031
-0.13858467347243042 0.004119900771543242 -0.010000000000001119
-0.13858467347243042 0.004119900771543242 -0.010000000000000675
-0.2242003877124933 0.0027631088233170675 0.10000000000000009
-0.21127513795097325 0.0022461050581130126 0.10000000000000031
-0.17028182846811746 0.01451490740208411 0.0
-0.24300928508934838 0.01882528786478449 0.0
-0.2000343391595399 0.016309644296076786 0.0
-0.23005698046938577 0.018033057635144734 0.0
-0.23248355592459058 0.018215642860261727 0.0
0.30000000000000004 -0.003908099086468969 0.0
0.30000000000000004 -0.003908099086468969 0.0
-0.23005698046938577 0.018033057635144734 0.0
-0.07543585267311825 0.000385901639137598 0.10000000000000031
nan nan nan
0.30000000000000004 -0.003908099086468969 0.0
-0.2000343391595399 0.016309644296076786 0.0
-0.05423349961458679 0.008165850632414429 0.0
-0.23248355592459052 0.018215642860261727 0.0
-0.16264901993080905 0.014077468709852992 0.0
-0.06500990606831003 0.008627407775620544 0.0
-0.24300928508934838 0.01882528786478449 0.0
-0.16264901993080905 0.014077468709852992 0.0
-0.17028182846811746 0.01451490740208411 0.0
0.30000000000000004 -0.003908099086468969 0.0
-0.06500990606831003 0.008627407775620544 0.0
nan nan nan
-0.12340180872502315 0.01178033196417072 0.0
-0.19717383170317504 -6.381285458953445e-05 0.10000000000000053
0.30000000000000004 -0.003908099086468969 0.0
-0.18359540844868127 0.0033651869927964206 -0.15999999999999992
-0.07543585267311825 0.000385901639137598 0.10000000000000031
-0.18488037650898215 0.002872992374130745 -0.15999999999999992
nan nan nan
0.30000000000000004 -0.006394348061948468 0.10000000000000009
0.30000000000000004 0.010043663263431202 -0.18999999999999995
-0.18488037650898204 0.0028729923741308006 -0.1599999999999997
-0.26786785562670834 0.0028106000769828055 0.09999999999999987
-0.26786785562670834 0.0028106000769828055 0.09999999999999964
0.30000000000000004 0.0036211279801439678 -0.15999999999999992
0.30000000000000004 0.0036211279801439678 -0.15999999999999992
0.30000000000000004 0.0036211279801439678 -0.15999999999999992
nan nan nan
-0.19024935290110911 -0.0005735492267344711 0.10000000000000009
0.30000000000000004 0.0036211279801439678 -0.15999999999999992
-0.16715427078552658 0.0024816858243075224 -0.15999999999999992
0.30000000000000004 0.0036211279801439678 -0.15999999999999992
-0.20274257817020896 0.0035606979710727793 -0.1599999999999997
-0.28338974322459226 0.004507290143941467 0.09999999999999942
-0.2833897432245923 0.004507290143941467 0.09999999999999964
-0.054745170800568954 -0.0026410389549011704 0.10000000000000009
0.30000000000000004 -0.006394348061948468 0.10000000000000009
-0.17684203306548263 0.0032161548836944776 -0.16000000000000036
0.30000000000000004 0.0036211279801439678 -0.15999999999999992
-0.20274257817020896 0.003560697971072807 -0.15999999999999992
-0.16715427078552658 0.0024816858243075224 -0.15999999999999992
-0.04847758328415641 0.0017448064694962906 -0.15999999999999992
-0.04847758328415641 0.0017448064694962906 -0.15999999999999992
-0.2578086540612768 0.0021802450084561498 0.10000000000000031
0.30000000000000004 -0.006394348061948468 0.10000000000000009
-0.2578086540612768 0.0021802450084561498 0.10000000000000009
-0.04641423264048583 0.0018628188865233153 -0.15999999999999992
-0.0928067764331495 0.0010790597901005894 -0.1600000000000006
-0.16594924879962625 0.003245986302969961 -0.1600000000000006
-0.16594924879962614 0.003245986302969933 -0.1600000000000006
-0.04641423264048583 0.0018628188865233153 -0.1599999999999997
-0.0928067764331495 0.0010790597901005894 -0.1600000000000006
-0.21279719671738023 0.004835548710385523 -0.15999999999999992
-0.09544807035616998 -0.00189044522062351 0.10000000000000031
0.30000000000000004 -0.006394348061948468 0.10000000000000009
-0.25779599425531896 0.002179818116296528 0.10000000000000009
0.30000000000000004 -0.006394348061948468 0.10000000000000009
-0.13552383847285088 -0.0021048310978612483 0.10000000000000009
-0.19274785491145507 0.003121800116561546 -0.15999999999999992
-0.054745170800568954 -0.0026410389549011704 0.10000000000000009
-0.05937264385221963 -0.0008435384522274825 -0.009999999999999787
-0.1957985619396858 0.0038624056968495912 -0.1600000000000008
-0.09544807035616998 -0.00189044522062351 0.10000000000000031
-0.11931401427274935 0.0006603004052996297 -0.009999999999999787
-0.1638879823264041 0.0009127499304827924 -0.009999999999999787
-0.18359540844868127 0.0033651869927964206 -0.1599999999999997
-0.1638879823264041 0.0009127499304827924 -0.009999999999998899
-0.16391435024862266 0.0009143078345411337 -0.009999999999999787
-0.1570464451667304 0.0008120333484268882 -0.009999999999998899
-0.1835844390423168 0.003364762006325406 -0.15999999999999948
-0.16391435024862278 0.0009143078345411337 -0.009999999999999787
-0.1718713656217279 0.0013334463777808503 -0.009999999999999787
0.30000000000000004 0.0042890867844423974 -0.009999999999999787
-0.1835987208526485 0.0033652450060838723 -0.16000000000000103
-0.19579856193968592 0.0038624056968495912 -0.1600000000000006
-0.12741756661028225 5.433962598047626e-05 -0.009999999999998899
-0.1835987208526486 0.0033652450060838723 -0.1600000000000008
-0.16906958445381903 0.0030732892552811086 -0.1600000000000006
-0.059578302587467435 0.0014024735186992099 -0.15999999999999992
-0.15079833250924257 0.0023915815795956252 -0.1599999999999997
-0.06343337826581263 0.0009524205148119524 -0.18999999999999906
0.30000000000000004 0.0042890867844423974 -0.009999999999999787
0.30000000000000004 0.005635727642361643 -0.15999999999999992
0.30000000000000004 0.005635727642361643 -0.15999999999999992
-0.02954404214206674 -0.0006073598411148184 -0.009999999999999787
-0.1570464451667304 0.0008120333484269715 -0.009999999999999787
0.30000000000000004 0.0042890867844423974 -0.009999999999999787
-0.12741756661028047 5.4339625980365236e-05 -0.009999999999999343
0.30000000000000004 0.0042890867844423974 -0.009999999999999787
-0.11931401427274935 0.0006603004052996297 -0.009999999999999787
-0.05937264385221963 -0.0008435384522274825 -0.010000000000000675
0.30000000000000004 0.0042890867844423974 -0.009999999999999787
-0.04799479253407535 -0.0002855815954053986 -0.009999999999999343
0.30000000000000004 0.005635727642361643 -0.15999999999999992
-0.09633680571152115 0.001601097835503995 -0.1600000000000006
-0.04799479253407535 -0.0002855815954054264 -0.009999999999998899
0.30000000000000004 0.010043663263431202 -0.18999999999999995
0.30000000000000004 0.005635727642361643 -0.15999999999999992
-0.15079833250924257 0.0023915815795956252 -0.15999999999999948
-0.16906958445381903 0.0030732892552811086 -0.1600000000000006
0.30000000000000004 0.0042890867844423974 -0.009999999999999787
0.30000000000000004 0.010043663263431202 -0.18999999999999995
0.30000000000000004 -0.006394348061948468 0.10000000000000009
-0.18322136990767923 0.0023078024603952474 -0.1899999999999995
0.30000000000000004 0.010043663263431202 -0.18999999999999995
0.30000000000000004 0.005635727642361643 -0.15999999999999992
0.013093050916372029 0.00013758231289165423 -0.18999999999999995
0.30000000000000004 0.010043663263431202 -0.18999999999999995
-0.1718713656217279 0.0013334463777808503 -0.009999999999999787
0.013093050916372029 0.00013758231289162648 -0.18999999999999995
-0.014285033329121566 0.000373071522788343 -0.1899999999999995
0.30000000000000004 0.005747211224490845 -0.009999999999999787
nan nan nan
-0.1835844390423167 0.003364762006325406 -0.15999999999999948
0.30000000000000004 0.010043663263431202 -0.18999999999999995
-0.17624343265215392 0.002209633480961981 -0.1899999999999995
-0.15979409635595643 0.0029217347176631603 -0.009999999999999343
-0.16007783314360569 0.0029362292099427423 -0.009999999999999343
-0.2112042042097902 0.0029806449184326955 -0.19000000000000128
0.002113066776526007 0.00011398070624701884 -0.19000000000000128
-0.05423349961458679 0.008165850632414429 0.0
-0.18322136990767923 0.0023078024603952474 -0.1899999999999995
0.002113066776526007 0.00011398070624701884 -0.1900000000000004
-0.014285033329121566 0.000373071522788343 -0.1899999999999995
-0.16527019766189344 0.0018578872663811419 -0.19000000000000128
-0.17528012533457216 0.002187363595152564 -0.18999999999999995
-0.16527019766189344 0.0018578872663811419 -0.19000000000000128
-0.0817064537766029 0.0010774175432254618 -0.1900000000000004
-0.17528012533457216 0.002187363595152564 -0.18999999999999995
-0.06343337826581275 0.0009524205148119524 -0.18999999999999995
-0.17624343265215392 0.002209633480961981 -0.1899999999999995
-0.0817064537766029 0.0010774175432254618 -0.18999999999999995
-0.12340180872502315 0.01178033196417072 0.0
-0.02954404214206674 -0.000607359841114874 -0.009999999999999787
-0.05957830258746766 0.0014024735186992099 -0.15999999999999992
0.30000000000000004 0.011589954501248667 -0.18999999999999995
0.30000000000000004 -0.003908099086468969 0.0
-0.20120084826595191 0.0025147796371896014 -0.18999999999999906
0.30000000000000004 0.011589954501248667 -0.18999999999999995
-0.04735565259582741 0.000970501388443179 -0.18999999999999995
-0.190249352901109 -0.0005735492267344711 0.10000000000000009
-0.25779599425531896 0.002179818116296528 0.10000000000000053
-0.09633680571152115 0.001601097835503995 -0.1600000000000006
-0.20120084826595197 0.002514779637189657 -0.18999999999999906
-0.16389344446688903 0.0031834212491045344 -0.009999999999999343
-0.13007284316546508 0.0024926225690851678 -0.009999999999998899
-0.15979409635595643 0.0029217347176631048 -0.009999999999999343
-0.16015583037514625 0.002940101377272686 -0.009999999999998899
-0.21120403256043763 0.002980665468983179 -0.18999999999999995
-0.16010850310730274 0.002937673405173369 -0.009999999999999787
0.30000000000000004 0.005747211224490845 -0.009999999999999787
-0.16389344446688903 0.0031834212491045344 -0.009999999999999343
-0.16015583037514625 0.002940101377272686 -0.009999999999998899
-0.10341364807629305 0.0018374563207900207 -0.009999999999999343
0.30000000000000004 0.011589954501248667 -0.18999999999999995
-0.16010850310730274 0.002937673405173369 -0.009999999999999343
0.30000000000000004 0.011589954501248667 -0.18999999999999995
-0.16007783314360569 0.0029362292099427423 -0.009999999999998899
-0.13007284316546508 0.0024926225690851678 -0.009999999999998899
-0.10341364807629305 0.0018374563207899652 -0.009999999999999343
-0.010213587620136688 0.0007558057835692633 -0.18999999999999995
-0.21279719671738018 0.004835548710385523 -0.15999999999999948
-0.13552383847285077 -0.0021048310978612483 0.10000000000000031
nan nan nan
-0.19717383170317504 -6.381285458953445e-05 0.10000000000000031
-0.19274785491145507 0.0031218001165616016 -0.15999999999999948
-0.17684203306548263 0.0032161548836944776 -0.16000000000000036
-0.019317451860228485 0.0011182011709761075 -0.009999999999999343
0.30000000000000004 0.005747211224490845 -0.009999999999999787
0.30000000000000004 0.005747211224490845 -0.009999999999999787
-0.21120403256043768 0.0029806654689832346 -0.19000000000000128
-0.19111417951421272 0.002427885095476645 -0.18999999999999906
0.30000000000000004 0.005747211224490845 -0.009999999999999787
-0.2112042042097902 0.0029806449184326955 -0.19000000000000128
0.30000000000000004 0.011589954501248667 -0.18999999999999995
-0.19111417951421295 0.002427885095476645 -0.18999999999999817
-0.15164466927654507 0.002098370023877194 -0.1900000000000004
-0.019317451860228485 0.0011182011709761075 -0.009999999999998899
-0.010213587620136688 0.0007558057835692633 -0.19000000000000128
0.30000000000000004 0.005635727642361643 -0.15999999999999992
0.30000000000000004 0.011589954501248667 -0.18999999999999995
-0.04735565259582741 0.000970501388443179 -0.18999999999999995
-0.21105658295988622 0.0029662904991684114 -0.19000000000000128
-0.0916667897906992 0.0014041030416928058 -0.18999999999999995
-0.15164466927654507 0.0020983700238771386 -0.18999999999999995
-0.21105658295988622 0.002966290499168467 -0.18999999999999995
0.30000000000000004 0.005747211224490845 -0.009999999999999787
-0.007925508757249178 0.001046936636797946 -0.009999999999998899
-0.007925508757249178 0.001046936636797946 -0.009999999999999343
-0.09166678979069909 0.0014041030416928058 -0.18999999999999995
-0.12233117447547148 0.00021037178355909347 0.10000000000000009
-0.1574124230420828 0.0064123741606709125 0.0
-0.24902645042238303 0.013791390994170788 0.0
nan nan nan
-0.16744094118655262 0.006841112480063076 0.0
nan nan nan
nan nan nan
-0.1384484284238059 0.005607519163414863 0.0
-0.14734474811766662 0.005976654512974293 0.0
-0.1473738045205738 0.005978321547239887 0.0
-0.1574124230420828 0.0064123741606709125 0.0
-0.18753254659987884 0.007893097647742556 0.0
-0.14737380452057403 0.005978321547239887 0.0
nan nan nan
nan nan nan
-0.16744094118655262 0.006841112480063076 0.0
-0.14734474811766662 0.005976654512974293 0.0
nan nan nan
nan nan nan
-0.21249132438109308 0.011001444830412474 0.0
nan nan nan
-0.21249132438109308 0.011001444830412488 0.0
-0.15690838174817112 0.0075711589659578915 0.0
-0.24902645042238325 0.01379139099417083 0.0
-0.038367981468047874 0.0006464247449670391 -0.15999999999999925
-0.14970032466180827 0.007162522000779187 0.0
-0.13221599833349373 0.006147109198612971 0.0
-0.1398276829747821 0.006540003798351457 0.0
-0.13989378465994107 0.0065442512737659 0.0
nan nan nan
-0.15195640419863543 0.0012987188246405199 0.10000000000000053
nan nan nan
-0.14970032466180827 0.007162522000779173 0.0
-0.13985013252023926 0.006541651268953952 0.0
-0.12233132064301089 0.00021037609928253181 0.10000000000000009
-0.12233117447547148 0.00021037178355909347 0.10000000000000031
-0.13985013252023926 0.006541651268953952 0.0
-0.12229868292569335 0.00020953821152246838 0.10000000000000053
-0.11477884605809885 7.947401203485527e-05 0.10000000000000009
-0.10685304247094785 -4.5669796057294654e-05 0.09999999999999964
-0.12229868292569335 0.00020953821152246838 0.10000000000000053
-0.12232190394904252 0.00021013233030707512 0.10000000000000053
-0.13221599833349373 0.006147109198612971 0.0
-0.11477884605809885 7.947401203485527e-05 0.10000000000000009
-0.12233132064301111 0.00021037609928252488 0.10000000000000009
-0.13989378465994107 0.0065442512737659 0.0
-0.10685156207306068 -4.5711858331770605e-05 0.09999999999999964
-0.12232190394904252 0.00021013233030707512 0.10000000000000053
-0.15195640419863543 0.0012987188246405199 0.10000000000000053
nan nan nan
nan nan nan
-0.15690838174817112 0.0075711589659578915 0.0
nan nan nan
-0.1223483711433726 0.00021081674845580683 0.10000000000000031
nan nan nan
-0.1398276829747821 0.006540003798351457 0.0
nan nan nan
-0.10685156207306068 -4.5711858331770605e-05 0.09999999999999964
-0.10685304247094762 -4.566979605730853e-05 0.09999999999999964
-0.13228630875663472 0.006150934411676814 0.0
-0.13228630875663472 0.006150934411676814 0.0
-0.0683366178921232 0.001503741696295531 -0.16000000000000036
-0.07792825332394748 0.001902132000535059 -0.15999999999999992
nan nan nan
nan nan nan
-0.04833645347423854 0.0007513584421298611 -0.15999999999999992
-0.07792825332394748 0.001902132000535059 -0.15999999999999992
-0.03836479459244546 0.0006464165185323528 -0.15999999999999948
-0.04833645347423854 0.0007513584421298611 -0.15999999999999992
nan nan nan
nan nan nan
-0.03836479459244546 0.0006464165185323528 -0.15999999999999992
-0.0683366178921232 0.001503741696295531 -0.15999999999999992
-0.03836303505486549 0.0006464118799652668 -0.1599999999999997
-0.03836409843168731 0.0006464148214772522 -0.1599999999999997
-0.04833645958277588 0.0007513585296921241 -0.15999999999999992
nan nan nan
-0.1223483711433726 0.00021081674845580683 0.10000000000000009
nan nan nan
-0.030659645395240243 0.0005163754158585415 -0.15999999999999992
-0.03836303505486549 0.0006464118799652668 -0.15999999999999948
-0.04833645958277588 0.0007513585296921241 -0.15999999999999992
nan nan nan
-0.03836409843168731 0.0006464148214772522 -0.15999999999999925
nan nan nan
-0.03065964539524013 0.0005163754158585415 -0.16000000000000036
-0.038367981468047874 0.0006464247449670391 -0.15999999999999948
-0.17380641787597917 0.001581320374681408 0.10000000000000031
-0.12394786251097023 0.0034869074619511 -0.010000000000000675
-0.12509314676049488 0.003508589776446268 -0.009999999999999787
nan nan nan
-0.10706751141602955 0.002890995797949568 -0.009999999999999787
-0.2045275811387638 0.0029489462685540896 0.09999999999999964
-0.09093774433675783 0.0026203648936774515 -0.009999999999998899
-0.12394786251097023 0.0034869074619511 -0.010000000000001119
nan nan nan
-0.09705972690425568 0.0026703882462397258 -0.009999999999999787
nan nan nan
-0.17380641787597917 0.001581320374681408 0.10000000000000031
-0.2045275811387638 0.0029489462685540896 0.10000000000000009
-0.06432528424484019 -0.001133095694217351 0.10000000000000031
-0.19165875165091995 0.0021576462139074604 0.10000000000000053
-0.15544617581506492 0.0011926495268754778 0.09999999999999987
-0.19165875165091995 0.0021576462139074604 0.1000000000000012
-0.06432528424484019 -0.001133095694217351 0.10000000000000031
-0.09705972690425568 0.0026703882462397258 -0.009999999999999787
nan nan nan
nan nan nan
-0.0651847302715719 0.0011227296645407725 -0.18999999999999906
-0.09093774433675783 0.0026203648936774515 -0.009999999999998899
-0.09706722929564826 0.0026705673138965394 -0.009999999999999787
-0.12509314676049488 0.003508589776446268 -0.009999999999999787
-0.09706722929564804 0.0026705673138965394 -0.010000000000000675
nan nan nan
-0.0551392361714087 0.0010586706098195953 -0.1899999999999995
-0.08303720900064449 -0.0007841645462771385 0.10000000000000075
-0.10706751141602944 0.002890995797949561 -0.010000000000000675
-0.09937287488265645 -0.00043417540979562297 0.09999999999999964
-0.10937996607436762 5.225808136441468e-05 0.10000000000000053
-0.15544617581506492 0.0011926495268754778 0.10000000000000031
nan nan nan
-0.07020819358507868 0.0011285417820698085 -0.18999999999999995
nan nan nan
-0.12093158941765347 0.0025824123512130787 -0.15999999999999948
-0.07156827714921632 0.0026598694723879643 -0.010000000000000675
-0.12071427925708456 0.0025748337985972702 -0.1599999999999988
nan nan nan
-0.07156827714921632 0.0026598694723879643 -0.010000000000000675
nan nan nan
-0.05113363430351292 0.0010639132188913145 -0.18999999999999995
-0.09937287488265645 -0.00043417540979562297 0.09999999999999942
-0.10937996607436762 5.225808136441468e-05 0.10000000000000053
nan nan nan
-0.10501918144333644 0.0013053613785053986 -0.18999999999999995
-0.0848536423564461 0.0027400873986936497 -0.009999999999999787
-0.07156032309666194 0.0026597619042882173 -0.009999999999998899
-0.05113363430351292 0.0010639132188913145 -0.18999999999999995
-0.06518473027157201 0.0011227296645407794 -0.18999999999999906
-0.0848536423564461 0.0027400873986936497 -0.009999999999999343
-0.07156032309666194 0.0026597619042882173 -0.009999999999998899
-0.07020819358507868 0.0011285417820698085 -0.18999999999999906
-0.0551392361714087 0.0010586706098195953 -0.18999999999999906
nan nan nan
-0.07951458515693322 0.0011944846636668324 -0.18999999999999995
-0.0795145851569331 0.0011944846636668185 -0.18999999999999906
-0.2320755653589236 0.005542877180344977 -0.1599999999999988
nan nan nan
nan nan nan
-0.06516097647822183 0.0011223175256499796 -0.18999999999999817
-0.10501918144333644 0.0013053613785053986 -0.18999999999999995
-0.0511220986979265 0.001063708316531374 -0.18999999999999817
nan nan nan
-0.06516097647822183 0.0011223175256499726 -0.18999999999999906
nan nan nan
nan nan nan
-0.0511220986979265 0.001063708316531374 -0.18999999999999906
-0.12152153362905538 0.002604145014913767 -0.16000000000000036
-0.05513500543669869 0.001058626805648638 -0.18999999999999906
nan nan nan
nan nan nan
-0.23217346332267474 0.005545245521655154 -0.15999999999999948
-0.16363151178689228 0.003263924338805138 -0.15999999999999948
-0.23217346332267497 0.005545245521655154 -0.1599999999999997
-0.16363151178689228 0.003263924338805138 -0.15999999999999992
-0.08303720900064449 -0.0007841645462771385 0.10000000000000098
-0.12071427925708456 0.0025748337985972564 -0.1599999999999988
-0.06791508544730906 -0.0009281069689080351 0.10000000000000031
-0.2320755653589236 0.005542877180344977 -0.1599999999999988
-0.18753254659987884 0.007893097647742556 0.0
-0.1473722106544899 0.005978228282634376 0.0
-0.1473722106544899 0.00597822828263439 0.0
-0.16745050086577074 0.006841663721319544 0.0
-0.26940699685748026 0.012792138204131442 0.0
-0.13844842842380578 0.005607519163414863 0.0
-0.16745050086577074 0.006841663721319544 0.0
-0.26940699685748026 0.012792138204131442 0.0
-0.06791508544730906 -0.0009281069689080212 0.10000000000000009
nan nan nan
nan nan nan
-0.05513500543669869 0.001058626805648638 -0.18999999999999817
nan nan nan
-0.12152153362905527 0.0026041450149137807 -0.1600000000000006
-0.20868362696060894 0.004027695191101646 -0.010000000000000675
-0.09602087194297226 0.0022211978577622304 -0.1600000000000006
-0.0960725000523952 0.002222973637950154 -0.15999999999999948
-0.0960725000523952 0.002222973637950154 -0.15999999999999948
-0.198592772896809 0.0038994695483044323 -0.009999999999999787
nan nan nan
-0.20868362696060905 0.004027695191101646 -0.009999999999999787
-0.12093158941765347 0.0025824123512130648 -0.15999999999999948
-0.07999178593329026 0.001977285802284942 -0.1599999999999986
nan nan nan
-0.18149641051955712 0.003751751473217116 -0.009999999999999787
-0.09602087194297226 0.0022211978577622304 -0.1600000000000006
nan nan nan
-0.18149641051955712 0.003751751473217116 -0.009999999999999343
-0.07999178593329026 0.001977285802284942 -0.15999999999999925
-0.198592772896809 0.0038994695483044184 -0.009999999999999787
-0.20004056115175517 0.003962115390850202 -0.009999999999999787
-0.20004056115175528 0.003962115390850229 -0.010000000000001119
-0.17543513299925495 0.0036301536830593284 0.0
nan nan nan
-0.10629265636613972 -0.0003826810447168927 0.0
-0.11656628977703998 0.00017835712971103757 0.0
nan nan nan
-0.21119225925648255 0.0057993920692279155 0.0
-0.21119225925648244 0.005799392069227943 0.0
nan nan nan
nan nan nan
-0.11523968370631898 0.00018080505889853105 0.0
-0.27799194212542533 0.010084680154423459 0.0
-0.10629265636613972 -0.0003826810447168927 0.0
nan nan nan
-0.11656628977703998 0.00017835712971103757 0.0
nan nan nan
nan nan nan
-0.26797636172779626 0.005851090728353742 -0.1600000000000006
-0.09831861142013898 -0.002933479205258188 0.10000000000000031
-0.13338650454142187 -0.0023062492524401623 0.10000000000000031
nan nan nan
0.19999999999999996 0.0002683921301709913 0.0
-0.13338650454142187 -0.0023062492524401623 0.10000000000000031
-0.262480307646929 0.013160328860620213 0.0
nan nan nan
-0.23477829127583694 0.011596341201769944 0.0
nan nan nan
-0.3163755426585541 0.01635839078165094 0.0
-0.3163755426585541 0.01635839078165094 0.0
nan nan nan
-0.09831861142013898 -0.002933479205258216 0.10000000000000053
-0.09882416450560472 -0.0021724919226253914 0.09999999999999964
-0.09882416450560472 -0.0021724919226253914 0.09999999999999964
-0.23831387994379838 0.0002625281449583905 0.0999999999999992
-0.23826267352073893 0.00026043703040390387 0.09999999999999964
-0.21254883557511606 -0.000433578230384396 0.10000000000000053
nan nan nan
-0.23831387994379838 0.0002625281449583905 0.09999999999999964
-0.2064554687321578 -0.0006328515387105937 0.10000000000000031
-0.2558890021971769 0.0009235142718753697 0.10000000000000009
-0.2064730890961588 -0.0006321746709352094 0.10000000000000031
-0.21254883557511606 -0.000433578230384396 0.10000000000000053
-0.2064730890961589 -0.0006321746709352094 0.10000000000000031
-0.2558890021971768 0.0009235142718753697 0.10000000000000009
-0.14733467221616614 0.0027152408391968585 -0.1599999999999986
nan nan nan
-0.2718005373288268 0.013743892601218971 0.0
-0.23496565543623082 0.011602628377482438 0.0
-0.24137109390148748 0.011936381293116888 0.0
-0.2579822572116349 0.005412369606283107 -0.15999999999999948
-0.23496565543623082 0.011602628377482438 0.0
-0.24137109390148748 0.011936381293116888 0.0
-0.1679511990167828 0.007387902929269274 0.0
nan nan nan
-0.1536939522619285 0.0065812605471815555 0.0
nan nan nan
-0.20645546873215792 -0.0006328515387105937 0.10000000000000053
-0.262480307646929 0.013160328860620213 0.0
-0.2036573376564852 0.004243909408049917 -0.15999999999999992
-0.26802316127881776 0.005851935889910925 -0.15999999999999992
-0.2579822572116349 0.005412369606283107 -0.1599999999999997
-0.1679511990167828 0.007387902929269247 0.0
-0.1782390004168689 0.003046244136219234 -0.15999999999999925
-0.2011439713004337 0.0006534145240843225 -0.009999999999999787
-0.17457906124408573 0.0037830339933170726 -0.009999999999999787
nan nan nan
nan nan nan
-0.23477829127583694 0.011596341201769944 0.0
-0.07117549004905144 0.0015376956424229815 -0.1599999999999997
nan nan nan
-0.17823900041686902 0.003046244136219234 -0.15999999999999948
nan nan nan
-0.14733467221616614 0.0027152408391968585 -0.15999999999999925
-0.26797636172779626 0.005851090728353742 -0.1600000000000006
-0.2036573376564852 0.004243909408049917 -0.1599999999999997
nan nan nan
-0.07117549004905144 0.0015376956424230093 -0.1599999999999997
-0.14339675284211684 0.003801166270630832 -0.009999999999999787
-0.07861615124188392 0.0014220999904221432 -0.15999999999999992
-0.06924142711976133 0.0013769686889038568 -0.15999999999999925
nan nan nan
nan nan nan
-0.26802316127881776 0.005851935889910925 -0.15999999999999992
nan nan nan
nan nan nan
-0.14505552729135895 1.191486224738636e-06 -0.010000000000000675
-0.09611294116331115 -0.0005483089956345444 -0.009999999999999343
nan nan nan
nan nan nan
-0.14505552729135895 1.191486224738636e-06 -0.009999999999999787
-0.21976418916179685 0.001418948026152389 -0.009999999999999787
-0.31747791228368666 0.004620538915505179 0.09999999999999964
-0.06924142711976133 0.0013769686889038568 -0.1599999999999988
-0.2086842275660057 0.005265498825440848 -0.18999999999999906
-0.1119330855134395 -0.00039448344351791786 -0.009999999999999787
nan nan nan
-0.09611294116331104 -0.0005483089956345444 -0.009999999999999787
nan nan nan
-0.19165113889342622 0.0003993760011443137 -0.009999999999998899
nan nan nan
nan nan nan
-0.21976418916179674 0.0014189480261524168 -0.009999999999999343
-0.08311124414711335 0.004112432055201357 -0.18999999999999995
nan nan nan
-0.1119330855134395 -0.00039448344351791786 -0.009999999999999787
-0.08310147827032 0.004112267342602935 -0.18999999999999773
-0.08960752071293843 0.004129730267582482 -0.18999999999999906
nan nan nan
-0.15823614083062787 0.00010493499873237555 -0.009999999999999787
-0.18388031392647652 0.000323595412680483 -0.009999999999999343
-0.19165113889342622 0.0003993760011443137 -0.009999999999998455
-0.15823614083062787 0.00010493499873237555 -0.009999999999999787
-0.20869339170812395 0.005265648298894934 -0.19000000000000128
-0.20869339170812395 0.005265648298894934 -0.1900000000000004
-0.1045763679560453 -0.0004294609905640401 -0.009999999999998899
-0.18388031392647652 0.000323595412680483 -0.009999999999999343
nan nan nan
-0.2011439713004337 0.0006534145240843225 -0.009999999999999787
-0.20866100686312372 0.005265093737348819 -0.18999999999999995
-0.08958836705490902 0.004129399764838018 -0.18999999999999995
-0.22964158962685055 0.004397386058177383 -0.18999999999999995
-0.12297141777300302 0.0029582759514731882 -0.18999999999999995
-0.22964158962685066 0.004397386058177383 -0.18999999999999995
-0.21963969673773176 0.004066257417382174 -0.19000000000000128
-0.08311124414711335 0.004112432055201357 -0.18999999999999995
-0.11932965451613264 0.004651113372474425 -0.18999999999999906
-0.2086610068631236 0.005265093737348792 -0.18999999999999995
-0.09807458764929822 0.0029458144042085466 -0.18999999999999906
-0.10457636795604519 -0.0004294609905640401 -0.009999999999998899
-0.08958836705490913 0.004129399764838032 -0.18999999999999995
-0.2086842275660057 0.005265498825440862 -0.18999999999999773
-0.11932965451613264 0.004651113372474425 -0.1899999999999995
-0.08310147827032 0.004112267342602935 -0.18999999999999773
-0.21963969673773176 0.004066257417382174 -0.19000000000000128
nan nan nan
-0.08960752071293843 0.004129730267582482 -0.18999999999999906
-0.08308936344926643 0.004112065681767946 -0.1900000000000004
-0.12297141777300302 0.0029582759514731882 -0.18999999999999995
-0.09369571285783995 0.0027706664136513404 -0.18999999999999995
nan nan nan
nan nan nan
-0.08308936344926643 0.004112065681767946 -0.1900000000000004
-0.01961307544196489 0.002464533633302568 -0.1900000000000004
-0.09369571285783984 0.0027706664136513404 -0.1900000000000004
-0.025550972016615825 0.0021335843213952654 -0.18999999999999906
-0.22965707807729951 0.004397755576194762 -0.18999999999999906
-0.22965707807729951 0.004397755576194762 -0.18999999999999906
-0.09807458764929833 0.0029458144042085466 -0.18999999999999906
-0.025550972016615825 0.0021335843213952654 -0.1899999999999995
-0.013593877043772018 0.0026580448542329327 -0.19000000000000128
-0.01961307544196489 0.002464533633302568 -0.18999999999999995
nan nan nan
nan nan nan
nan nan nan
-0.29708218360849104 0.003742847508076713 0.09999999999999964
-0.14339675284211673 0.003801166270630832 -0.009999999999999787
-0.27886694703993364 0.0032549261107878424 0.10000000000000031
-0.13858234866180086 0.0035077056964995246 -0.009999999999999787
-0.2341944813312148 0.007203784561199772 0.0
-0.17457906124408185 0.003783033993317045 -0.009999999999999787
-0.23826267352073904 0.00026043703040390387 0.09999999999999964
-0.17543513299925495 0.0036301536830593284 0.0
-0.11523968370631898 0.00018080505889853105 0.0
-0.1432067496161723 0.003794475308274342 -0.009999999999999787
-0.2576999398361388 0.0029335047267360914 0.10000000000000053
-0.23388780486923066 0.007182222159170609 0.0
-0.3072669548152806 0.004206899772323497 0.10000000000000031
-0.27799194212542533 0.010084680154423459 0.0
nan nan nan
-0.15559734780580758 0.002432468094284962 0.0
-0.013593877043772018 0.002658044854232877 -0.19000000000000128
-0.2341944813312148 0.007203784561199772 0.0
-0.27886694703993364 0.0032549261107878424 0.10000000000000031
-0.16158871588373636 0.00037519751569520254 0.09999999999999964
-0.14836753113683954 0.006400736177008842 0.0
-0.12273634933929933 -4.580231264456058e-05 0.10000000000000009
0.19999999999999996 0.00026839213017096353 0.0
0.19999999999999996 0.00026839213017096353 0.0
-0.23388780486923055 0.007182222159170609 0.0
-0.2502706435084865 0.002666773376349768 0.10000000000000053
0.19999999999999996 0.0002683921301709913 0.0
-0.1432067496161723 0.0037944753082743143 -0.009999999999999787
-0.16158871588373636 0.00037519751569525805 0.09999999999999964
-0.15559734780580758 0.002432468094284962 0.0
-0.1536939522619285 0.0065812605471815555 0.0
-0.2718005373288268 0.013743892601218971 0.0
-0.31747791228368666 0.004620538915505179 0.09999999999999942
-0.17509402520312334 0.0037875946240962383 -0.009999999999999787
-0.14836753113683954 0.006400736177008842 0.0
-0.07861615124188404 0.0014220999904221432 -0.1599999999999997
-0.3072669548152806 0.004206899772323497 0.10000000000000031
-0.13858234866180097 0.0035077056964995246 -0.009999999999999787
nan nan nan
-0.2502706435084865 0.002666773376349768 0.10000000000000053
-0.17509402520312334 0.0037875946240962383 -0.010000000000000675
0.19999999999999996 0.00026839213017096353 0.0
-0.12273634933929933 -4.580231264456058e-05 0.10000000000000009
-0.2576999398361386 0.0029335047267360914 0.10000000000000009
-0.29708218360849104 0.0037428475080766577 0.09999999999999964
nan nan nan
0.19999999999999996 0.00026839213017096353 0.0
-0.1366984333011858 0.009155958359758909 0.0
-0.09182792270536544 0.0019153478982720518 -0.16000000000000036
0.19999999999999996 0.0034741400838535497 0.0
-0.3035343865389678 0.01881370511433944 0.0
0.19999999999999996 0.0034741400838535497 0.0
0.19999999999999996 0.0034741400838535497 0.0
0.19999999999999996 0.0034741400838535497 0.0
0.19999999999999996 0.0034741400838535497 0.0
-0.24617613563100338 0.015327151855265453 0.0
-0.19511791509455212 0.012369596188224419 0.0
-0.24709043761506166 0.015374795631505067 0.0
0.19999999999999996 0.0034741400838535497 0.0
-0.1366984333011858 0.009155958359758909 0.0
-0.3143607256471806 0.019462242521760043 0.0
-0.19511791509455212 0.012369596188224419 0.0
-0.1312432945817864 0.008896250915602422 0.0
-0.31436072564718043 0.019462242521760043 0.0
-0.2942306019754076 0.01810655479864104 0.0
-0.30353438653896797 0.01881370511433944 0.0
-0.29423060197540774 0.01810655479864104 0.0
-0.13124329458178607 0.008896250915602366 0.0
-0.24709043761506178 0.015374795631505067 0.0
-0.24617613563100338 0.015327151855265508 0.0
-0.26083628193893826 0.01610375776093792 0.0
-0.26083628193893815 0.01610375776093792 0.0
0.19999999999999996 -0.0025769582291587656 0.10000000000000009
-0.32675757546255224 0.003073807430843456 0.10000000000000009
0.19999999999999996 -0.0025769582291587656 0.10000000000000009
0.19999999999999996 -0.0025769582291587656 0.10000000000000009
-0.1078200109643086 0.00034379571969334055 0.10000000000000075
0.19999999999999996 -0.0025769582291587656 0.10000000000000009
-0.1078200109643086 0.00034379571969334055 0.10000000000000075
0.19999999999999996 -0.0025769582291587656 0.10000000000000009
-0.3453864234377799 0.004104585047176645 0.09999999999999964
-0.1321234951863861 -0.0013971906800057388 0.09999999999999987
nan nan nan
-0.25972703556876375 0.0002952240877390211 0.09999999999999964
-0.1321234951863859 -0.0013971906800057388 0.09999999999999964
-0.32675757546255224 0.003073807430843456 0.10000000000000009
-0.3453864234377799 0.004104585047176645 0.10000000000000009
0.19999999999999996 0.008232629439768907 -0.15999999999999992
-0.2279405110499103 -0.00042816611191551224 0.10000000000000009
-0.35162142396697205 0.0053608452574590015 0.10000000000000031
-0.27627840606550913 0.0011278229858566191 0.10000000000000009
-0.25972703556876375 0.0002952240877390211 0.09999999999999942
-0.3266999919201198 0.003071869255581783 0.10000000000000031
-0.1765614351323801 -0.000931191888690841 0.09999999999999964
-0.35162142396697205 0.005360845257459057 0.10000000000000031
0.19999999999999996 0.008232629439768907 -0.15999999999999992
-0.32669999192011967 0.0030718692555817273 0.10000000000000031
-0.27627840606550913 0.0011278229858566191 0.10000000000000009
nan nan nan
-0.1765614351323801 -0.000931191888690841 0.09999999999999987
0.19999999999999996 0.008232629439768907 -0.15999999999999992
0.19999999999999996 0.008232629439768907 -0.15999999999999992
0.19999999999999996 0.008232629439768907 -0.15999999999999992
0.19999999999999996 0.008232629439768907 -0.15999999999999992
0.19999999999999996 -0.0025769582291587656 0.10000000000000009
-0.09122379450590112 0.0030641490907171443 -0.15999999999999992
-0.25471221063481553 0.004546671315007689 -0.15999999999999992
-0.21125130626077537 0.004371721072403495 -0.16000000000000036
-0.13059484673603838 0.002433253359787363 -0.15999999999999992
-0.22794051104991042 -0.00042816611191551224 0.10000000000000009
-0.21626463078641955 0.004561032662202952 -0.15999999999999992
0.19999999999999996 0.011157497121627724 -0.15999999999999992
-0.09122379450590112 0.0030641490907171443 -0.1600000000000006
-0.21125130626077537 0.004371721072403467 -0.15999999999999948
-0.21626463078641955 0.0045610326622029795 -0.15999999999999992
-0.25476392954808 0.004548956885129685 -0.15999999999999992
0.19999999999999996 0.011157497121627724 -0.15999999999999992
-0.22808292628235327 0.0046578537645986795 -0.1599999999999997
0.19999999999999996 0.007078673506844241 -0.009999999999999787
-0.09182792270536544 0.0019153478982720518 -0.15999999999999992
-0.12079008650538925 0.0020788062879957825 -0.15999999999999948
-0.22808292628235327 0.0046578537645986795 -0.16000000000000036
-0.25476392954808014 0.004548956885129629 -0.1599999999999997
-0.13059484673603838 0.0024332533597874184 -0.1599999999999997
0.19999999999999996 0.007078673506844241 -0.009999999999999787
-0.1481382471286905 0.0021182207631146865 -0.15999999999999992
-0.12079008650538925 0.0020788062879957825 -0.15999999999999948
-0.09879075059258968 0.00037155967389720934 -0.009999999999998899
0.19999999999999996 0.007078673506844241 -0.009999999999999787
-0.2449397490839741 0.004359369190478524 -0.16000000000000036
0.19999999999999996 0.011157497121627669 -0.15999999999999992
-0.26737999189482553 0.005065726067551346 -0.16000000000000036
-0.2441455633517592 0.0016737797370887653 -0.009999999999999787
-0.24405311531065566 0.0016686491072506193 -0.009999999999998899
0.19999999999999996 0.011157497121627724 -0.15999999999999992
0.19999999999999996 0.011157497121627724 -0.15999999999999992
-0.24405311531065566 0.0016686491072506193 -0.009999999999999343
-0.23719994356408902 0.004217419452133497 -0.15999999999999948
-0.1481382471286905 0.0021182207631146865 -0.15999999999999992
-0.24493974908397398 0.004359369190478524 -0.15999999999999992
-0.26737999189482553 0.005065726067551346 -0.15999999999999992
0.19999999999999996 0.007078673506844241 -0.009999999999999787
-0.2547122106348153 0.004546671315007689 -0.15999999999999992
-0.2018073617354489 0.0029229188058371713 -0.15999999999999948
-0.25468097813594326 0.004545196526543838 -0.1600000000000006
-0.201807361735449 0.0029229188058372824 -0.1599999999999997
-0.25468097813594326 0.004545196526543838 -0.15999999999999992
0.19999999999999996 0.008884852306003443 -0.009999999999999787
-0.09879075059258957 0.00037155967389720934 -0.009999999999999343
-0.2441455633517592 0.0016737797370887653 -0.009999999999999343
-0.21069675900472618 0.0008406064771669941 -0.009999999999999787
-0.2325707958708778 0.0037698015862407397 -0.010000000000001119
-0.08528037022384971 1.5877943554953866e-06 -0.009999999999999787
-0.23719994356408913 0.004217419452133497 -0.15999999999999948
-0.08528037022384971 1.5877943555508978e-06 -0.009999999999999343
0.19999999999999996 0.007078673506844241 -0.009999999999999787
-0.22033315140916798 0.002848598361339605 -0.18999999999999995
-0.23251410494235958 0.0037670276950007575 -0.010000000000001119
-0.23247987486112287 0.0037652555015875167 -0.009999999999999787
-0.12568046581840764 -3.3595874839864592e-06 -0.009999999999999787
-0.23729259665807767 0.0015709095591002753 -0.009999999999999787
-0.2522262897912336 0.0020992974890322313 -0.009999999999999787
-0.18446532458760267 0.0012765389734552268 -0.009999999999999787
-0.18446532458760267 0.0012765389734552268 -0.009999999999998899
-0.23729259665807767 0.0015709095591002753 -0.009999999999999787
-0.25222628979123374 0.0020992974890322313 -0.009999999999998899
-0.12568046581840764 -3.3595874839864592e-06 -0.010000000000000675
-0.2104376759015395 0.003543519266406059 -0.010000000000000675
-0.23241268513164826 0.0037620679275370272 -0.010000000000001119
-0.2106967590047264 0.0008406064771669941 -0.009999999999999787
0.19999999999999996 0.008884852306003443 -0.009999999999999787
-0.2283980429440532 0.002972509012221153 -0.18999999999999906
-0.23241268513164826 0.0037620679275370827 -0.010000000000001119
-0.10766619888546614 0.0021895906400158927 -0.010000000000002451
-0.10766619888546602 0.0021895906400158927 -0.010000000000002451
-0.23257079587087792 0.0037698015862407397 -0.010000000000000675
-0.2283980429440532 0.002972509012221125 -0.18999999999999906
-0.2093655159404919 0.002497113961152625 -0.18999999999999995
-0.18685885153829995 0.0029909941554230324 -0.010000000000001563
-0.2325141049423597 0.0037670276950007575 -0.010000000000001119
-0.05475687908940785 0.0007419047722732608 -0.18999999999999817
-0.23255511870533596 0.0037691346148832627 -0.010000000000002451
-0.2104376759015394 0.003543519266406059 -0.010000000000001119
-0.1287957483932981 0.0015694132820587847 -0.18999999999999906
-0.18685885153829995 0.0029909941554230324 -0.010000000000001119
-0.22033315140916787 0.002848598361339605 -0.18999999999999906
-0.23255511870533596 0.0037691346148832072 -0.010000000000001119
0.19999999999999996 0.015274984424984789 -0.18999999999999995
-0.032039574204342225 0.0005479171301040753 -0.18999999999999995
-0.10188861218599576 0.0021427539433514498 -0.009999999999999787
-0.2324798748611231 0.003765255501587572 -0.010000000000001119
0.19999999999999996 0.008884852306003443 -0.009999999999999787
0.19999999999999996 0.008884852306003443 -0.009999999999999787
-0.032039574204342225 0.0005479171301040753 -0.18999999999999995
0.19999999999999996 0.015274984424984761 -0.18999999999999995
0.19999999999999996 0.015274984424984817 -0.18999999999999995
0.19999999999999996 0.008884852306003443 -0.009999999999999787
-0.10188861218599576 0.0021427539433514498 -0.009999999999999787
0.19999999999999996 0.008884852306003443 -0.009999999999999787
0.19999999999999996 0.015274984424984761 -0.18999999999999995
-0.128795748393298 0.0015694132820587847 -0.18999999999999906
0.19999999999999996 0.015274984424984789 -0.18999999999999995
-0.018378409922664596 0.0005383923458573692 -0.18999999999999995
0.19999999999999996 0.015274984424984789 -0.18999999999999995
-0.018378409922664596 0.0005383923458573969 -0.18999999999999995
-0.05475687908940785 0.0007419047722733163 -0.18999999999999906
-0.10608154022753491 0.0013875327306323015 -0.18999999999999995
-0.2093655159404919 0.002497113961152625 -0.18999999999999995
-0.15190266121365426 0.0022380596943795683 -0.19000000000000128
-0.10608154022753491 0.0013875327306323015 -0.18999999999999995
0.19999999999999996 0.007078673506844241 -0.009999999999999787
-0.21990954325155831 0.002837633807908052 -0.18999999999999906
nan nan nan
nan nan nan
-0.2199095432515581 0.002837633807908052 -0.1899999999999995
-0.261906242657448 0.0058498416752034155 -0.1599999999999997
-0.27994473964407973 0.006903145609732014 -0.1600000000000006
-0.2519368022905102 0.005411676324359432 -0.16000000000000036
-0.27994473964407973 0.006903145609732042 -0.16000000000000036
nan nan nan
-0.2519368022905102 0.00541167632435946 -0.15999999999999992
nan nan nan
-0.261906242657448 0.0058498416752034155 -0.15999999999999992
-0.2844924743852236 0.004125856247314097 -0.19000000000000128
0.19999999999999996 0.017625821492044003 -0.18999999999999995
0.19999999999999996 0.017625821492044003 -0.18999999999999995
0.19999999999999996 0.011157497121627669 -0.15999999999999992
-0.26081982350374944 0.00356149911874426 -0.18999999999999995
0.19999999999999996 0.017625821492044003 -0.18999999999999995
0.19999999999999996 0.017625821492044003 -0.18999999999999995
-0.09660370158877207 0.001703401789331871 -0.1900000000000004
-0.27461693634576656 0.003674009798952993 -0.18999999999999995
-0.061787057290750846 0.0017977091836479109 -0.18999999999999995
-0.2141173714165373 0.003179384254620221 -0.1900000000000004
0.19999999999999996 0.017625821492044003 -0.18999999999999995
-0.2846555503241991 0.004140471518344513 -0.19000000000000128
0.19999999999999996 0.017625821492044003 -0.18999999999999995
-0.27461693634576645 0.003674009798952993 -0.18999999999999995
-0.2846469064305299 0.004140320796996999 -0.19000000000000128
-0.15190266121365426 0.002238059694379513 -0.19000000000000128
-0.2608198235037493 0.00356149911874426 -0.18999999999999995
-0.2141173714165373 0.003179384254620221 -0.19000000000000128
-0.2844924743852236 0.004125856247314097 -0.18999999999999995
-0.09660370158877218 0.001703401789331871 -0.18999999999999995
-0.2846555503241992 0.004140471518344513 -0.19000000000000128
-0.2846469064305299 0.004140320796996999 -0.19000000000000128
-0.061787057290750846 0.0017977091836479109 -0.18999999999999995
