0.2855952066229671 -0.013670561991488181 0.048000000000001375
0.41105323670491356 -0.025247423263934615 0.0
0.34984189345362915 -0.021154894385398887 8.881784197001252e-16
0.32617815957827834 -0.019961230765454238 0.0
nan nan nan
nan nan nan
nan nan nan
nan nan nan
nan nan nan
nan nan nan
nan nan nan
0.4164461405885763 -0.025530295240075093 0.0
nan nan nan
0.3549004687837609 -0.0214115174730128 8.881784197001252e-16
nan nan nan
0.2756957794949585 -0.017022743461140716 -0.040000000000000036
nan nan nan
nan nan nan
0.34984189345362915 -0.021154894385398887 8.881784197001252e-16
0.4164461405885763 -0.025530295240075093 0.0
0.41834171706863577 -0.025242368636401474 -0.040000000000000036
0.413881683601384 -0.02539158891316766 0.0
0.4138816836013859 -0.025391588913167715 0.0
0.32617815957827845 -0.019961230765454224 8.881784197001252e-16
0.40341330952017374 -0.024402227992716352 -0.039999999999999925
0.36478524465890383 -0.02361446723069499 0.1299999999999999
nan nan nan
0.2970050617360328 -0.014277331593558859 0.04800000000000049
0.4120414551107153 -0.024911418129665047 -0.040000000000000036
0.3818791969302544 -0.023744395817454494 0.0
0.42335936310125066 -0.02547464631796259 -0.04000000000000037
0.3455604535808281 -0.02096882446591551 -4.440892098500626e-16
0.454463708586599 -0.029929228760082555 0.0
nan nan nan
0.41105323670491356 -0.025247423263934615 0.0
0.4120705563916216 -0.024912664113124483 -0.039999999999999925
nan nan nan
0.3430075481044724 -0.02089624708728191 -0.039999999999999813
0.3430075481044724 -0.02089624708728191 -0.039999999999999813
0.4034133095201736 -0.024402227992716352 -0.0399999999999997
0.40379307747558124 -0.02024197118110546 0.04800000000000093
nan nan nan
0.3908628134357799 -0.023679470931699087 -0.039999999999999925
0.39694653981105044 -0.02402065701704062 -0.040000000000000036
0.28967983843721823 -0.0179266799129727 0.0
0.49936002504295895 -0.03245814151500245 0.0
0.4706219895951278 -0.030851340415505912 0.0
nan nan nan
0.32838816140961913 -0.015709129337608665 0.04800000000000093
0.37585352342028544 -0.024241900776132946 0.1299999999999999
0.2756957794949565 -0.017022743461140605 -0.040000000000000036
nan nan nan
0.4726612211909804 -0.029009166200761688 -0.040000000000000036
0.3265230855922294 -0.021445157314658708 0.1299999999999999
nan nan nan
0.39694653981105055 -0.024020657017040647 -0.04000000000000015
0.4120414551107153 -0.024911418129665047 -0.04000000000000015
nan nan nan
nan nan nan
0.36041128031252767 -0.023359104165173755 0.1299999999999999
0.4157402839351215 -0.026019255373252434 -0.008000000000000895
0.3903385446622404 -0.024729549366409836 -0.008000000000000007
0.28448396641207363 -0.019034839569734452 0.1299999999999999
0.37892364825966507 -0.018869523481430506 0.0479999999999996
0.40538488156814856 -0.02554295684242404 -0.008000000000000007
0.3903385446622404 -0.024729549366409836 -0.008000000000000007
0.3881338072788971 -0.02487342923662253 0.12999999999999945
0.4015466716703586 -0.02011849005133734 0.04800000000000004
0.3290069664542675 -0.022641232509961723 0.0
0.45748949042276943 -0.03011484194007566 0.0
0.4054063721583069 -0.025543991414696016 -0.008000000000000007
0.3881490484353557 -0.01939649066670668 0.04800000000000004
0.3510526354362956 -0.022476973101444503 -0.008000000000000007
0.37585352342028533 -0.024241900776132974 0.13000000000000034
nan nan nan
0.30103028339387494 -0.019636350377307737 -0.007999999999998675
0.3461644153825809 -0.016990070846383598 0.04800000000000049
nan nan nan
0.4157402839351215 -0.026019255373252434 -0.008000000000000007
0.4875665963317143 -0.03182231861651383 0.0
0.379577700182937 -0.0236555450558652 -0.040000000000000036
0.30103028339387505 -0.019636350377307737 -0.007999999999998675
nan nan nan
0.3510526354362956 -0.022476973101444503 -0.007999999999999563
0.39701226660304567 -0.02509549721598474 -0.008000000000000007
0.32838816140961924 -0.015709129337608665 0.04800000000000049
0.4054063721583069 -0.025543991414696016 -0.008000000000000007
0.45748949042276943 -0.03011484194007566 0.0
0.40941739679790734 -0.025742955623734576 -0.008000000000000451
0.37892364825966496 -0.018869523481430478 0.0479999999999996
nan nan nan
nan nan nan
nan nan nan
nan nan nan
0.40941739679790734 -0.025742955623734548 -0.008000000000000895
0.3754093704471808 -0.01866934608449991 0.04800000000000004
0.40538488156814867 -0.02554295684242404 -0.008000000000000451
nan nan nan
nan nan nan
nan nan nan
nan nan nan
0.4901979813021762 -0.03197127592377666 0.0
0.49019798130217607 -0.03197127592377666 0.0
0.3565122401030465 -0.02230111796203796 0.0
0.38978653379368744 -0.026160602812751926 0.0
0.4799463717733652 -0.029405534423014745 -0.040000000000000036
0.4726612211909804 -0.029009166200761688 -0.040000000000000036
0.39701226660304567 -0.02509549721598474 -0.008000000000000007
nan nan nan
nan nan nan
nan nan nan
nan nan nan
0.3565122401030465 -0.02230111796203796 0.0
0.3979728407574621 -0.024605557109281695 0.0
nan nan nan
0.4875665963317143 -0.03182231861651383 0.0
0.4352423403027845 -0.02683867059897843 -0.04000000000000015
0.3881338072788971 -0.02487342923662253 0.13000000000000034
0.3236624460306813 -0.019821652292523056 1.7763568394002505e-15
0.3905862308027461 -0.025016764096000538 0.1299999999999999
nan nan nan
0.3972438924989433 -0.025369245608009308 0.12999999999999945
0.3872080983175692 -0.024547157317389712 -0.008000000000000451
0.3969103694451852 -0.0253503987162607 0.1299999999999999
0.34115767749654746 -0.020740153612845244 0.0
0.4528627941987946 -0.027854723096108897 -0.039999999999999813
0.454463708586599 -0.029929228760082555 0.0
0.2998012910355342 -0.018938440624328923 0.0
0.24297184523902363 -0.015367564636137573 8.881784197001252e-16
0.4073684279173012 -0.020414296790786213 0.04800000000000004
0.34115767749654746 -0.020740153612845244 8.881784197001252e-16
0.3147014852248463 -0.015121341447714973 0.04800000000000049
nan nan nan
0.3647852446589037 -0.02361446723069499 0.1299999999999999
nan nan nan
nan nan nan
0.4015839506901435 -0.02011924782747962 0.04800000000000004
0.3795777001829368 -0.023655545055865174 -0.03999999999999959
0.4015839506901435 -0.020119247827479647 0.04800000000000004
0.4352423403027845 -0.02683867059897843 -0.04000000000000026
0.3792302105444133 -0.023586921155512308 0.0
0.3461644153825809 -0.016990070846383598 0.04800000000000004
0.3455604535808281 -0.02096882446591551 0.0
nan nan nan
0.3104691779639783 -0.014936667124827496 0.0479999999999996
0.3969103694451852 -0.025350398716260714 0.1299999999999999
0.3908628134357799 -0.023679470931699087 -0.040000000000000036
0.4015466716703585 -0.02011849005133734 0.0479999999999996
0.3754093704471809 -0.01866934608449991 0.047999999999999154
0.28967983843721823 -0.0179266799129727 8.881784197001252e-16
0.2998012910355342 -0.018938440624328923 0.0
0.4799463717733652 -0.029405534423014745 -0.040000000000000036
0.2947821494106915 -0.014080468889359127 0.047999999999999154
0.3454142370813835 -0.020963115359858522 0.0
0.41108514730554735 -0.025249227510493813 0.0
0.24297184523902363 -0.015367564636137573 8.881784197001252e-16
0.4902279511422787 -0.029989630867805317 -0.039999999999999813
0.40379307747558124 -0.02024197118110549 0.04800000000000004
0.4330040190175851 -0.026707305923303754 -0.039999999999999813
0.3236624460306813 -0.019821652292523056 8.881784197001252e-16
0.49936002504295895 -0.03245814151500245 0.0
0.41108514730554724 -0.025249227510493813 0.0
0.4330040190175851 -0.026707305923303754 -0.039999999999999813
nan nan nan
0.4073684279173012 -0.020414296790786213 0.047999999999999154
0.3147014852248463 -0.015121341447714973 0.04800000000000004
0.3872080983175693 -0.024547157317389712 -0.008000000000000895
0.3265230855922294 -0.02144515731465868 0.1299999999999999
0.4528627941987946 -0.027854723096108897 -0.039999999999999813
0.2970050617360327 -0.014277331593558859 0.04800000000000004
0.28448396641207363 -0.019034839569734452 0.13000000000000034
0.34541423708138363 -0.020963115359858522 8.881784197001252e-16
0.36041128031252756 -0.023359104165173755 0.13000000000000034
0.32297958704051555 -0.020382821262189516 -0.040000000000000036
0.3792302105444132 -0.02358692115551228 0.0
nan nan nan
nan nan nan
nan nan nan
nan nan nan
0.2855952066229671 -0.013670561991488181 0.04800000000000093
nan nan nan
0.4948916468231933 -0.032240079114097014 0.0
0.42335936310125066 -0.02547464631796259 -0.04000000000000037
0.3818791969302545 -0.023744395817454494 0.0
0.4706219895951277 -0.030851340415505912 0.0
0.4120705563916216 -0.024912664113124483 -0.04000000000000015
0.3972438924989433 -0.025369245608009308 0.1299999999999999
0.41834171706863577 -0.025242368636401474 -0.039999999999999925
0.38978653379368744 -0.026160602812751926 0.0
0.4948916468231933 -0.032240079114097014 0.0
0.3104691779639783 -0.014936667124827496 0.04800000000000004
0.32900696645426764 -0.022641232509961723 0.0
0.29478214941069136 -0.014080468889359099 0.0479999999999996
0.354900468783761 -0.021411517473012787 0.0
0.390586230802746 -0.025016764096000538 0.1299999999999999
nan nan nan
0.3881490484353557 -0.01939649066670668 0.04800000000000004
0.4902279511422787 -0.029989630867805317 -0.039999999999999813
0.3979728407574621 -0.024605557109281695 0.0
0.32297958704051555 -0.020382821262189516 -0.039999999999999813
0.45749601635266435 -0.029851363712826984 0.1299999999999999
0.4892421403847975 -0.032065688322184066 -0.039999999999999925
nan nan nan
0.3565283483450912 -0.024472832810510936 -0.039999999999999813
0.47770630357709154 -0.03141276302107751 -0.040000000000000036
nan nan nan
nan nan nan
nan nan nan
0.5119174214736188 -0.03498349409807358 0.1299999999999999
nan nan nan
nan nan nan
nan nan nan
nan nan nan
0.5422404119671538 -0.037094222503191304 0.0
nan nan nan
nan nan nan
nan nan nan
0.5299145556946676 -0.036386827785843595 0.0
0.4683032877788095 -0.02875248163831623 -0.04000000000000026
0.4928755584935034 -0.031333479952788956 -0.007999999999999563
0.5072481055037056 -0.0321190011506961 -0.007999999999999563
nan nan nan
0.47798929886904806 -0.033447676284268424 0.0
0.49809180360352645 -0.03160322673480595 -0.008000000000000007
nan nan nan
0.4476371232034658 -0.023465308036159177 0.04800000000000004
0.5005483385956202 -0.03433724190650014 0.13000000000000034
0.36104751032476456 -0.018428235028851048 0.04800000000000004
0.45472177924239554 -0.023879772685557576 0.04800000000000004
0.4973777378084542 -0.026298812705915914 0.04800000000000004
0.4928755584935034 -0.031333479952788956 -0.007999999999999563
0.49561889384743385 -0.026200222369694437 0.04800000000000004
0.45472177924239554 -0.023879772685557576 0.04800000000000049
0.5422404119671537 -0.037094222503191276 0.0
0.5299145556946676 -0.03638682778584362 0.0
0.46309379608470613 -0.029635160694737983 -0.007999999999999563
0.4973777378084543 -0.026298812705915914 0.04800000000000004
0.41274065541743976 -0.027693657363102808 -0.039999999999999925
0.5034298944106123 -0.032887930787052044 -0.040000000000000036
nan nan nan
0.47798929886904806 -0.033447676284268424 0.0
nan nan nan
nan nan nan
0.5072481055037056 -0.0321190011506961 -0.008000000000000007
0.4735491309218096 -0.024968117933841155 0.04800000000000049
0.41258898007563205 -0.021388806252672116 0.04800000000000004
0.4476371232034658 -0.023465308036159177 0.04800000000000049
0.36104751032476456 -0.018428235028851048 0.04800000000000049
0.35619805739841415 -0.02342702495111945 -0.007999999999999119
0.3605513156958746 -0.026644987215446003 0.0
nan nan nan
nan nan nan
0.4537878091694324 -0.03165881106570903 0.1299999999999999
nan nan nan
0.5119174214736188 -0.03498349409807358 0.13000000000000034
nan nan nan
nan nan nan
0.41258898007563205 -0.021388806252672088 0.04800000000000004
nan nan nan
0.536246493638977 -0.03676165691683589 0.0
nan nan nan
nan nan nan
0.49561889384743374 -0.026200222369694437 0.04800000000000004
0.5599378490795682 -0.032570366374726795 0.04800000000000049
0.48654545259572735 -0.033935860720206656 0.0
0.4537878091694324 -0.03165881106570903 0.1299999999999999
0.41274065541743976 -0.027693657363102836 -0.039999999999999813
0.5377257462479049 -0.031380902585822934 0.04800000000000004
0.4274441935043076 -0.030529911537466564 0.0
nan nan nan
0.5113477235891707 -0.034951236738457236 0.1299999999999999
0.3912739904406659 -0.02802740550500135 0.1299999999999999
0.5713504240824775 -0.03316508309369631 0.0479999999999996
nan nan nan
0.5034298944106123 -0.03288793078705207 -0.040000000000000036
0.4735491309218096 -0.024968117933841155 0.04800000000000093
0.5111995846872507 -0.033284909081907815 -0.008000000000000007
0.48440007018133746 -0.03138175076489111 0.1299999999999999
0.3880004376830475 -0.02619691986352385 -0.007999999999999119
0.5037902033521641 -0.032908411383914676 -0.04000000000000015
0.4124786320762953 -0.024208269011493005 0.04800000000000004
0.5599378490795682 -0.032570366374726795 0.04800000000000004
0.3460994702986875 -0.02345182913459662 0.1299999999999999
0.3912739904406659 -0.02802740550500135 0.1299999999999999
0.5235912715089469 -0.03056993002488248 0.04800000000000049
0.3460994702986876 -0.02345182913459662 0.1299999999999999
nan nan nan
0.4740320567994616 -0.030778722828471772 0.1299999999999999
0.5072080063152344 -0.029622291261805628 0.04800000000000093
0.3880004376830475 -0.02619691986352385 -0.008000000000000895
0.48440007018133746 -0.03138175076489111 0.13000000000000034
nan nan nan
nan nan nan
0.47403205679946137 -0.030778722828471744 0.1299999999999999
0.5333821573499159 -0.03620664016643227 0.1299999999999999
0.5602540930073642 -0.03258788455032913 0.0479999999999996
0.486339626395777 -0.03352156539813242 0.1299999999999999
0.5333821573499158 -0.0362066401664323 0.12999999999999945
0.40679942113583756 -0.026999296766841346 0.1299999999999999
0.5205828290308291 -0.03382874431237501 -0.007999999999999563
0.40679942113583745 -0.02699929676684132 0.1299999999999999
0.5639625427821325 -0.03278834341294848 0.04800000000000049
0.4124786320762953 -0.024208269011493005 0.04800000000000004
0.5072080063152343 -0.029622291261805628 0.04800000000000093
0.551905080633497 -0.03559831136593314 -0.007999999999999119
0.5419680642233234 -0.035045062336914734 -0.007999999999999563
nan nan nan
0.5068411686378013 -0.03302517108382211 -0.008000000000000007
0.4449672728527403 -0.029454021389175106 -0.007999999999999119
0.5235912715089468 -0.03056993002488248 0.04800000000000049
nan nan nan
0.5121617045393727 -0.027035181417466858 0.04800000000000093
nan nan nan
nan nan nan
0.5425742151976627 -0.035078950246887924 -0.007999999999999119
nan nan nan
0.5037902033521641 -0.03290841138391465 -0.040000000000000036
0.49809180360352645 -0.03160322673480595 -0.008000000000000007
0.48654545259572735 -0.033935860720206656 0.0
0.5111995846872506 -0.033284909081907815 -0.007999999999999563
0.4495952360821721 -0.029403304800724783 0.1299999999999999
nan nan nan
0.5030916065593083 -0.03486598598699736 0.0
nan nan nan
nan nan nan
0.5113477235891707 -0.034951236738457236 0.1299999999999999
0.5425742151976628 -0.035078950246887924 -0.007999999999999119
0.5147894347865463 -0.03353412355734475 -0.039999999999999925
0.4274441935043075 -0.030529911537466564 0.0
0.5005483385956202 -0.03433724190650014 0.13000000000000034
0.5069490324772628 -0.03308261467750523 -0.040000000000000036
nan nan nan
0.5602540930073642 -0.03258788455032913 0.04800000000000004
0.4615879615544345 -0.026989944344816608 0.04800000000000004
0.5377257462479049 -0.031380902585822934 0.04800000000000004
0.5068411686378013 -0.03302517108382205 -0.008000000000000007
0.4449672728527405 -0.029454021389175106 -0.007999999999999563
0.3561980573984139 -0.02342702495111948 -0.008000000000000007
0.4146911714584105 -0.026852479838391202 -0.007999999999999563
0.4863396263957769 -0.03352156539813239 0.13000000000000034
nan nan nan
nan nan nan
0.46830328777880936 -0.02875248163831623 -0.04000000000000026
nan nan nan
nan nan nan
0.4146911714584105 -0.026852479838391174 -0.007999999999999563
0.551905080633497 -0.03559831136593314 -0.008000000000000007
0.4951097167354168 -0.031461129925722225 -0.008000000000000007
0.4951331312518201 -0.03194303925130404 0.13000000000000078
0.5030916065593083 -0.03486598598699736 0.0
nan nan nan
0.46571143285458416 -0.029778259706669197 -0.008000000000000895
0.546371926394499 -0.035285237636144356 -0.008000000000000007
0.4773866648379237 -0.03044039410112695 -0.007999999999999563
0.536246493638977 -0.03676165691683589 0.0
0.48364251578058837 -0.03175698641213759 -0.040000000000000036
0.5121617045393727 -0.027035181417466858 0.04800000000000004
0.47770630357709165 -0.03141276302107751 -0.040000000000000036
0.5069490324772626 -0.03308261467750523 -0.040000000000000036
0.45749601635266435 -0.029851363712826984 0.1299999999999999
0.488769637965079 -0.031595486204373024 0.1299999999999999
0.546371926394499 -0.035285237636144356 -0.008000000000000007
0.5205828290308291 -0.03382874431237501 -0.008000000000000895
0.3605513156958745 -0.026644987215445975 0.0
0.4495952360821721 -0.02940330480072481 0.1299999999999999
0.4615879615544345 -0.02698994434481658 0.04800000000000049
0.46309379608470613 -0.029635160694737983 -0.008000000000000007
0.5639625427821325 -0.03278834341294848 0.04800000000000004
0.5419680642233234 -0.035045062336914734 -0.007999999999999119
0.4951097167354169 -0.03146112992572225 -0.007999999999999563
nan nan nan
nan nan nan
nan nan nan
0.48364251578058837 -0.03175698641213759 -0.039999999999999813
0.5223179639455203 -0.035573883203905726 0.1299999999999999
nan nan nan
nan nan nan
0.5223179639455202 -0.035573883203905726 0.1299999999999999
0.3565283483450912 -0.024472832810510964 -0.039999999999999925
0.5285882374737932 -0.03631285134398898 0.0
0.488769637965079 -0.031595486204373 0.1299999999999999
0.47934903457293987 -0.031077742106199124 0.13000000000000034
0.5285882374737932 -0.03631285134398898 0.0
0.5024557300867095 -0.026549320558988482 0.04800000000000004
0.4892421403847975 -0.032065688322184094 -0.039999999999999813
nan nan nan
0.4951331312518201 -0.03194303925130404 0.13000000000000078
nan nan nan
0.49218384622155853 -0.033855188118232266 0.13000000000000078
nan nan nan
0.4773866648379237 -0.030440394101126977 -0.007999999999999563
0.47934903457293987 -0.031077742106199097 0.13000000000000034
0.5147894347865463 -0.03353412355734478 -0.039999999999999813
0.49218384622155853 -0.033855188118232266 0.13000000000000034
0.5713504240824775 -0.03316508309369631 0.04800000000000004
nan nan nan
nan nan nan
0.46571143285458416 -0.029778259706669197 -0.008000000000000451
0.5024557300867096 -0.026549320558988482 0.04800000000000004
nan nan nan
0.24347602845903954 -0.01578098441049311 0.0
0.12101775850021007 -0.007568084702519788 0.15600000000000103
0.1773515416982488 -0.010473758455108444 0.15600000000000014
0.16202021056243043 -0.007676157723396894 0.06800000000000006
nan nan nan
0.2066258865353071 -0.013529199324185337 0.1299999999999999
nan nan nan
nan nan nan
nan nan nan
0.1771729482074279 -0.009373604087437516 0.0
0.12319161940657147 -0.006481911961813823 0.0
0.1736435271711908 -0.011697411480322203 0.1299999999999999
nan nan nan
nan nan nan
0.199777732399333 -0.01059025402608977 0.0
nan nan nan
nan nan nan
nan nan nan
nan nan nan
0.1771729482074279 -0.009373604087437523 0.0
0.16673043192767 -0.011397022918999203 0.006000000000000227
0.07227366818324932 -0.002945896591469453 0.06800000000000006
nan nan nan
0.13120555774009252 -0.009601866549250299 0.006000000000000227
0.07227366818324926 -0.002945896591469453 0.06799999999999962
0.15427547888853932 -0.009388514628051993 0.15600000000000014
0.2634775053966482 -0.01669168151830147 0.0
nan nan nan
0.16351954843051203 -0.009798711819181079 -0.033999999999999586
0.15427547888853932 -0.009388514628051993 0.15600000000000058
0.18373581456463456 -0.008701792622904353 0.06800000000000095
0.14363132858752636 -0.006758434106604198 0.0680000000000005
0.12319161940657147 -0.006481911961813823 0.0
0.16776528102868055 -0.00793522489998505 0.06800000000000006
0.0821000433477122 -0.005509529816259177 0.15600000000000058
nan nan nan
nan nan nan
0.18586120275573376 -0.012394708414170168 0.0060000000000011156
0.16442353243871982 -0.009844050773459373 -0.0339999999999997
0.18100688543163868 -0.009601714800965513 0.0
0.16471446418690372 -0.011310698543329056 0.006000000000002004
0.19034849395014108 -0.010776555661354437 -0.040000000000000036
0.15110563739054428 -0.009207377972778319 0.15600000000000103
0.16470749249657474 -0.011310259210569787 0.0060000000000011156
0.18586120275573376 -0.012394708414170168 0.0060000000000011156
0.16401991751259137 -0.0077623270938873 0.06800000000000006
0.13801574079004636 -0.006464718095012402 0.0680000000000005
0.17636923400073512 -0.01042587110390445 0.15600000000000014
0.15110563739054428 -0.009207377972778319 0.15600000000000103
0.16673043192767 -0.011397022918999203 0.0060000000000011156
0.2550467906357199 -0.016333488809061783 0.0
0.1773515416982488 -0.010473758455108444 0.15600000000000014
0.07538677699849561 -0.006597946894854503 0.005999999999999339
0.22265894188964364 -0.0123163537475285 -0.040000000000000036
0.20248222382765163 -0.011378161767883158 -0.040000000000000036
0.13120555774009246 -0.009601866549250299 0.006000000000000227
0.11240548045712889 -0.0062615614034119 -0.04000000000000026
0.13801574079004636 -0.006464718095012409 0.0680000000000005
0.2086011727249535 -0.011643430078548817 -0.04000000000000015
0.23770771397391888 -0.015071462689027842 0.1299999999999999
0.16776528102868055 -0.00793522489998505 0.0680000000000005
0.20248222382765163 -0.011378161767883158 -0.040000000000000036
0.21322457112877097 -0.014087589057076855 0.0
nan nan nan
nan nan nan
0.166038815893723 -0.00993531974980829 0.15600000000000014
0.22265894188964364 -0.0123163537475285 -0.039999999999999925
0.13937657410957044 -0.009762358056520343 0.13000000000000034
nan nan nan
0.15540381214142712 -0.008815962277226766 -0.039999999999999925
0.1018264927251109 -0.004586153018474481 0.06800000000000095
0.2086011727249535 -0.011643430078548803 -0.040000000000000036
0.23770771397391888 -0.015071462689027842 0.1299999999999999
0.21322457112877086 -0.01408758905707684 0.0
0.16603881589372294 -0.00993531974980829 0.15600000000000014
0.15153592933124915 -0.00797352587640681 0.0
0.15540381214142712 -0.008815962277226752 -0.039999999999999925
0.1662270160122905 -0.011410437110924557 0.0
0.08210004334771226 -0.005509529816259191 0.1559999999999997
0.10556106846669311 -0.008220033549854948 0.006000000000002004
0.25719951317299916 -0.01642331507926885 0.0
0.24347602845903948 -0.01578098441049311 0.0
0.2173490324051227 -0.010474750732888727 0.04800000000000004
0.2087546635910963 -0.013657803876435767 0.13000000000000034
0.11240548045712884 -0.006261561403411886 -0.04000000000000015
0.16202021056243043 -0.007676157723396887 0.06799999999999962
nan nan nan
0.23771733085074653 -0.015500965518240761 0.0
0.2066258865353071 -0.013529199324185337 0.1299999999999999
nan nan nan
nan nan nan
0.14431159278817335 -0.01028637502562088 0.005999999999999339
nan nan nan
0.20357218568170027 -0.010766247842687704 0.0
nan nan nan
0.18818146304202177 -0.011051270610792474 -0.033999999999999586
0.16471446418690366 -0.011310698543329056 0.006000000000000227
0.17636923400073512 -0.01042587110390445 0.15600000000000058
0.22559490113565128 -0.014516900092959084 0.12999999999999945
nan nan nan
0.22558644897864644 -0.014516499459940602 0.1299999999999999
0.1964365302638746 -0.011473492257818296 0.15600000000000014
0.22559490113565128 -0.014516900092959084 0.129999999999999
0.19643653026387464 -0.011473492257818296 0.15600000000000058
0.16401991751259143 -0.0077623270938873 0.06800000000000095
0.18373581456463445 -0.008701792622904353 0.06799999999999962
nan nan nan
0.16351954843051208 -0.009798711819181079 -0.0339999999999997
0.1341821726485008 -0.009772245767213666 0.0060000000000011156
0.22558644897864638 -0.014516499459940602 0.1299999999999999
0.18818146304202177 -0.011051270610792474 -0.033999999999999586
0.13937657410957044 -0.009762358056520329 0.1299999999999999
0.18875985505374338 -0.010693650099513147 -0.04000000000000037
nan nan nan
0.15153592933124915 -0.00797352587640681 0.0
nan nan nan
nan nan nan
nan nan nan
nan nan nan
0.23771733085074653 -0.015500965518240761 0.0
0.20178946891725436 -0.010677119500398596 0.0
nan nan nan
0.2357975585782841 -0.015389243929679178 0.0
0.18100688543163868 -0.009601714800965513 0.0
0.2723841330922512 -0.017080635899952318 0.0
0.1736435271711908 -0.011697411480322217 0.1299999999999999
0.20046935033019025 -0.011292426002400519 -0.039999999999999813
0.20178946891725447 -0.010677119500398603 0.0
0.1327350386618963 -0.008182897589236661 -0.03399999999999992
nan nan nan
0.21581042368083103 -0.014034371792884318 0.1299999999999999
0.188811654084187 -0.010696504125859263 -0.039999999999999925
0.23579755857828405 -0.015389243929679178 0.0
0.1018264927251109 -0.004586153018474481 0.06800000000000095
nan nan nan
0.14010131687654404 -0.00658544912841464 0.06800000000000006
nan nan nan
0.1324418304428825 -0.0059113705360880064 0.04800000000000004
0.1341821726485008 -0.009772245767213666 0.0060000000000011156
0.14462112494417867 -0.008793773501143243 -0.033999999999999586
0.13701397898282885 -0.00841510743402158 -0.03399999999999981
0.2723841330922512 -0.017080635899952318 0.0
0.2087546635910963 -0.013657803876435767 0.1299999999999999
0.2634775053966482 -0.01669168151830147 0.0
0.1763498224143864 -0.00933062231819317 0.0
nan nan nan
nan nan nan
0.21581042368083103 -0.014034371792884318 0.1299999999999999
0.16152300697988398 -0.00971261273388109 -0.03400000000000014
0.12101775850021007 -0.007568084702519795 0.15600000000000103
0.1997863576481887 -0.009589367135096352 0.04800000000000004
0.16470749249657468 -0.011310259210569794 0.006000000000002892
0.199777732399333 -0.01059025402608977 0.0
0.14010131687654404 -0.00658544912841464 0.06799999999999962
nan nan nan
nan nan nan
0.20357218568170027 -0.010766247842687704 0.0
0.22773396146903507 -0.01461055732887269 0.13000000000000034
0.213268107341625 -0.011320593817052575 0.0
nan nan nan
0.19978635764818875 -0.009589367135096352 0.0479999999999996
nan nan nan
nan nan nan
nan nan nan
nan nan nan
0.07342814175161055 -0.005004303884635193 -0.03400000000000003
0.10085840294028309 -0.00653550899809463 -0.03400000000000003
0.1370139789828289 -0.00841510743402158 -0.03400000000000003
0.18881165408418693 -0.010696504125859263 -0.039999999999999925
0.16442353243871977 -0.009844050773459373 -0.0339999999999997
0.07538677699849561 -0.006597946894854503 0.006000000000000227
0.10085840294028309 -0.00653550899809463 -0.03399999999999981
0.1324418304428825 -0.0059113705360880064 0.04800000000000004
0.22773396146903502 -0.01461055732887269 0.13000000000000034
nan nan nan
nan nan nan
0.16786031550303188 -0.007841857389851242 0.0479999999999996
0.1662270160122904 -0.011410437110924557 0.0
0.25719951317299916 -0.01642331507926885 0.0
0.16152300697988398 -0.00971261273388109 -0.03399999999999981
0.1327350386618963 -0.008182897589236661 -0.03399999999999981
0.2004693503301903 -0.011292426002400532 -0.039999999999999813
0.21734903240512277 -0.010474750732888727 0.047999999999999154
nan nan nan
0.18875985505374332 -0.010693650099513133 -0.040000000000000036
0.17636505395053148 -0.010424968948219974 0.15599999999999925
0.10556106846669311 -0.008220033549854955 0.006000000000002004
nan nan nan
0.07342814175161061 -0.005004303884635193 -0.03399999999999992
0.14462112494417872 -0.008793773501143243 -0.033999999999999364
0.16786031550303188 -0.007841857389851242 0.047999999999999154
0.21326810734162494 -0.011320593817052568 0.0
0.17636505395053143 -0.010424968948219974 0.15600000000000103
nan nan nan
0.14431159278817335 -0.01028637502562088 0.005999999999999339
0.2550467906357199 -0.016333488809061783 0.0
0.14363132858752609 -0.0067584341066041845 0.0680000000000005
nan nan nan
0.1763498224143864 -0.00933062231819317 0.0
0.19034849395014114 -0.010776555661354423 -0.04000000000000015
0.3100388272331975 -0.02047186183810759 0.1299999999999999
0.2979767741432324 -0.02098691124821403 0.0
0.23512467631393552 -0.011235999411244244 0.04800000000000049
nan nan nan
nan nan nan
nan nan nan
nan nan nan
nan nan nan
0.29098694021819016 -0.018618254697323255 0.0
nan nan nan
0.29098694021819016 -0.018618254697323255 0.0
nan nan nan
nan nan nan
nan nan nan
nan nan nan
nan nan nan
0.32104176576783433 -0.02109491135684416 0.13000000000000034
nan nan nan
nan nan nan
0.29720215612471523 -0.01824317415895807 -0.04000000000000026
nan nan nan
nan nan nan
0.3245338180732375 -0.019824259564524882 -0.040000000000000036
0.20769963318635232 -0.013763993643988781 0.0
nan nan nan
0.3100388272331975 -0.02047186183810759 0.13000000000000034
nan nan nan
0.3075248563974367 -0.020325076662114888 0.13000000000000034
0.3360746492620908 -0.020427962465565663 -0.04000000000000026
0.3075248563974367 -0.020325076662114888 0.1299999999999999
0.28776433014681335 -0.019240959141516994 0.13000000000000078
0.25942585722961825 -0.016819396304214806 0.0
0.26421019304667925 -0.016627698337802893 -4.440892098500626e-16
nan nan nan
nan nan nan
nan nan nan
nan nan nan
0.20769963318635232 -0.013763993643988781 0.0
0.250506053965207 -0.017131847127338007 0.1299999999999999
0.28529116282063316 -0.01908856300400044 0.1299999999999999
0.20195494300536243 -0.014373596448692155 0.13000000000000034
0.31366191475249977 -0.019194273918572202 -0.039999999999999925
0.20602650007891726 -0.009909699141456091 0.04800000000000004
0.31499877785003066 -0.020754907429838182 0.12999999999999945
nan nan nan
nan nan nan
nan nan nan
0.20195494300536243 -0.014373596448692155 0.1299999999999999
nan nan nan
nan nan nan
nan nan nan
0.2255509516610506 -0.010830193971084215 0.0479999999999996
0.31721218416966507 -0.016134919680989568 0.047999999999999154
0.2979767741432323 -0.02098691124821403 0.0
0.31721218416966507 -0.016134919680989568 0.047999999999999154
nan nan nan
0.28776433014681335 -0.019240959141516994 0.1299999999999999
0.250506053965207 -0.017131847127338007 0.1299999999999999
0.2888536248181517 -0.014567959711221878 0.047999999999999154
0.326063803243765 -0.02125812714648917 -0.008000000000000007
nan nan nan
0.37467318872101213 -0.02546933743477206 0.0
0.2576781446734608 -0.01628866420622746 0.0
0.3116329961917567 -0.01585244050114945 0.0479999999999996
0.31385167542854137 -0.015974416316972717 0.04800000000000004
nan nan nan
0.3360746492620908 -0.020427962465565663 -0.04000000000000015
0.3319496746891472 -0.021536511170129613 -0.007999999999999563
0.3319496746891472 -0.021536511170129613 -0.008000000000000007
0.3138516754285415 -0.015974416316972717 0.04800000000000049
0.2862667189133217 -0.014421844027675323 0.0479999999999996
0.31163299619175683 -0.015852440501149423 0.04800000000000004
0.31170780747783006 -0.015855304548687305 0.04800000000000004
0.31170780747783006 -0.015855304548687305 0.04800000000000004
0.35382090568460983 -0.022105609077466115 -0.039999999999999813
0.2862667189133216 -0.014421844027675323 0.04800000000000004
0.28742742949442945 -0.01830103443551498 -0.0399999999999997
0.3257815421811316 -0.021243095515233984 -0.008000000000000451
0.3359245978397884 -0.021083446861837385 -0.039999999999999925
0.30922144460895923 -0.020333908699245395 -0.008000000000000007
0.3172063200325029 -0.02078441041742532 -0.008000000000000007
0.21674151307286138 -0.015062521170187276 -0.008000000000000007
0.3260638032437649 -0.02125812714648917 -0.007999999999999563
0.1698526470961626 -0.011451562797723983 0.0
0.19769181852711015 -0.00947938809303446 0.04800000000000049
0.37467318872101213 -0.02546933743477206 0.0
0.3172063200325029 -0.02078441041742532 -0.008000000000000451
0.2951507109760429 -0.019654480911533517 0.13000000000000078
0.25490111572294105 -0.01263047288493302 0.04800000000000004
0.30922144460895934 -0.020333908699245395 -0.007999999999999563
0.32947511970719773 -0.021425385654779416 -0.008000000000000451
nan nan nan
0.2051517464538402 -0.009826608150712707 0.047999999999999154
0.31132318109931606 -0.020460956420758514 -0.007999999999999563
0.4146407533586078 -0.027687683870763757 0.0
0.27284779224018746 -0.018247514807964688 -0.008000000000000007
0.254901115722941 -0.012630472884933047 0.0479999999999996
0.20602650007891715 -0.009909699141456077 0.04800000000000004
0.3257815421811316 -0.021243095515233956 -0.008000000000000007
0.38205516867276473 -0.023702614987885007 -0.040000000000000036
0.3820551686727646 -0.023702614987885007 -0.039999999999999925
0.2686016488149836 -0.016819170466816705 0.0
0.1902549968269412 -0.012084999411779929 -0.04000000000000015
0.324492984805212 -0.019822352791960596 -0.04000000000000015
0.19769181852711015 -0.00947938809303446 0.048000000000001375
nan nan nan
0.4044036263185627 -0.027140612082275778 0.0
0.2481596959410084 -0.015384898280963066 -0.040000000000000036
0.4015605782906812 -0.02697980367404426 0.0
0.2686016488149836 -0.016819170466816705 0.0
0.22134438078722085 -0.010646972634338503 0.04800000000000004
nan nan nan
nan nan nan
0.23715657750020802 -0.017468461314857187 0.0
0.24498840213816425 -0.015631136688431954 8.881784197001252e-16
0.30324247421382794 -0.018581717293796846 -0.040000000000000036
0.31366191475249977 -0.019194273918572202 -0.03999999999999959
0.2888536248181518 -0.014567959711221878 0.047999999999999154
nan nan nan
0.24498840213816425 -0.015631136688431954 8.881784197001252e-16
0.263881596572877 -0.016612408126317674 0.0
0.21674151307286138 -0.015062521170187276 -0.00799999999999823
0.23512467631393547 -0.011235999411244244 0.04800000000000093
0.19025499682694313 -0.01208499941178004 -0.040000000000000036
0.27714638524342305 -0.01725708434243936 0.0
0.39189164237928104 -0.024260602147961025 -0.039999999999999813
0.2576781446734608 -0.01628866420622746 0.0
0.37121371708320156 -0.025256999857673906 0.0
0.35382090568460983 -0.022105609077466115 -0.039999999999999813
0.3195754637139621 -0.020103011126812648 0.0
nan nan nan
0.1698526470961626 -0.011451562797723983 1.7763568394002505e-15
nan nan nan
0.31953614857005236 -0.02010078483275607 0.0
nan nan nan
0.21935073625405876 -0.014235617230368869 -8.881784197001252e-16
nan nan nan
nan nan nan
0.40958673440189725 -0.0274368211686197 0.0
nan nan nan
0.23715657750020802 -0.017468461314857187 0.0
0.2051517464538402 -0.009826608150712679 0.047999999999999154
0.375672502858648 -0.023371580213407017 -0.04000000000000026
0.32104176576783444 -0.021094911356844187 0.1299999999999999
nan nan nan
nan nan nan
0.3001225896064967 -0.015226277899172996 0.04800000000000004
0.263881596572877 -0.01661240812631766 0.0
0.4044036263185627 -0.027140612082275778 0.0
0.32105763128995496 -0.020184867534982748 0.0
0.27714638524342305 -0.01725708434243936 8.881784197001252e-16
0.2951507109760428 -0.019654480911533517 0.13000000000000034
0.33284125427665284 -0.020269333024440006 -0.04000000000000015
0.3071610060230315 -0.019483939841882986 0.0
0.28529116282063305 -0.01908856300400047 0.13000000000000034
0.3232625536109341 -0.020316169713831933 0.0
0.39189164237928104 -0.024260602147961025 -0.0399999999999997
0.40958673440189725 -0.0274368211686197 0.0
0.22134438078722085 -0.010646972634338517 0.04800000000000093
0.37121371708320156 -0.025256999857673906 0.0
0.2474858827287325 -0.01576969455297053 1.7763568394002505e-15
0.32105763128995496 -0.020184867534982748 0.0
0.2728477922401874 -0.018247514807964688 -0.007999999999999119
0.3379237647878333 -0.02120098531138359 -0.04000000000000026
0.22555095166105066 -0.010830193971084215 0.04800000000000004
0.323262553610934 -0.020316169713831933 0.0
0.2874274294944298 -0.01830103443551498 -0.040000000000000036
0.2474858827287325 -0.01576969455297053 8.881784197001252e-16
0.3001225896064968 -0.015226277899172996 0.04800000000000004
0.38947722706091276 -0.026298551112124924 0.0
0.28660452514144286 -0.018354266477845743 0.0
nan nan nan
0.2481596959410084 -0.015384898280963066 -0.040000000000000036
0.30324247421382794 -0.018581717293796846 -0.04000000000000015
nan nan nan
0.26421019304667925 -0.016627698337802893 0.0
0.22511818728594857 -0.014691447022911891 -0.039999999999999813
0.22511818728594846 -0.014691447022911891 -0.040000000000000036
0.4015605782906812 -0.02697980367404426 0.0
0.2866045251414428 -0.018354266477845715 0.0
0.324492984805212 -0.019822352791960596 -0.040000000000000036
0.38947722706091276 -0.026298551112124924 0.0
0.3195754637139621 -0.020103011126812648 0.0
0.25942585722961836 -0.016819396304214806 0.0
0.33284125427665273 -0.020269333024440006 -0.039999999999999925
0.3071610060230315 -0.019483939841882986 0.0
0.3245338180732375 -0.019824259564524882 -0.039999999999999813
0.21935073625405876 -0.014235617230368883 0.0
0.3149987778500308 -0.020754907429838182 0.1299999999999999
0.3379237647878333 -0.02120098531138359 -0.04000000000000015
nan nan nan
0.3359245978397884 -0.021083446861837385 -0.040000000000000036
0.4146407533586078 -0.027687683870763757 0.0
0.3756725028586479 -0.02337158021340699 -0.04000000000000015
0.31132318109931595 -0.020460956420758514 -0.008000000000000007
nan nan nan
0.31953614857005225 -0.02010078483275607 0.0
0.32947511970719773 -0.021425385654779416 -0.008000000000000451
0.2972021561247152 -0.01824317415895807 -0.040000000000000036
nan nan nan
nan nan nan
nan nan nan
0.3079015496401965 -0.02323774878969015 0.13000000000000034
nan nan nan
nan nan nan
nan nan nan
0.26553567312789716 -0.021250152744264034 0.0
nan nan nan
nan nan nan
nan nan nan
nan nan nan
nan nan nan
nan nan nan
nan nan nan
0.42092184084090495 -0.02971857774615913 0.13000000000000034
0.44160687270677806 -0.03138729039650934 0.0
nan nan nan
0.34427245413471336 -0.02580674312098774 0.0
nan nan nan
0.31880633957342214 -0.016829109158327082 0.04800000000000004
nan nan nan
nan nan nan
0.38680787009368695 -0.026104944329940566 -0.040000000000000036
0.3697298409562861 -0.023018720631335504 -0.040000000000000036
0.2514235724585211 -0.01836344728966935 -0.039999999999999813
0.4162639337702522 -0.02994565452027728 0.0
0.41170848291846657 -0.02753458478455298 -0.04000000000000026
nan nan nan
0.44160687270677806 -0.03138729039650934 0.0
nan nan nan
0.4460067010966598 -0.031640780076765795 0.0
0.4400414989183235 -0.031299892572804244 0.0
nan nan nan
0.34427245413471314 -0.02580674312098774 0.0
nan nan nan
0.4162639337702521 -0.02994565452027728 0.0
nan nan nan
0.452364264201837 -0.031999308988519604 0.0
nan nan nan
nan nan nan
0.3621373672496159 -0.024392670858350785 0.1299999999999999
0.265535673127897 -0.021250152744264034 0.0
0.35973385023413 -0.02425516926611615 0.129999999999999
0.31784994394228 -0.021553748807771833 -0.007999999999999563
0.39115212984501185 -0.028509637339713262 0.0
0.26258116961812283 -0.018657788563156197 0.1299999999999999
nan nan nan
0.3532158999263339 -0.018857163895508233 0.04800000000000004
0.4024518801197275 -0.028669562510515112 0.1299999999999999
0.3764752753748171 -0.024928478662579384 -0.008000000000000007
0.4195303621475653 -0.02735665161949785 -0.008000000000000007
nan nan nan
0.4195303621475655 -0.02735665161949785 -0.008000000000000007
0.4123388617572084 -0.026954897822514007 -0.007999999999999563
0.4024518801197275 -0.028669562510515112 0.13000000000000078
nan nan nan
0.3178158921763982 -0.022185969152789586 -0.039999999999999925
0.3178158921763981 -0.022185969152789586 -0.040000000000000036
0.2591306726615652 -0.018115487476346642 -0.008000000000000451
0.4094513232342954 -0.02681846801993973 -0.008000000000000007
nan nan nan
nan nan nan
nan nan nan
0.39373913457393556 -0.025918483203812293 -0.007999999999999119
0.3602576437781198 -0.019268960606147773 0.04800000000000049
0.4123388617572085 -0.026954897822514007 -0.007999999999999563
0.38680787009368695 -0.026104944329940566 -0.039999999999999813
0.3659394644102702 -0.02658774507513975 0.13000000000000034
0.4110754192055251 -0.02749809255980698 -0.039999999999999813
0.2704684196174482 -0.014059482412021568 0.04800000000000004
0.44602094904838435 -0.031138882264061973 0.12999999999999945
nan nan nan
0.3923184920423484 -0.026105901588200697 0.13000000000000034
0.25142357245852115 -0.01836344728966935 -0.039999999999999813
0.41094347881867993 -0.02915293763481533 0.1299999999999999
0.4317608280456991 -0.03033172885567234 0.1299999999999999
0.44602094904838435 -0.031138882264061973 0.1299999999999999
0.452364264201837 -0.03199930898851963 0.0
0.42027692041147796 -0.029682238337805866 0.1299999999999999
0.39586433985286434 -0.028295456124107193 0.1299999999999999
0.41094347881868015 -0.02915293763481533 0.1299999999999999
0.31646072208399273 -0.019503361828114935 0.0479999999999996
0.4317608280456991 -0.03033172885567234 0.1299999999999999
0.37326015437657994 -0.024748545590688897 -0.008000000000000007
0.4072295313833835 -0.02669159958588535 -0.007999999999998675
0.37326015437657994 -0.024748545590688842 -0.008000000000000007
0.47252880815033876 -0.028345120212782182 0.04800000000000004
nan nan nan
0.29584705632678926 -0.021214643526941745 -0.008000000000000895
0.31701732213907136 -0.021848180336229872 0.13000000000000034
0.39586433985286434 -0.028295456124107193 0.1299999999999999
0.42027692041147807 -0.029682238337805894 0.1299999999999999
0.3873191368653031 -0.02580477575041565 0.13000000000000034
0.429646803170547 -0.028909326583867134 -0.008000000000000007
0.4460067010966598 -0.031640780076765795 0.0
0.4400414989183234 -0.031299892572804244 0.0
nan nan nan
0.463127408313978 -0.027793022000932394 0.04800000000000004
0.39115212984501174 -0.028509637339713262 0.0
0.4232788116911956 -0.02853753835902814 -0.007999999999999563
0.4041871924280342 -0.021766193208922424 0.0479999999999996
nan nan nan
nan nan nan
0.38282626930780334 -0.020582281792198898 0.04800000000000093
nan nan nan
0.46755260157372086 -0.0280665247166752 0.04800000000000004
nan nan nan
0.4090777218557196 -0.02200905760226951 0.04800000000000049
0.3621373672496159 -0.024392670858350757 0.1299999999999999
0.3873191368653031 -0.02580477575041565 0.13000000000000034
0.429646803170547 -0.028909326583867134 -0.007999999999999563
0.35938657387846057 -0.024842536900461426 -0.007999999999999119
0.3659394644102702 -0.02658774507513978 0.1299999999999999
0.4110754192055251 -0.02749809255980698 -0.040000000000000036
nan nan nan
0.4074197096129731 -0.026921598432423616 0.13000000000000034
nan nan nan
0.4233443534568004 -0.025585187206496246 0.04800000000000049
nan nan nan
0.3532158999263338 -0.018857163895508233 0.04800000000000004
0.42092184084090495 -0.029718577746159103 0.13000000000000034
0.4203357224648924 -0.02258382260816144 0.04800000000000004
0.4797484554179248 -0.028714196506077816 0.04800000000000004
0.39373913457393556 -0.025918483203812293 -0.007999999999999563
0.29584705632678926 -0.021214643526941745 -0.007999999999999119
nan nan nan
0.410930556181693 -0.02487762121050799 0.04800000000000049
0.463127408313978 -0.027793022000932366 0.04800000000000004
0.2625811696181228 -0.018657788563156197 0.1299999999999999
0.40120356669499685 -0.029098220286566195 0.0
0.4072295313833835 -0.026691599585885323 -0.007999999999999563
0.47252880815033876 -0.028345120212782182 0.04800000000000004
nan nan nan
0.39655195280855465 -0.026312116264600727 0.1299999999999999
0.42334435345680027 -0.025585187206496274 0.04800000000000093
0.45896303362382346 -0.03056262305816493 -0.007999999999999563
0.3079015496401965 -0.02323774878969015 0.1299999999999999
nan nan nan
0.4090777218557196 -0.02200905760226951 0.04800000000000004
0.3682411538629296 -0.022429751932052044 0.04800000000000004
nan nan nan
0.31701732213907124 -0.021848180336229872 0.1299999999999999
nan nan nan
0.35938657387846057 -0.024842536900461426 -0.007999999999999119
0.4232788116911956 -0.02853753835902817 -0.007999999999999119
0.40120356669499685 -0.029098220286566195 0.0
nan nan nan
0.4074197096129732 -0.026921598432423616 0.13000000000000034
0.3602576437781198 -0.019268960606147773 0.04800000000000004
0.4723781072283198 -0.031324486467323887 -0.008000000000000007
0.3597338502341301 -0.02425516926611615 0.129999999999999
0.4392252318812753 -0.026507720278668795 0.04800000000000004
0.4372223795835412 -0.029334942275339698 -0.008000000000000895
0.3764752753748171 -0.024928478662579412 -0.008000000000000451
0.4094513232342955 -0.02681846801993973 -0.007999999999999119
0.38282626930780334 -0.020582281792198898 0.04800000000000093
0.4041871924280342 -0.021766193208922424 0.04800000000000004
0.31880633957342214 -0.016829109158327082 0.04800000000000004
0.4797484554179248 -0.028714196506077816 0.04800000000000004
nan nan nan
0.4583382886428324 -0.030527728400947918 -0.007999999999999119
nan nan nan
0.4117084829184667 -0.02753458478455298 -0.04000000000000015
0.3697298409562861 -0.023018720631335504 -0.04000000000000015
0.3682411538629296 -0.022429751932052044 0.04800000000000004
0.3178499439422799 -0.021553748807771833 -0.007999999999999563
0.3923184920423484 -0.026105901588200697 0.13000000000000078
0.4372223795835412 -0.029334942275339726 -0.007999999999999563
0.42146484508082466 -0.028080660779786548 -0.039999999999999813
0.40248271400828 -0.021670513560754445 0.04800000000000049
0.3828563976258386 -0.025877230038984816 -0.040000000000000036
0.31646072208399273 -0.019503361828114935 0.04800000000000004
0.25913067266156525 -0.018115487476346642 -0.008000000000000007
nan nan nan
0.4392252318812753 -0.026507720278668795 0.04800000000000004
0.39655195280855465 -0.026312116264600727 0.1299999999999999
0.4203357224648924 -0.02258382260816144 0.04800000000000004
0.45896303362382346 -0.0305626230581649 -0.007999999999999563
0.2704684196174482 -0.014059482412021568 0.04800000000000049
0.4170067210365394 -0.027831198550587993 -0.040000000000000036
nan nan nan
0.4109305561816929 -0.02487762121050799 0.04800000000000093
nan nan nan
0.47237810722832 -0.031324486467323887 -0.007999999999999119
0.46282912872521836 -0.03077268594329083 -0.007999999999999563
0.46755260157372086 -0.02806652471667523 0.04800000000000004
nan nan nan
0.39137792100736596 -0.026356104699209848 -0.040000000000000036
0.46282912872521836 -0.030772685943290856 -0.008000000000000007
nan nan nan
0.38078665788991 -0.02542893028212151 0.1299999999999999
nan nan nan
0.40248271400828 -0.021670513560754445 0.04800000000000004
nan nan nan
0.38078665788991 -0.02542893028212151 0.1299999999999999
0.42146484508082466 -0.028080660779786548 -0.04000000000000015
0.3828563976258386 -0.025877230038984816 -0.040000000000000036
0.4170067210365394 -0.027831198550587993 -0.040000000000000036
0.39137792100736596 -0.026356104699209876 -0.040000000000000036
0.4583382886428324 -0.030527728400947918 -0.007999999999999563
0.08568118276245357 -0.004037014245180548 0.0
0.17286776314149882 -0.011011010696229062 0.0
nan nan nan
nan nan nan
nan nan nan
0.10606862421726321 -0.005154921974554305 0.0
nan nan nan
nan nan nan
nan nan nan
0.03526570782142774 -0.003817510166727857 0.006000000000002004
nan nan nan
0.13414131325072454 -0.00940880623068853 0.1299999999999999
0.05405382375084605 -0.004911657103290376 0.1299999999999999
nan nan nan
0.09076555930523295 -0.00675110829721514 0.006000000000002004
nan nan nan
0.11468309365168533 -0.005551942646171128 0.0
nan nan nan
0.10605863448876302 -0.00515439050284032 0.0
nan nan nan
nan nan nan
nan nan nan
0.09076555930523295 -0.00675110829721514 0.006000000000000227
nan nan nan
0.10421433999811824 -0.003888554610298328 0.056000000000000494
0.09859241030021487 -0.006313614306348185 -0.03599999999999959
0.09298999832982485 -0.006521934539992585 0.0
0.10605863448876302 -0.005154390502840313 0.0
-0.002163331347128261 -0.0017393613185011855 0.006000000000000227
0.11855541882444304 -0.006945373069108696 -0.040000000000000036
0.09569556507758709 -0.006182305166217608 -0.0359999999999997
0.19159147072240218 -0.011858216506421548 0.0
0.06549845592531167 -0.0029115613155652684 0.0
0.11762631410171248 -0.007226243647447651 -0.0359999999999997
0.06524964844497888 -0.002029067178216541 0.05600000000000005
0.09859241030021487 -0.006313614306348192 -0.03599999999999981
nan nan nan
0.13925082375438036 -0.00918697573381863 0.0
nan nan nan
nan nan nan
0.06524964844497894 -0.002029067178216555 0.05600000000000005
nan nan nan
nan nan nan
0.17286776314149882 -0.011011010696229062 0.0
nan nan nan
nan nan nan
0.08568118276245357 -0.004037014245180548 0.0
0.16423896945300037 -0.010564296992743388 0.0
0.16613534693316173 -0.010674693887591014 0.0
nan nan nan
nan nan nan
0.07710881144093423 -0.006078844346069208 0.006000000000000227
0.1817326104987511 -0.011436640981067253 0.0
nan nan nan
0.18248439367326058 -0.011472941943480683 0.0
0.07710881144093423 -0.006078844346069208 0.005999999999999339
0.0671148472211518 -0.0055729266546960116 0.006000000000000227
0.059914251610983904 -0.00175349868140863 0.05599999999999916
0.19159147072240218 -0.011858216506421548 0.0
0.13165084521412185 -0.007597092240679254 -0.040000000000000036
0.07804183868434983 -0.002689645598502495 0.05600000000000005
nan nan nan
0.1316508452141219 -0.007597092240679254 -0.039999999999999813
0.1817326104987511 -0.011436640981067253 0.0
0.059954080706487 -0.001755687524988045 0.05600000000000005
0.1661353469331618 -0.010674693887591014 0.0
0.09298999832982496 -0.006521934539992585 0.0
0.05991425161098385 -0.00175349868140863 0.05600000000000005
0.11056166986728533 -0.007704108106557313 0.006000000000000227
0.1824843936732607 -0.011472941943480683 0.0
0.13414131325072454 -0.00940880623068853 0.13000000000000034
0.12963885632362193 -0.0075114073967643 -0.039999999999999925
nan nan nan
0.1319023236667845 -0.006435351773230229 0.0
nan nan nan
0.1529511397425357 -0.010454595881371098 0.1299999999999999
0.006136595849272564 -0.0013157181470161428 -0.03600000000000003
0.15286607725792878 -0.010448594388676999 0.129999999999999
nan nan nan
0.12025241944084397 -0.007034451405914244 -0.04000000000000026
0.11864641771568546 -0.006950465195625366 -0.040000000000000036
0.10421433999811824 -0.003888554610298328 0.05599999999999916
0.07804183868434983 -0.002689645598502495 0.05600000000000005
nan nan nan
0.08176516785155119 -0.004802924019927171 -0.04000000000000026
nan nan nan
0.09127236949853101 -0.006964181879164505 0.1299999999999999
0.08953911331765302 -0.0058343367441501676 0.15000000000000036
0.09968181828699763 -0.006290636753714961 0.1499999999999999
0.12025241944084392 -0.007034451405914244 -0.04000000000000026
0.13925082375438014 -0.00918697573381863 0.0
0.12963885632362193 -0.0075114073967643 -0.040000000000000036
0.05713354242822172 -0.004055629125877425 0.1499999999999999
0.013805655769595804 -0.0017948591296409189 0.15000000000000036
0.08690574050427896 -0.0030770054193461627 0.05600000000000005
0.05713354242822177 -0.004055629125877425 0.15000000000000036
0.11527313599455657 -0.007024465433603043 0.1499999999999999
0.03611286262138397 -0.002112180602215033 -0.04000000000000026
0.06711484722115185 -0.0055729266546960116 0.0060000000000011156
0.08004380020730417 -0.002775944291809364 0.05600000000000094
0.059954080706486945 -0.001755687524988038 0.05600000000000005
0.15102232146524414 -0.008494211571202795 -0.04000000000000015
0.08953911331765296 -0.0058343367441501676 0.1500000000000008
0.06494179695326979 -0.005444474029722812 0.006000000000000227
0.08176516785155119 -0.004802924019927171 -0.040000000000000036
nan nan nan
0.08690574050427896 -0.0030770054193461696 0.05600000000000005
0.1405722222718434 -0.009781900213628139 0.1299999999999999
0.1377846044573381 -0.00786385564996886 -0.04000000000000015
0.11029317108126169 -0.006803650095552817 0.1499999999999999
0.11855541882444309 -0.006945373069108696 -0.04000000000000015
0.15102232146524408 -0.008494211571202795 -0.04000000000000026
nan nan nan
0.13213908512342848 -0.0092872600757892 0.1299999999999999
0.013805655769595804 -0.0017948591296409189 0.1499999999999999
0.09127236949853101 -0.006964181879164505 0.12999999999999945
nan nan nan
0.09968181828699768 -0.006290636753714961 0.1499999999999999
0.1614119910097202 -0.010826622751799561 0.13000000000000034
0.05405382375084605 -0.004911657103290376 0.1299999999999999
0.03611286262138397 -0.002112180602215033 -0.04000000000000026
0.09569556507758692 -0.006182305166217608 -0.035999999999999366
nan nan nan
0.11056166986728538 -0.007704108106557306 0.006000000000000227
0.09075858895078043 -0.006750667430542388 0.006000000000000227
nan nan nan
nan nan nan
0.18542600790634212 -0.01159772110025964 0.0
0.1552172975888395 -0.010556936889961607 0.1299999999999999
0.1405722222718434 -0.009781900213628139 0.13000000000000034
nan nan nan
0.035265707821427794 -0.003817510166727843 0.0060000000000011156
0.13213908512342842 -0.0092872600757892 0.12999999999999945
0.15286607725792878 -0.010448594388676999 0.129999999999999
0.11864641771568551 -0.006950465195625366 -0.039999999999999925
-0.0021633313471282056 -0.0017393613185011716 0.006000000000000227
0.09678089249266159 -0.007009374424078348 0.0060000000000011156
nan nan nan
-0.00960913920061307 0.0020164009950600914 0.05599999999999916
0.18542600790634195 -0.01159772110025964 0.0
0.11527313599455657 -0.00702446543360305 0.1499999999999999
nan nan nan
nan nan nan
0.04020556374065337 -0.0003100976923921528 0.04800000000000049
nan nan nan
0.16423896945300032 -0.010564296992743388 0.0
0.09075858895078037 -0.006750667430542395 0.006000000000002004
nan nan nan
0.08717923475911016 -0.005695481976862454 0.15000000000000124
0.11029317108126169 -0.006803650095552817 0.1499999999999999
0.09369903563985443 -0.006096203168227808 -0.03600000000000003
nan nan nan
nan nan nan
nan nan nan
0.1285183659428804 -0.00768588417159255 0.1499999999999999
0.07281094998433257 -0.004962263191251821 -0.03600000000000003
0.1377846044573381 -0.00786385564996886 -0.040000000000000036
0.08717923475911016 -0.005695481976862454 0.1500000000000008
0.024178513491840026 0.00011651261702541604 0.05600000000000094
nan nan nan
0.06494179695326979 -0.005444474029722812 0.005999999999999339
0.08004380020730417 -0.002775944291809364 0.05600000000000094
nan nan nan
0.024178513491840026 0.00011651261702541604 0.05600000000000005
0.12460662354885249 -0.004918344231981425 0.047999999999999154
0.10697613484763141 -0.003998532204174024 0.04800000000000093
-0.00960913920061296 0.0020164009950600914 0.05600000000000005
0.11468309365168533 -0.005551942646171128 0.0
0.14624007576244752 -0.007198479197502966 0.0
0.07281094998433252 -0.004962263191251821 -0.03599999999999981
0.11762631410171254 -0.007226243647447651 -0.03599999999999981
0.1103240536132975 -0.006804714988215409 0.14999999999999947
0.15295113974253577 -0.010454595881371098 0.1299999999999999
0.08160176449531037 -0.005434354359445524 -0.03599999999999981
0.1375449626667402 -0.006691291704098677 0.0
0.09678089249266159 -0.0070093744240783545 0.006000000000000227
0.1339671621326508 -0.006525318170656394 0.0
0.0831930484894089 -0.002678137204027195 0.047999999999999154
0.03501771266898018 -0.002965422697713875 -0.03600000000000003
0.13754496266674016 -0.00669129170409867 0.0
0.1339671621326508 -0.006525318170656394 0.0
0.12851836594288046 -0.007685884171592557 0.1500000000000008
0.1319023236667845 -0.006435351773230222 0.0
0.11032405361329745 -0.006804714988215402 0.15000000000000036
0.1552172975888395 -0.010556936889961607 0.1299999999999999
0.006136595849272508 -0.0013157181470161428 -0.03600000000000003
0.07547118620206733 -0.005109992970209393 -0.036000000000000254
0.10606862421726315 -0.005154921974554305 0.0
0.03501771266898018 -0.002965422697713868 -0.03599999999999992
0.09369903563985443 -0.006096203168227808 -0.03600000000000003
nan nan nan
0.08160176449531048 -0.005434354359445524 -0.0359999999999997
0.10697613484763147 -0.003998532204174024 0.04800000000000004
0.04020556374065337 -0.0003100976923921528 0.04800000000000049
0.14624007576244752 -0.007198479197502966 0.0
0.12460662354885244 -0.004918344231981425 0.04800000000000049
0.1614119910097202 -0.010826622751799561 0.1299999999999999
0.07547118620206739 -0.005109992970209393 -0.036000000000000254
0.08319304848940895 -0.002678137204027209 0.047999999999999154
0.06549845592531162 -0.0029115613155652684 0.0
nan nan nan
nan nan nan
nan nan nan
0.15906423042090967 -0.01049690781459725 -0.039999999999999925
nan nan nan
nan nan nan
nan nan nan
0.13467038958492483 -0.005350502152777159 0.04800000000000093
nan nan nan
nan nan nan
nan nan nan
nan nan nan
nan nan nan
0.222882966282755 -0.013858433330734943 0.0
nan nan nan
0.24573910429988716 -0.015069409692417435 0.0
0.23673646885269478 -0.014609327255733717 0.0
nan nan nan
nan nan nan
0.21699806115515913 -0.013504018149013725 0.0
nan nan nan
0.13224093949049792 -0.008594769555173687 0.0
nan nan nan
nan nan nan
0.183375963250831 -0.011806221524889082 0.0
0.1826360674598433 -0.011771112040713794 8.881784197001252e-16
0.24791835708131776 -0.01657865245349846 -0.008000000000000451
0.1693552239570822 -0.01110495537767242 8.881784197001252e-16
nan nan nan
nan nan nan
0.24573910429988716 -0.015069409692417435 0.0
0.19232682698909337 -0.01224759546591185 -8.881784197001252e-16
0.18123406063187247 -0.011487133910518338 0.0
0.22446942780196516 -0.015542058775287665 0.13000000000000034
0.08918209245755343 -0.006553696188528899 0.0
0.12880825549628344 -0.005100888936492881 0.04800000000000004
0.11258660190294784 -0.009232306060220186 0.1299999999999999
0.11258660190294778 -0.009232306060220186 0.13000000000000034
0.25345938829422515 -0.01595750656640671 -0.039999999999999925
0.25666736390907346 -0.01613692672023717 -0.040000000000000036
0.24791835708131776 -0.01657865245349846 -0.007999999999999563
0.16249305884546406 -0.012055336289149648 0.1299999999999999
0.10641541260501325 -0.003966892892146662 0.04800000000000004
0.18123406063187247 -0.011487133910518366 0.0
nan nan nan
0.13224093949049792 -0.008594769555173687 0.0
nan nan nan
0.23673646885269478 -0.014609327255733717 0.0
nan nan nan
nan nan nan
0.18296567551373222 -0.011786376962550582 8.881784197001252e-16
0.11503250930868797 -0.004409382896355146 0.04800000000000004
nan nan nan
0.24716212955078282 -0.015626210950508146 -0.039999999999999813
nan nan nan
0.31674929784502087 -0.02119549129590173 0.0
0.20269632774997332 -0.014310871911928147 0.13000000000000034
nan nan nan
0.23837472510901675 -0.01633875464328885 0.13000000000000034
nan nan nan
nan nan nan
0.16935522395708213 -0.01110495537767242 8.881784197001252e-16
0.12880825549628344 -0.005100888936492853 0.04800000000000004
0.21699806115515913 -0.013504018149013697 0.0
0.17659000874471487 -0.011473856789964959 8.881784197001252e-16
0.2237536523445241 -0.015497580266662953 0.13000000000000034
0.21480005341606606 -0.013775440135322559 -0.040000000000000036
0.2817590302675866 -0.019207889583825744 0.0
0.20002460870305744 -0.014157106792277246 0.1299999999999999
0.31853011645393353 -0.02129584540391749 0.0
nan nan nan
0.26172221650175403 -0.017321191816859954 -0.008000000000000007
0.12446391442660293 -0.004768162204780907 0.047999999999999154
nan nan nan
0.24716212955078282 -0.015626210950508146 -0.040000000000000036
0.24165486541768427 -0.016223695702454966 -0.008000000000000451
0.08918209245755349 -0.0065536961885289124 8.881784197001252e-16
0.22446942780196516 -0.015542058775287665 0.1299999999999999
0.23164026205555371 -0.015961954336341927 0.12999999999999945
0.1235286423011342 -0.004849704810210742 0.04800000000000004
0.25345938829422515 -0.01595750656640671 -0.039999999999999925
0.25666736390907335 -0.01613692672023717 -0.04000000000000026
0.20269632774997332 -0.014310871911928175 0.1299999999999999
0.16249305884546406 -0.012055336289149648 0.12999999999999945
0.21480005341606606 -0.013775440135322559 -0.040000000000000036
0.14237892063151797 -0.009627941826472086 0.0
nan nan nan
0.32430845764862387 -0.021637595059334963 0.0
0.23220844415369063 -0.01092852638761127 0.04800000000000049
0.3068537876204536 -0.020639218992799274 0.0
nan nan nan
0.21625948837346304 -0.015439175243462638 0.0
0.26172221650175403 -0.017321191816859954 -0.008000000000000895
0.18263606745984318 -0.011771112040713794 8.881784197001252e-16
0.13467038958492483 -0.005350502152777145 0.04800000000000049
nan nan nan
nan nan nan
0.222882966282755 -0.013858433330734943 0.0
0.2583060850770092 -0.017153752806125494 -0.008000000000000451
0.2086861211050524 -0.01466381186995222 0.13000000000000078
0.14237892063151797 -0.009627941826472072 0.0
0.17659000874471487 -0.011473856789964959 8.881784197001252e-16
0.24165486541768427 -0.016223695702454966 -0.008000000000000895
0.316749297845021 -0.02119549129590173 0.0
0.2621053249461827 -0.017341316786742694 -0.007999999999999563
0.23087538816397074 -0.014704512715957935 -0.039999999999999813
0.22799641729151904 -0.010679565742648556 0.04800000000000004
0.2086861211050524 -0.01466381186995222 0.13000000000000034
nan nan nan
0.24046203874059585 -0.011337815598483902 0.047999999999999154
0.24046203874059596 -0.011337815598483875 0.047999999999999154
0.2583060850770092 -0.017153752806125522 -0.008000000000000007
0.2580066805255589 -0.017137805424562835 -0.008000000000000451
0.183375963250831 -0.011806221524889082 0.0
0.2507023913488819 -0.016353021907973386 -0.04000000000000026
0.1923268269890933 -0.012247595465911837 8.881784197001252e-16
0.23220844415369063 -0.01092852638761127 0.04800000000000004
0.20476539106192576 -0.009376835263268157 0.04800000000000004
0.15670605440407298 -0.011982992713861246 0.0
0.17767298339110327 -0.007810951553049533 0.04800000000000004
0.12446391442660293 -0.004768162204780879 0.047999999999999154
0.21730344089136527 -0.010095232708653784 0.04800000000000004
0.208270157505342 -0.009566992826087056 0.047999999999999154
0.17767298339110327 -0.007810951553049533 0.0479999999999996
0.2860981890889995 -0.0183905319281292 -0.04000000000000026
0.24370153768503627 -0.016340785339493263 -0.008000000000000007
0.208270157505342 -0.009566992826087056 0.047999999999999154
0.22799641729151904 -0.010679565742648556 0.04800000000000004
0.21730344089136527 -0.010095232708653784 0.04800000000000004
0.20476539106192565 -0.009376835263268157 0.047999999999999154
0.31853011645393353 -0.02129584540391749 0.0
0.22996183494116346 -0.010802413778887798 0.0479999999999996
0.15670605440407298 -0.011982992713861246 0.0
0.22996183494116346 -0.010802413778887798 0.04800000000000004
nan nan nan
0.12824504933938063 -0.009323885606251914 -0.04000000000000015
0.18296567551373222 -0.011786376962550554 8.881784197001252e-16
nan nan nan
0.2507023913488818 -0.016353021907973386 -0.04000000000000026
0.2621053249461827 -0.017341316786742694 -0.008000000000000007
0.2237536523445242 -0.015497580266662953 0.13000000000000034
nan nan nan
0.23164026205555371 -0.015961954336341927 0.1299999999999999
0.30822196676075236 -0.019620242309210306 -0.039999999999999925
0.2944828435744527 -0.018846207237770723 -0.039999999999999813
0.2467700744216585 -0.01612918246046799 -0.040000000000000036
0.2944828435744526 -0.018846207237770723 -0.039999999999999813
0.11503250930868797 -0.004409382896355146 0.04800000000000004
0.30822196676075236 -0.019620242309210306 -0.039999999999999925
0.1685640315563522 -0.01106110294062114 8.881784197001252e-16
0.2860981890889995 -0.0183905319281292 -0.04000000000000026
0.2438288214521866 -0.014958166432974096 0.0
0.15906423042090967 -0.01049690781459725 -0.039999999999999925
0.20002460870305755 -0.014157106792277246 0.1299999999999999
0.22082973238554998 -0.014113769409394766 -0.04000000000000015
0.2467700744216585 -0.01612918246046799 -0.040000000000000036
0.21625948837346315 -0.015439175243462638 0.0
0.24714296687837317 -0.015625502148512327 -0.040000000000000036
nan nan nan
0.24988027494975834 -0.015310206187176767 0.0
0.2438288214521866 -0.014958166432974096 0.0
0.1685640315563522 -0.01106110294062114 8.881784197001252e-16
nan nan nan
nan nan nan
0.24761902314171197 -0.015175791268599942 0.0
0.13176927981528064 -0.009886617243631213 -0.00799999999999823
0.3295151637242925 -0.021924466702277545 0.0
0.10641541260501325 -0.003966892892146662 0.04800000000000049
0.24714296687837328 -0.015625502148512327 -0.040000000000000036
0.28508318663406457 -0.019412649733704268 0.0
nan nan nan
0.23837472510901675 -0.01633875464328885 0.1299999999999999
0.23087538816397074 -0.014704512715957935 -0.03999999999999959
nan nan nan
nan nan nan
0.2013126191591133 -0.013881552318393053 -0.007999999999999563
0.20131261915911342 -0.013881552318393053 -0.008000000000000007
0.1317692798152807 -0.00988661724363124 -0.007999999999999119
nan nan nan
0.24988027494975834 -0.015310206187176767 0.0
nan nan nan
0.1235286423011342 -0.004849704810210742 0.04800000000000004
nan nan nan
0.19828833712509253 -0.013340084440791933 -0.039999999999999925
0.28508318663406457 -0.019412649733704268 0.0
0.2580066805255589 -0.017137805424562808 -0.008000000000000007
0.26956879147701146 -0.01743649490550403 -0.039999999999999813
0.2817590302675866 -0.019207889583825744 0.0
nan nan nan
0.09928348778038382 -0.00706370820794433 -0.040000000000000036
0.24370153768503616 -0.01634078533949329 -0.008000000000000007
0.12824504933938058 -0.009323885606251942 -0.039999999999999813
0.22082973238554998 -0.014113769409394766 -0.04000000000000026
0.26956879147701157 -0.017436494905504057 -0.040000000000000036
0.09928348778038382 -0.00706370820794433 -0.04000000000000015
0.3295151637242925 -0.021924466702277545 0.0
0.24761902314171197 -0.015175791268599942 0.0
0.30685378762045373 -0.020639218992799274 0.0
0.32430845764862387 -0.021637595059334963 0.0
0.19828833712509286 -0.013340084440791933 -0.04000000000000026
nan nan nan
nan nan nan
nan nan nan
nan nan nan
nan nan nan
nan nan nan
nan nan nan
nan nan nan
nan nan nan
0.35466908633491084 -0.025560753725745705 0.0
nan nan nan
nan nan nan
nan nan nan
nan nan nan
0.32372738557446606 -0.023790798541498126 0.0
nan nan nan
nan nan nan
0.36251759042756543 -0.026019377945804167 0.0
nan nan nan
nan nan nan
nan nan nan
0.3678563806335567 -0.02631827631492173 0.0
nan nan nan
nan nan nan
nan nan nan
nan nan nan
0.3134783208400243 -0.02319515493149743 0.0
0.18295663507356347 -0.015679880596085077 0.0
nan nan nan
nan nan nan
0.32677074329592687 -0.022849980301877154 -0.040000000000000036
nan nan nan
nan nan nan
0.36251759042756543 -0.026019377945804167 0.0
0.32677074329592687 -0.022849980301877154 -0.039999999999999813
0.2595662019071561 -0.02011081423951719 0.0
nan nan nan
0.3093535181617319 -0.015912246409896247 0.04800000000000004
0.2992838673253218 -0.020742023126972486 0.1299999999999999
0.35466908633491073 -0.025560753725745705 0.0
0.35530057849783653 -0.0255972073488393 0.0
0.2992838673253218 -0.020742023126972486 0.12999999999999945
0.3314876865792438 -0.023113890769610124 -0.039999999999999813
nan nan nan
0.23103718277051338 -0.01625657490518928 -0.008000000000000007
0.32092688300180333 -0.021433529795798406 -0.007999999999998675
0.32053815965215887 -0.01648911279669915 0.04800000000000004
0.2659673587942016 -0.013419789357210471 0.04800000000000004
0.320538159652159 -0.01648911279669915 0.04800000000000049
nan nan nan
0.259566201907156 -0.02011081423951719 0.0
nan nan nan
0.335363414002605 -0.02444890559984947 0.0
0.2801433898244548 -0.01803692833471332 -0.040000000000000036
0.33218748648129487 -0.017126431176446272 0.04800000000000004
0.17383753848272854 -0.008096610530926168 0.04800000000000004
0.31030927646522694 -0.02136018478537291 0.13000000000000034
nan nan nan
0.32372738557446606 -0.023790798541498126 0.0
0.28408064354973767 -0.020433434769547343 -0.04000000000000026
0.2911049278875633 -0.020818651650531123 -0.039999999999999925
0.33362972816955333 -0.024658463083306825 0.13000000000000034
0.22425338432184166 -0.016539696899901007 0.13000000000000034
0.3187371426203079 -0.02130866995093722 -0.007999999999999119
0.3093535181617318 -0.01591224640989622 0.04800000000000049
0.2682612052342512 -0.019001304834786653 0.12999999999999945
nan nan nan
0.33218748648129487 -0.017126431176446272 0.04800000000000004
nan nan nan
0.33362972816955333 -0.024658463083306797 0.13000000000000034
0.35530057849783653 -0.0255972073488393 0.0
0.3274973985818513 -0.022892073618374753 -0.040000000000000036
0.33450150719457045 -0.023285934346731846 -0.040000000000000036
nan nan nan
0.2742544166029027 -0.01664597242074023 0.04800000000000004
nan nan nan
nan nan nan
0.3678563806335567 -0.02631827631492173 0.0
0.2186093897387668 -0.016692729821198543 -0.040000000000000036
0.3235093478558217 -0.02155250714468862 -0.007999999999999119
0.1722767846553403 -0.012820099913324584 -0.008000000000000007
nan nan nan
0.3274973985818513 -0.022892073618374753 -0.04000000000000026
0.28677770317843326 -0.019486181493501648 -0.007999999999999563
nan nan nan
0.38602678239116167 -0.02602362452224871 -0.00799999999999823
0.3013548346624388 -0.021403247110802243 -0.039999999999999813
0.32666386358757776 -0.021724909910654122 -0.008000000000000007
0.34198739613061097 -0.02353330707512824 -0.007999999999999563
0.29579442155775 -0.020574634083374316 0.13000000000000034
0.18295663507356336 -0.015679880596085077 0.0
0.3013548346624389 -0.021403247110802243 -0.040000000000000036
0.2186093897387668 -0.01669272982119857 -0.039999999999999925
0.33450150719457045 -0.023285934346731846 -0.040000000000000036
0.1540500028459461 -0.012981765419843111 -0.0399999999999997
0.21642816313551144 -0.013343696053117748 0.0479999999999996
0.34198739613061097 -0.02353330707512824 -0.007999999999999563
0.2911049278875634 -0.020818651650531067 -0.039999999999999813
0.3762284727519702 -0.022373870601105572 0.04800000000000049
0.335363414002605 -0.02444890559984947 0.0
nan nan nan
0.38602678239116167 -0.02602362452224871 -0.007999999999999119
0.26831135947664103 -0.019271363375875733 -0.008000000000000007
0.3004952751989615 -0.020259197235520665 -0.008000000000000007
0.2310371827705135 -0.01625657490518928 -0.007999999999999563
0.3004952751989615 -0.020259197235520665 -0.008000000000000007
0.3187371426203079 -0.02130866995093722 -0.007999999999999563
0.15405000284593534 -0.0129817654198425 -0.039999999999999925
0.28408064354973767 -0.020433434769547343 -0.039999999999999925
0.21642816313551144 -0.013343696053117748 0.04800000000000004
0.2072923253138414 -0.015788842622098176 -0.008000000000000007
0.1722767846553403 -0.012820099913324584 -0.008000000000000007
0.26831135947664103 -0.019271363375875733 -0.007999999999999119
0.32666386358757776 -0.021724909910654122 -0.008000000000000007
0.38757486551431525 -0.02304733274393761 0.04800000000000004
0.3762284727519701 -0.022373870601105544 0.04800000000000049
0.28677770317843326 -0.019486181493501648 -0.008000000000000007
nan nan nan
0.32092688300180333 -0.021433529795798406 -0.007999999999999563
0.3704194898375431 -0.025132843572015673 -0.008000000000000007
0.35119576657208923 -0.02404652336850513 -0.008000000000000895
nan nan nan
0.2072923253138414 -0.015788842622098176 -0.008000000000000895
0.28729950376844965 -0.019515095444940733 -0.008000000000000451
0.3343552533797927 -0.024699783102322792 0.1299999999999999
0.3235093478558217 -0.02155250714468862 -0.007999999999999119
0.3704194898375431 -0.025132843572015645 -0.007999999999999119
0.3314876865792438 -0.023113890769610096 -0.040000000000000036
0.26826120523425107 -0.019001304834786653 0.1299999999999999
0.3390784999644965 -0.02034342283616264 0.04800000000000093
0.29579442155775 -0.020574634083374288 0.1299999999999999
nan nan nan
0.31357283828066623 -0.02352718700968154 0.12999999999999945
0.3761865078785916 -0.02545222645499448 -0.007999999999999563
nan nan nan
0.29076716633485494 -0.020271929643508213 0.13000000000000034
nan nan nan
0.28729950376844976 -0.019515095444940705 -0.008000000000000007
nan nan nan
nan nan nan
0.28384232604955834 -0.019872871845508233 0.1299999999999999
0.2113701837032393 -0.017670549799949226 0.1299999999999999
nan nan nan
0.3134783208400243 -0.02319515493149743 0.0
0.36971772242486395 -0.025093871458538808 -0.007999999999999563
0.3948169222451196 -0.02342078792821206 0.04800000000000004
0.3948169222451197 -0.02342078792821206 0.04800000000000004
0.3343552533797927 -0.024699783102322792 0.1299999999999999
0.3511957665720891 -0.0240465233685051 -0.008000000000000007
0.38757486551431525 -0.023047332743937582 0.04800000000000004
0.16983300245710792 -0.013332200624090212 0.1299999999999999
0.2964941851025899 -0.022550683943008853 0.1299999999999999
0.35341733992900665 -0.025782397921139427 0.1299999999999999
0.3475206633011751 -0.020830091944760876 0.04800000000000004
0.30328029627483727 -0.022936016468212694 0.1299999999999999
0.2801433898244548 -0.01803692833471332 -0.040000000000000036
nan nan nan
0.2113701837032393 -0.017670549799949253 0.1299999999999999
0.29216861758048834 -0.014953434061745152 0.04800000000000049
0.2659673587942016 -0.013419789357210471 0.04800000000000049
0.27526467710840125 -0.013961088751373807 0.04800000000000049
0.26533536017070175 -0.02078216888876755 0.1299999999999999
0.31161497583908343 -0.01605135937242036 0.04800000000000004
0.31161497583908354 -0.01605135937242036 0.04800000000000004
0.38270596497893355 -0.02277517981680688 0.04800000000000004
0.38270596497893355 -0.02277517981680688 0.04800000000000004
0.3227670491100418 -0.019406459520505348 0.04800000000000004
nan nan nan
0.2838423260495582 -0.01987287184550826 0.12999999999999945
0.3334281042033737 -0.023041539068154065 -0.007999999999999119
0.3475206633011751 -0.020830091944760876 0.04800000000000004
0.26961701424971557 -0.019081683200748656 0.1299999999999999
0.26533536017070175 -0.020782168888767577 0.1299999999999999
0.3032802962748374 -0.022936016468212694 0.13000000000000034
0.27526467710840125 -0.013961088751373807 0.04800000000000049
0.3334281042033737 -0.023041539068154093 -0.008000000000000007
0.3227670491100418 -0.019406459520505348 0.04800000000000004
0.22410507487899783 -0.010985221646949844 0.04800000000000004
0.29216861758048845 -0.014953434061745152 0.04800000000000093
0.3450206032204514 -0.025304097777807316 0.1299999999999999
0.22425338432184166 -0.016539696899901007 0.13000000000000034
0.36971772242486395 -0.025093871458538808 -0.007999999999999563
0.22410507487899783 -0.010985221646949844 0.04800000000000049
0.17383753848272854 -0.008096610530926168 0.04800000000000093
0.26961701424971557 -0.019081683200748656 0.1299999999999999
0.3390784999644965 -0.02034342283616264 0.04800000000000004
0.2964941851025899 -0.022550683943008853 0.1299999999999999
0.29076716633485494 -0.020271929643508213 0.1299999999999999
nan nan nan
0.2742544166029027 -0.01664597242074023 0.04800000000000004
0.16983300245710786 -0.013332200624090212 0.13000000000000078
0.3450206032204513 -0.025304097777807344 0.1299999999999999
0.3761865078785916 -0.02545222645499448 -0.008000000000000007
0.35341733992900665 -0.025782397921139427 0.1299999999999999
0.31030927646522694 -0.02136018478537291 0.13000000000000034
0.31357283828066623 -0.02352718700968154 0.1299999999999999
nan nan nan
nan nan nan
nan nan nan
nan nan nan
nan nan nan
nan nan nan
nan nan nan
0.046807057034426613 -0.002029130824961402 0.0
-0.01612220898902539 3.6879379131701806e-05 -0.038000000000000034
0.03454850770195389 -0.0026165451822269606 -0.038000000000000034
nan nan nan
-0.003053951814068756 0.0007547895802356014 0.0
nan nan nan
nan nan nan
-0.04663338528059502 0.0017783237863263565 -0.038000000000000256
0.07370451460051775 -0.0033298792870445695 0.0
nan nan nan
nan nan nan
0.029653043805866808 -0.0023990059570239627 -0.038000000000000034
nan nan nan
nan nan nan
0.07899477538231048 -0.003629160361853595 0.0
-0.016122208989025333 3.6879379131701806e-05 -0.038000000000000034
nan nan nan
0.0677585975457205 -0.00504517954897421 0.0
nan nan nan
nan nan nan
0.09428543723152205 -0.006544434713746966 0.0
0.016526141544464468 -0.0016982075763585097 -0.038000000000000256
0.016526141544464468 -0.0016982075763585028 -0.038000000000000145
-0.0016837781724872714 0.0019237027118622421 0.05200000000000049
-0.003053951814068756 0.0007547895802356014 0.0
0.0316500229592111 -0.002485133268542071 -0.0379999999999997
0.06004964012260178 -0.004131264817081107 0.1499999999999999
0.013852020503726026 -0.0015498272619257417 -0.038000000000000034
nan nan nan
nan nan nan
nan nan nan
0.0679690657143518 -0.003068903339083863 0.0
0.04498911273397027 -0.0031537763190072066 -0.03799999999999981
0.045364299653747 -0.0036764916454291655 0.005999999999999339
0.09428543723152205 -0.006544434713746966 0.0
nan nan nan
-0.031907476395170886 0.003536715399600668 0.05200000000000138
0.0316500229592111 -0.002485133268542071 -0.03799999999999981
nan nan nan
nan nan nan
0.07556368812577169 -0.004883484018822104 0.1499999999999999
nan nan nan
nan nan nan
0.024677775862330886 0.0006064631134512499 0.052000000000000934
nan nan nan
0.05515248434346309 -0.0031102378198465397 -0.04000000000000015
0.013852020503726026 -0.0015498272619257347 -0.03799999999999981
0.015158533640069805 -0.002207865487603884 0.006000000000000227
nan nan nan
0.10295447923720424 -0.006951335566156083 0.0
-0.04663338528059502 0.0017783237863263635 -0.038000000000000145
0.046807057034426613 -0.002029130824961402 0.0
nan nan nan
nan nan nan
0.06004964012260178 -0.004131264817081107 0.1499999999999999
0.06005511171593253 -0.004131463887035086 0.14999999999999902
0.07345246436627095 -0.003987047565967808 -0.039999999999999925
0.055059839281929424 -0.003105085543320951 -0.040000000000000036
0.0051179474331028985 0.0015739048662165578 0.05200000000000049
0.06775859754572056 -0.00504517954897421 0.0
-0.0017127592971639127 0.0019252603232711857 0.05199999999999916
-0.0016837781724872714 0.0019237027118622421 0.052000000000000046
0.07556368812577169 -0.004883484018822104 0.15000000000000036
-0.028742133267920023 0.0005842582682108674 0.15000000000000036
0.10749275408273706 -0.007170829473597123 0.0
nan nan nan
-0.06641734087508383 0.005443754813996705 0.05200000000000049
0.0051179474331028985 0.0015739048662165508 0.052000000000000934
0.06736425538319524 -0.0037230774613890433 -0.039999999999999813
-0.031907476395170886 0.003536715399600668 0.052000000000000934
0.06495967649528811 -0.0043498418080170215 0.15000000000000036
0.05015887389460011 -0.003651437765527836 0.14999999999999902
0.05515248434346309 -0.0031102378198465397 -0.04000000000000015
0.09229960368860035 -0.006429320203702821 0.0
0.04044632631323597 -0.003185169928268991 0.15000000000000124
0.015158533640069805 -0.002207865487603884 0.006000000000000227
0.06495967649528811 -0.0043498418080170215 0.1499999999999999
0.05015887389460011 -0.003651437765527836 0.14999999999999947
0.019076404953803916 -0.002223718702790173 0.0
0.05984512255701879 -0.004372618490738153 0.005999999999999339
0.040446326313235914 -0.003185169928268991 0.15000000000000124
0.020677271264677555 0.0007789767325389607 0.052000000000000046
0.020677271264677555 0.0007789767325389607 0.05200000000000049
0.11164630934699293 -0.00734575888221059 0.0
0.04536429965374705 -0.0036764916454291655 0.005999999999999339
0.041336724412484316 -0.0035033024097403873 0.005999999999999339
0.10749275408273706 -0.007170829473597137 0.0
-0.06641734087508389 0.0054437548139966985 0.05200000000000049
0.10295447923720424 -0.006951335566156083 0.0
0.01672326717102779 0.001164109188933185 0.04800000000000004
0.10606032886811534 -0.0071017863642063445 0.0
0.01672326717102779 0.001164109188933185 0.047999999999999154
0.10606032886811534 -0.0071017863642063445 0.0
-0.0017127592971639127 0.0019252603232711857 0.052000000000000046
0.055059839281929424 -0.003105085543320951 -0.04000000000000015
-0.02222007306967927 0.0014178830527649677 -0.04000000000000026
0.08722596834105384 -0.004608087624680013 -0.040000000000000036
-0.015192476692365176 -0.0005560362314999193 0.0060000000000011156
0.03934043135627974 -0.0034173657658638362 0.006000000000000227
0.01907640495380386 -0.002223718702790173 0.0
0.0922996036886004 -0.006429320203702821 0.0
0.05984512255701879 -0.004372618490738153 0.006000000000000227
nan nan nan
0.03934043135627974 -0.0034173657658638362 0.005999999999999339
nan nan nan
0.06540729183704719 -0.003639410705065335 -0.039999999999999813
-0.051357995639910226 0.001458891152603288 0.006000000000000227
0.11164630934699293 -0.00734575888221059 0.0
0.024874646396177202 -0.0013164517891031957 -0.040000000000000036
0.06512183973942343 -0.0014577368518357697 0.047999999999998266
0.041336724412484316 -0.0035033024097403873 0.0060000000000011156
0.06540729183704719 -0.003639410705065335 -0.040000000000000036
-0.022220073069679214 0.0014178830527649677 -0.04000000000000026
0.015996681519878042 -0.0022517241282383194 0.0060000000000011156
0.058219314566608504 -0.003278132458099617 -0.04000000000000026
0.058219314566608504 -0.003278132458099617 -0.04000000000000026
0.024874646396177202 -0.0013164517891031957 -0.04000000000000015
0.06283308960816764 -0.0057522103609388 0.1299999999999999
0.027230513188648442 -0.003733863397638093 0.1299999999999999
-0.015192476692365176 -0.0005560362314999193 0.0060000000000011156
nan nan nan
-0.01171122703805405 -0.0015722945189148158 0.12999999999999945
0.011798550737962044 -0.0016492429555354307 0.15000000000000036
-0.011711227038053995 -0.0015722945189148296 0.1299999999999999
0.10664960113944866 -0.0071336577949381585 0.0
0.034548507701953834 -0.0026165451822269606 -0.038000000000000034
0.10664960113944855 -0.0071336577949381585 0.0
nan nan nan
0.042789891032477156 -0.00332307861742602 0.15000000000000036
0.04416643990295449 -0.00029415781377497424 0.05200000000000049
0.08834640964814339 -0.007153432839496585 0.129999999999999
0.025990991947440367 -0.0027576383819600536 0.005999999999999339
0.0872259683410539 -0.004608087624680013 -0.04000000000000026
0.07259330085847665 -0.006331480984996585 0.12999999999999945
-0.027399728050716998 0.0036706745754520875 0.04800000000000004
0.060055111715932474 -0.004131463887035086 0.1499999999999999
nan nan nan
nan nan nan
nan nan nan
0.07259330085847665 -0.006331480984996585 0.1299999999999999
0.0427898910324771 -0.00332307861742602 0.1500000000000008
0.09481999656160495 -0.00744011443766672 0.13000000000000034
0.06736425538319518 -0.0037230774613890433 -0.039999999999999925
nan nan nan
0.011798550737962044 -0.0016492429555354376 0.1500000000000008
-0.051357995639910226 0.001458891152603288 0.005999999999999339
nan nan nan
0.08834640964814328 -0.007153432839496571 0.1299999999999999
nan nan nan
0.029653043805866808 -0.0023990059570239627 -0.038000000000000034
0.08826571711693737 -0.007147513203875661 0.129999999999999
0.02467777586233083 0.0006064631134512499 0.052000000000000934
0.06650058126259362 -0.005976724405086065 0.1299999999999999
0.08826571711693743 -0.0071475132038756745 0.129999999999999
0.025990991947440423 -0.0027576383819600536 0.005999999999999339
0.027574933383732347 0.00047516468207652734 0.052000000000000934
0.04498911273397027 -0.0031537763190072066 -0.03799999999999981
0.0679690657143518 -0.003068903339083863 0.0
0.06283308960816769 -0.0057522103609388 0.12999999999999945
0.02294005470994498 -0.0007370400932650775 0.0
nan nan nan
0.04716620817670292 -0.002042978288082052 0.0
0.022088445534397427 -0.0019906736418084034 -0.03799999999999959
nan nan nan
0.04716620817670292 -0.002042978288082052 0.0
0.0734524643662709 -0.003987047565967808 -0.040000000000000036
0.05232835971246136 -0.0022868404339761103 0.0
0.027574933383732347 0.00047516468207652734 0.052000000000000934
-0.027399728050716943 0.0036706745754520737 0.04800000000000004
0.027230513188648442 -0.003733863397638107 0.12999999999999945
0.015996681519877987 -0.0022517241282383194 0.006000000000000227
0.052328359712461414 -0.0022868404339761103 0.0
nan nan nan
nan nan nan
0.07899477538231053 -0.003629160361853595 0.0
nan nan nan
0.04416643990295449 -0.00029415781377497424 0.052000000000000046
nan nan nan
0.02294005470994498 -0.0007370400932650775 0.0
0.07003522848828259 -0.0031589372936657034 0.0
nan nan nan
0.06650058126259362 -0.005976724405086065 0.1299999999999999
nan nan nan
nan nan nan
0.07003522848828264 -0.0031589372936657034 0.0
0.043217043267805955 -0.0003302369641577374 0.04800000000000049
0.07370451460051775 -0.0033298792870445695 0.0
0.09060969106930938 -0.007255321264796638 0.1299999999999999
-0.028742133267920078 0.0005842582682108743 0.1499999999999999
0.06512183973942343 -0.0014577368518357697 0.0479999999999996
nan nan nan
0.022088445534397316 -0.0019906736418084034 -0.03799999999999981
0.04321704326780601 -0.0003302369641577374 0.04800000000000004
0.094819996561605 -0.007440114437666734 0.1299999999999999
0.09060969106930938 -0.007255321264796638 0.1299999999999999
nan nan nan
nan nan nan
nan nan nan
nan nan nan
0.14872095622991321 -0.006185164360059087 0.04800000000000093
0.1380999501645539 -0.011017491279129155 0.1299999999999999
0.12423208789835705 -0.008253786202280552 0.0
0.12619144145673633 -0.008148119434210344 0.0
0.23381360803874396 -0.01622977696408573 0.0
nan nan nan
nan nan nan
0.16454174005824462 -0.011568247199514825 -0.008000000000000007
0.037361775087716875 -0.005335235664974847 0.1299999999999999
0.06924023350395225 -0.0016357253311912318 0.0479999999999996
0.16409547583092743 -0.01250318853375551 0.1299999999999999
0.12490797043683388 -0.01000935644106421 0.0
0.17363675365940434 -0.011121751963360377 -0.040000000000000036
0.11825966047572922 -0.00796915829857095 0.0
0.16454174005824462 -0.011568247199514825 -0.007999999999999119
nan nan nan
nan nan nan
nan nan nan
nan nan nan
nan nan nan
nan nan nan
nan nan nan
nan nan nan
0.16419380031300035 -0.010240191266771032 0.0
nan nan nan
0.15286336326459415 -0.00964918830332287 0.0
nan nan nan
0.15733722229356317 -0.010199637000639472 -0.039999999999999813
0.15286336326459415 -0.009649188303322898 0.0
0.12619144145673633 -0.008148119434210344 0.0
0.16419380031300024 -0.010240191266771032 0.0
nan nan nan
nan nan nan
0.13538287456171894 -0.010860874963551398 0.1299999999999999
0.16032804537687673 -0.010018430306907355 0.0
nan nan nan
0.08889286208066721 -0.006047956748614525 0.0
nan nan nan
0.1665114448263677 -0.010377661890018708 0.0
nan nan nan
0.07347364721223887 -0.0018199458626694531 0.04800000000000049
0.04699700492659059 -0.0035547087415232492 0.0
0.1665114448263677 -0.010377661890018708 0.0
nan nan nan
0.0949518406394339 -0.008586447771963795 0.12999999999999945
nan nan nan
0.1622545415919514 -0.010130550346120343 0.0
nan nan nan
nan nan nan
0.1284719139959325 -0.008283096181455674 0.0
0.09495184063943385 -0.008586447771963823 0.1299999999999999
0.13927283137377844 -0.009155669745731537 -0.039999999999999925
nan nan nan
0.12423208789835705 -0.008253786202280552 -4.440892098500626e-16
nan nan nan
nan nan nan
0.04699700492659059 -0.0035547087415232492 0.0
0.1593054127556245 -0.01223012404247209 0.13000000000000034
0.15733722229356317 -0.0101996370006395 -0.039999999999999813
0.1622545415919514 -0.010130550346120343 0.0
0.1549343460132936 -0.006506334825221116 0.047999999999999154
0.08732027277901444 -0.006125678346166563 -0.039999999999999813
nan nan nan
nan nan nan
0.11825966047572933 -0.00796915829857095 0.0
0.1284719139959325 -0.008283096181455674 0.0
0.12309235435636423 -0.009154682607472459 -0.008000000000000007
0.1380999501645538 -0.011017491279129155 0.1299999999999999
nan nan nan
0.10223970614231082 -0.007154697215642214 8.881784197001252e-16
nan nan nan
0.024804856516634555 -0.0025439295099852766 -0.04000000000000026
0.18671253990278047 -0.013548840197453033 0.0
nan nan nan
0.11868792879652323 -0.0079897439895978 -4.440892098500626e-16
0.12529322210275895 -0.004843198661312442 0.047999999999999154
0.1593054127556245 -0.01223012404247209 0.1299999999999999
0.23381360803874396 -0.01622977696408573 0.0
0.14330939459899794 -0.00938556455606071 -0.040000000000000036
0.042623939202679095 -0.00029674053308340054 0.047999999999999154
0.10223970614231093 -0.007154697215642214 8.881784197001252e-16
0.16409547583092743 -0.01250318853375551 0.1299999999999999
0.052779158971173745 -0.0008179546995232267 0.047999999999999154
nan nan nan
0.1179104076706996 -0.007952954346644503 0.0
0.14534432298160205 -0.005975780049693957 0.0479999999999996
0.08732027277901439 -0.006125678346166563 -0.039999999999999813
0.08889286208066721 -0.006047956748614525 0.0
0.14534432298160205 -0.005975780049693985 0.04800000000000004
0.1799153218944971 -0.011451868117910463 -0.040000000000000036
0.12309235435636434 -0.009154682607472459 -0.008000000000000007
nan nan nan
0.14330939459899805 -0.00938556455606071 -0.040000000000000036
0.13927283137377844 -0.009155669745731537 -0.039999999999999925
0.1549343460132936 -0.006506334825221116 0.04800000000000004
0.19693233078933314 -0.012959853044479719 -0.0399999999999997
0.11044491553983504 -0.00758403680296732 8.881784197001252e-16
0.1705596550165257 -0.012861742852632141 0.13000000000000078
0.17136851420980537 -0.011951260586217316 -0.008000000000000007
0.09136535931536033 -0.002865283348507719 0.047999999999999154
0.11868792879652323 -0.0079897439895978 0.0
0.12529322210275895 -0.004843198661312442 0.047999999999999154
0.07347364721223892 -0.0018199458626694393 0.04800000000000004
0.14809724933499246 -0.00614675234014414 0.04800000000000004
0.14603180826591433 -0.01149425290689099 0.13000000000000034
nan nan nan
nan nan nan
0.15860954931671678 -0.012186722979108333 0.13000000000000034
nan nan nan
0.17136851420980537 -0.011951260586217316 -0.008000000000000007
0.15860954931671667 -0.012186722979108333 0.1299999999999999
nan nan nan
0.09136535931536038 -0.002865283348507719 0.047999999999999154
0.13447230670028565 -0.005380078321512466 0.04800000000000004
0.1736219810645202 -0.011121234207748854 -0.039999999999999925
0.04876764655171739 -0.004882191228380073 -0.007999999999999119
0.12490797043683388 -0.01000935644106421 0.0
0.228528558115895 -0.01593846002291527 0.0
0.14809724933499258 -0.00614675234014414 0.047999999999999154
nan nan nan
nan nan nan
0.12373717617719937 -0.004758805471893918 0.047999999999999154
0.04063729468195321 5.2554396896165034e-05 0.047999999999999154
0.12373717617719948 -0.004758805471893945 0.04800000000000004
0.0487676465517235 -0.004882191228380406 -0.007999999999999119
0.07042733662118761 -0.0068567177163262605 0.0
0.04063729468195321 5.255439689613728e-05 0.047999999999999154
0.13447230670028576 -0.005380078321512466 0.04800000000000004
0.2228092896884023 -0.015600220503648093 0.0
0.14872095622991333 -0.006185164360059087 0.04800000000000093
0.228528558115895 -0.01593846002291524 0.0
0.15314622912285936 -0.010919122955169697 -0.008000000000000007
0.22275805813537963 -0.014444863955158954 -0.039999999999999813
0.17535479306207769 -0.012149102696934921 -0.008000000000000895
0.22108288200399528 -0.01550294901585314 0.0
0.22275805813537952 -0.014444863955158954 -0.039999999999999813
0.1716251814437919 -0.011544717000747107 -0.039999999999999925
0.06924023350395214 -0.0016357253311912318 0.0479999999999996
0.16032804537687673 -0.010018430306907355 0.0
0.17535479306207769 -0.012149102696934921 -0.008000000000000007
0.15314622912285947 -0.010919122955169724 -0.008000000000000007
0.17503933204451239 -0.012132735563255892 -0.008000000000000007
0.1285006972422934 -0.009055970183262235 -0.040000000000000036
nan nan nan
0.23693624734553165 -0.015242538780824766 -0.040000000000000036
0.21399198794078778 -0.013954731615314603 -0.04000000000000026
0.17503933204451239 -0.012132735563255892 -0.008000000000000007
nan nan nan
0.06136919913218131 -0.005212304852355298 -0.039999999999999813
0.1828941173239843 -0.01161800905427976 -0.04000000000000015
0.1705596550165257 -0.012861742852632169 0.1299999999999999
0.17584015714754309 -0.011783713528318807 -0.04000000000000026
0.2228092896884022 -0.015600220503648093 0.0
0.1758401571475432 -0.011783713528318807 -0.04000000000000026
0.04262393920267915 -0.00029674053308340054 0.04800000000000004
nan nan nan
nan nan nan
0.2126787860622421 -0.01503495428001686 0.0
0.13538287456171894 -0.010860874963551398 0.1299999999999999
0.1285006972422933 -0.009055970183262207 -0.04000000000000026
nan nan nan
0.17363675365940434 -0.011121751963360377 -0.040000000000000036
0.1736219810645202 -0.011121234207748881 -0.039999999999999925
0.2126787860622421 -0.01503495428001686 0.0
0.19015214043774242 -0.013760069330412517 0.0
0.037361775087716875 -0.005335235664974847 0.13000000000000078
0.017512696002733696 -0.0022682130097770037 8.881784197001252e-16
0.1828941173239843 -0.01161800905427976 -0.04000000000000015
0.17167257396072721 -0.011967626198730763 -0.007999999999999563
0.07042733662118755 -0.0068567177163262605 0.0
0.06136919913218136 -0.005212304852355271 -0.039999999999999813
0.23693624734553165 -0.015242538780824766 -0.040000000000000036
0.17167257396072721 -0.011967626198730763 -0.007999999999999119
0.10482860909497194 -0.00729570159399244 0.0
0.15703000834001135 -0.011144110854530126 -0.007999999999999119
0.15703000834001135 -0.011144110854530126 -0.007999999999999563
0.11044491553983504 -0.00758403680296732 0.0
0.1799153218944971 -0.011451868117910463 -0.039999999999999925
0.14603180826591433 -0.011494252906890962 0.13000000000000034
0.024804856516634666 -0.0025439295099852766 -0.04000000000000037
0.19015214043774242 -0.013760069330412517 0.0
0.10482860909497194 -0.00729570159399244 0.0
0.21399198794078778 -0.013954731615314603 -0.04000000000000026
0.22108288200399528 -0.01550294901585314 0.0
nan nan nan
nan nan nan
0.06404654172739577 -0.0013892499702828631 0.04800000000000004
0.017512696002733696 -0.00226821300977699 0.0
0.07259558316994558 -0.005476102837457766 -8.881784197001252e-16
nan nan nan
0.07259558316994558 -0.005476102837457766 -8.881784197001252e-16
0.19693233078933325 -0.012959853044479719 -0.039999999999999813
0.06404654172739571 -0.0013892499702828631 0.04800000000000004
0.18671253990278047 -0.013548840197453033 0.0
0.1179104076706996 -0.007952954346644503 -4.440892098500626e-16
0.052779158971173745 -0.0008179546995232267 0.0479999999999996
nan nan nan
0.1716251814437919 -0.011544717000747107 -0.039999999999999813
nan nan nan
nan nan nan
0.26246048950878154 -0.01862760914856118 -0.008000000000000007
0.25255222690028833 -0.019497680044467836 0.0
0.2731852524730852 -0.0215251242028508 0.1299999999999999
nan nan nan
nan nan nan
nan nan nan
0.21000470860743936 -0.014729256677365882 -0.007999999999998675
nan nan nan
0.25255222690028833 -0.019497680044467836 0.0
nan nan nan
nan nan nan
nan nan nan
nan nan nan
0.23455755603331407 -0.018461186516066874 0.0
nan nan nan
0.21259747304591115 -0.016163623340511718 0.1299999999999999
nan nan nan
0.2663632275346335 -0.02029796907493364 0.0
nan nan nan
0.16249167184208857 -0.014345551966960968 0.0
0.09159180361111541 -0.010254574515448395 0.0
0.26316241528401685 -0.02095009072916018 0.1299999999999999
0.2077423052012467 -0.013588764269641923 -0.040000000000000036
0.21502440248937527 -0.017348326024836574 0.0
0.09159180361111535 -0.010254574515448395 0.0
0.22178780843475776 -0.017733162696897647 0.0
nan nan nan
0.16249167184208857 -0.014345551966960968 0.0
0.24373261267877233 -0.016656922408327335 -0.008000000000000007
0.22178780843475776 -0.017733162696897647 0.0
nan nan nan
0.23455755603331407 -0.018461186516066846 0.0
nan nan nan
0.21502440248937527 -0.017348326024836574 0.0
0.2029606045601431 -0.014340940312085743 -0.008000000000000007
0.25468941646763255 -0.01961856956743055 0.0
0.19087912822548425 -0.009115711516317043 0.04800000000000004
0.19074188755816546 -0.014918570339121723 0.1299999999999999
0.2003195941787358 -0.014190877162636811 -0.007999999999999563
0.25877349060803745 -0.01986078069925659 0.0
0.15097478624376504 -0.01134128210831764 -0.007999999999999563
0.2077423052012466 -0.013588764269641923 -0.039999999999999813
0.18878850845682582 -0.014804594576476676 0.1299999999999999
0.09346167802954641 -0.009336596368861805 0.1299999999999999
0.17992313570889296 -0.011179467860660403 0.04800000000000004
0.0935122346381877 -0.008005318509746867 -0.008000000000000451
0.25328128828592933 -0.020385026137305057 0.13000000000000034
0.18878850845682582 -0.014804594576476676 0.12999999999999945
0.2205519448249429 -0.01659319963529743 0.1299999999999999
0.15097478624376504 -0.01134128210831764 -0.007999999999999563
0.20248342009173081 -0.015581373940476928 0.1299999999999999
0.13395226508604818 -0.011553535602754239 -0.04000000000000015
0.23038392139762998 -0.0190845817940464 0.129999999999999
nan nan nan
0.21000470860743936 -0.01472925667736591 -0.007999999999999119
0.21259747304591103 -0.016163623340511718 0.1299999999999999
0.14869599006211298 -0.012560586863050976 0.1299999999999999
0.23064273430094429 -0.01714573446423248 0.13000000000000078
nan nan nan
0.2663632275346335 -0.02029796907493364 0.0
nan nan nan
nan nan nan
nan nan nan
0.2029606045601431 -0.01434094031208577 -0.008000000000000007
0.2858236673455399 -0.019949980589969357 -0.007999999999999119
0.2148592959425384 -0.01630312478159307 0.13000000000000034
nan nan nan
0.23064273430094417 -0.01714573446423248 0.1299999999999999
nan nan nan
0.23729596039270717 -0.017423125934726613 -0.039999999999999813
0.23807231249988725 -0.017467928525800647 -0.04000000000000026
0.23038392139762998 -0.0190845817940464 0.1299999999999999
0.2400388132825355 -0.014601120205332607 0.04800000000000004
0.25328128828592933 -0.02038502613730503 0.13000000000000034
nan nan nan
0.2003195941787358 -0.014190877162636811 -0.007999999999999563
0.1486959900621131 -0.012560586863050976 0.1299999999999999
0.13395226508604807 -0.011553535602754211 -0.04000000000000015
0.09346167802954619 -0.009336596368861805 0.13000000000000078
0.21513353756294917 -0.018220248107737452 0.1299999999999999
nan nan nan
0.1982406861664161 -0.015227149450615651 -0.039999999999999925
0.2335847117207449 -0.016076455035141407 -0.008000000000000007
0.24373261267877244 -0.016656922408327335 -0.008000000000000007
0.2365617321294894 -0.016245718733506692 -0.007999999999999563
0.2205519448249429 -0.01659319963529743 0.1299999999999999
0.20248342009173081 -0.015581373940476928 0.1299999999999999
0.2540082073316443 -0.020426444221604667 0.13000000000000034
nan nan nan
0.22222620223662126 -0.010941701272247778 0.04800000000000004
0.25877349060803745 -0.01986078069925659 0.0
0.2731852524730852 -0.0215251242028508 0.1299999999999999
0.24837799824855933 -0.017844189334626476 -0.007999999999999563
nan nan nan
0.2400388132825355 -0.014601120205332607 0.04800000000000004
0.22146213532635328 -0.01857933712849405 0.1299999999999999
0.25457568513874573 -0.015434784047755834 0.04800000000000004
0.25468941646763255 -0.01961856956743055 0.0
0.25457568513874573 -0.015434784047755834 0.04800000000000004
0.2983275240920361 -0.017862339277367634 0.04800000000000004
0.2335847117207449 -0.016076455035141407 -0.007999999999999119
nan nan nan
nan nan nan
0.08763779054753179 -0.008906733701606023 -0.039999999999999813
0.23052296578817189 -0.011347816207457256 0.0479999999999996
0.22554213807580004 -0.013776341545305631 0.04800000000000049
nan nan nan
0.1833334566705923 -0.016423103588906307 0.1299999999999999
nan nan nan
0.22146213532635328 -0.01857933712849405 0.13000000000000034
0.1285140963807312 -0.013261197180866463 0.13000000000000034
nan nan nan
nan nan nan
nan nan nan
0.2365617321294894 -0.016245718733506692 -0.007999999999999119
nan nan nan
0.08705453692289306 -0.0031154412850171453 0.04800000000000004
nan nan nan
nan nan nan
0.21513353756294906 -0.018220248107737452 0.1299999999999999
0.22554213807580004 -0.013776341545305631 0.04800000000000004
0.2148592959425384 -0.01630312478159307 0.13000000000000078
0.20596933174852583 -0.009994707966386157 0.04800000000000049
0.2858236673455399 -0.019949980589969357 -0.007999999999999119
0.12723788658780133 -0.0081875640145537 0.04800000000000004
0.1833334566705923 -0.016423103588906307 0.13000000000000034
0.291484581897013 -0.017509953009519935 0.04800000000000004
0.24154128728026059 -0.017435141065784893 -0.007999999999999563
0.29206276775047924 -0.02030180180275462 -0.007999999999999563
0.1285140963807312 -0.01326119718086649 0.1299999999999999
0.2983275240920361 -0.017862339277367634 0.04800000000000004
0.2409367698128384 -0.01192106813389468 0.04800000000000004
0.2992918213271075 -0.020724597048768084 -0.007999999999999563
0.18384942918838032 -0.014135548434039552 -0.007999999999999563
0.26316241528401696 -0.02095009072916018 0.1299999999999999
nan nan nan
0.2914845818970129 -0.017509953009519963 0.04800000000000004
nan nan nan
0.0935122346381877 -0.008005318509746867 -0.008000000000000007
0.2358170487791551 -0.016203749701186293 -0.007999999999999119
0.2358170487791551 -0.016203749701186237 -0.007999999999999119
0.24154128728026059 -0.01743514106578492 -0.008000000000000007
0.2992918213271075 -0.020724597048768084 -0.007999999999998675
0.21995264362364464 -0.01080187986419437 0.04800000000000004
nan nan nan
0.24837799824855933 -0.017844189334626503 -0.008000000000000007
0.17992313570889285 -0.011179467860660375 0.04800000000000004
0.2540082073316443 -0.020426444221604667 0.13000000000000034
0.14661885976370104 -0.006540421703346372 0.04800000000000049
nan nan nan
0.08763779054752113 -0.008906733701605413 -0.0399999999999997
0.26246048950878154 -0.01862760914856118 -0.008000000000000451
0.08705453692289311 -0.0031154412850171176 0.04800000000000049
0.18384942918838032 -0.014135548434039552 -0.008000000000000007
0.1795772285144135 -0.008464477447253593 0.04800000000000093
0.2409367698128384 -0.01192106813389468 0.04800000000000004
nan nan nan
0.1795772285144135 -0.008464477447253593 0.04800000000000049
0.20596933174852583 -0.009994707966386157 0.04800000000000049
nan nan nan
0.21995264362364464 -0.01080187986419437 0.04800000000000004
0.28490409839190056 -0.019897500579899613 -0.008000000000000007
0.28468253181917813 -0.017131520120219262 0.04800000000000004
0.23052296578817189 -0.011347816207457229 0.04800000000000004
0.28468253181917813 -0.017131520120219262 0.04800000000000004
0.14661885976370104 -0.006540421703346372 0.04800000000000049
nan nan nan
0.24647080370479713 -0.017938229339192507 -0.04000000000000026
0.11793102425286106 -0.01034710794250615 -0.008000000000000895
nan nan nan
nan nan nan
nan nan nan
0.27811128119143314 -0.01672486212871241 0.04800000000000004
0.24647080370479713 -0.017938229339192507 -0.04000000000000015
0.23729596039270717 -0.017423125934726613 -0.039999999999999925
0.2116707797666041 -0.015973361895480903 -0.039999999999999813
nan nan nan
0.22222620223662115 -0.01094170127224775 0.04800000000000004
0.27811128119143336 -0.01672486212871241 0.04800000000000049
0.1982406861664161 -0.015227149450615679 -0.040000000000000036
nan nan nan
nan nan nan
0.11793102425286095 -0.01034710794250615 -0.008000000000000007
0.2116707797666041 -0.015973361895480875 -0.039999999999999925
0.2423066608544332 -0.017702807084993583 -0.039999999999999813
0.19087912822548425 -0.009115711516317015 0.04800000000000004
0.1925870910164078 -0.014912476957662707 -0.040000000000000036
nan nan nan
nan nan nan
nan nan nan
0.19074188755816546 -0.014918570339121723 0.1299999999999999
0.29206276775047924 -0.02030180180275462 -0.008000000000000007
0.2423066608544331 -0.017702807084993583 -0.040000000000000036
0.12723788658780222 -0.008187564014553755 0.04800000000000004
0.1925870910164077 -0.014912476957662707 -0.039999999999999813
0.28490409839190056 -0.019897500579899613 -0.008000000000000007
nan nan nan
0.23807231249988736 -0.017467928525800647 -0.040000000000000036
nan nan nan
nan nan nan
nan nan nan
nan nan nan
nan nan nan
nan nan nan
nan nan nan
nan nan nan
nan nan nan
-0.04828876165656104 0.0022432922956863444 0.1499999999999999
nan nan nan
nan nan nan
nan nan nan
nan nan nan
0.007967150524629374 -0.002185698206736822 0.13000000000000034
0.03229147443417468 -0.003136524810486263 0.0
nan nan nan
nan nan nan
-0.025501882881892146 0.0008783968022376548 -0.03999999999999959
0.022292789431462512 -0.0029590384306709266 0.1299999999999999
nan nan nan
nan nan nan
-0.013227150083476968 0.00025703894265059063 -0.039999999999999813
nan nan nan
-0.021205616519549608 0.0006325867869298313 -0.039999999999999813
0.03631235650233844 -0.003327930426809733 0.0
nan nan nan
-0.013227150083477024 0.00025703894265059063 -0.039999999999999813
nan nan nan
nan nan nan
nan nan nan
0.00652141479214241 -0.0008395655377442662 0.0
0.03543754288588652 -0.0032889645542900914 0.0
nan nan nan
nan nan nan
nan nan nan
nan nan nan
nan nan nan
-0.01714517943279381 0.00045671406971498074 -0.039999999999999925
-0.0038585670645210346 1.712956373867147e-05 0.1499999999999999
nan nan nan
nan nan nan
-0.006465766485070967 -0.00020357772028867932 0.0
nan nan nan
-0.01233616019545547 6.747765304788295e-05 0.0
nan nan nan
nan nan nan
0.03229147443417468 -0.003136524810486263 0.0
-0.09405533579436631 0.004854513270959988 0.15000000000000036
-0.00013088014754053523 -0.0007633861865516886 0.006000000000000227
-0.011523771626651802 0.0008270740930284431 -0.040000000000000036
-0.010262668752479387 -2.73783171192421e-05 0.0
nan nan nan
-0.006465766485071023 -0.00020357772028867932 0.0
0.025716690722515922 -0.0028194121073304157 0.0
0.025716690722515922 -0.0028194121073304157 0.0
-0.0038585670645210346 1.712956373869229e-05 0.1499999999999999
nan nan nan
0.03543754288588663 -0.0032889645542900914 0.0
-0.13032537949727707 0.00900731817306294 0.052000000000000934
-0.011523771626651746 0.0008270740930284431 -0.040000000000000036
-0.026074522533527322 0.0035085886668285715 0.052000000000000046
-0.04686836974347253 0.0029303812758707803 -0.040000000000000036
0.00908849794053368 -0.0011974938847484282 0.006000000000000227
-0.0038604864659512184 1.714112276043206e-05 0.1499999999999999
-0.021205616519549608 0.0006325867869298313 -0.04000000000000015
0.0066077778094110196 -0.0008443904880592532 0.0
nan nan nan
-0.019206856925035987 0.0005463606324381184 -0.039999999999999813
-0.06199674398122579 0.0024056548851283666 0.006000000000002004
nan nan nan
0.034854808516477265 -0.0032574645585939227 0.0
nan nan nan
-0.026074522533527322 0.0035085886668285715 0.05200000000000049
-0.004919337889754516 -0.001084363324389187 0.0
0.00652141479214241 -0.0008395655377442593 0.0
-0.0342169209035767 0.0013094123626546453 -0.040000000000000036
-0.04686836974347236 0.0029303812758707665 -0.04000000000000026
-0.02820973081246847 0.0036023136802968425 0.052000000000000934
-0.0912712440886228 0.006826737522103346 0.052000000000000046
-0.03816242874321074 0.004139505827258291 0.04800000000000049
nan nan nan
nan nan nan
-0.0041567608920249355 -0.000590155472241137 0.0060000000000011156
-0.019206856925036042 0.0005463606324381115 -0.039999999999999813
-0.01714517943279381 0.00045671406971498074 -0.040000000000000036
-0.01565087665627335 0.0030314993760058237 0.052000000000000046
-0.022468331986634116 0.0008779443315892407 0.1499999999999999
-0.042758274103802396 0.004302600571206371 0.052000000000000046
-0.0342169209035767 0.0013094123626546453 -0.039999999999999813
-0.004151077572902118 -0.0005905550083852434 0.006000000000000227
-0.025501882881892146 0.0008783968022376548 -0.03999999999999948
nan nan nan
-0.09405533579436631 0.004854513270959995 0.14999999999999947
-0.02820973081246847 0.0036023136802968356 0.052000000000000934
-0.017401969249648874 7.791869653716449e-05 0.006000000000000227
nan nan nan
0.001939573587497856 0.00013051757446980172 -0.039999999999999813
-0.01740196924964882 7.791869653716449e-05 0.0060000000000011156
-0.019577136059569733 0.00020647595426077914 0.006000000000000227
-0.022468331986634116 0.0008779443315892477 0.1499999999999999
-0.024023646839101742 0.0009623567080799048 0.1500000000000008
0.011422899529457409 -0.0006996987225995829 0.1499999999999999
-0.056509927056828224 0.005000615102468985 0.052000000000000046
-0.0041567608920249355 -0.000590155472241137 0.005999999999999339
-0.009767564773382309 0.0007268132604188321 -0.04000000000000015
-0.052797814321300984 0.004834825953170169 0.052000000000000046
-0.04828876165656104 0.0022432922956863444 0.1499999999999999
0.024664910958958508 -0.0030672237407159825 0.1299999999999999
-0.03023652468736121 0.0036900447773327016 0.052000000000000934
-0.01565087665627346 0.0030314993760058237 0.0519999999999996
0.00908849794053368 -0.0011974938847484212 0.006000000000000227
-0.05650992705682828 0.005000615102468985 0.0519999999999996
0.034854808516477265 -0.0032574645585939227 0.0
0.008042415819980109 -0.0001342652178747128 -0.040000000000000036
-0.11026376297759893 0.008242405944721587 0.04800000000000049
0.02234079391625232 -0.0029629543988926588 0.1299999999999999
nan nan nan
-0.05734372406810212 0.001985872838523181 0.0
-0.05279781432130104 0.004834825953170162 0.052000000000000934
-0.030236524687361155 0.0036900447773327016 0.05200000000000049
-0.04275827410380245 0.004302600571206364 0.052000000000000046
0.0023571285772195916 -0.0018571918638673607 0.1299999999999999
-0.0038604864659512184 1.714112276042512e-05 0.1499999999999999
0.0023571285772194805 -0.0018571918638673746 0.1299999999999999
nan nan nan
-0.011747718033255639 0.0004146753835165204 0.1499999999999999
-0.09515604095669683 0.004292946177167523 0.006000000000000227
-0.01233616019545547 6.747765304788295e-05 0.0
0.008042415819980109 -0.0001342652178747128 -0.040000000000000036
-0.004919337889754516 -0.0010843633243891732 0.0
-0.01162510509585013 0.000832689198203368 -0.040000000000000036
-0.09515604095669683 0.004292946177167523 0.006000000000000227
-0.01162510509585013 0.000832689198203368 -0.040000000000000036
-0.004151077572902062 -0.0005905550083852434 0.006000000000000227
0.018901564099678136 -0.0006153323001604483 -0.04000000000000026
-0.09190551737029684 0.005551468874766083 -0.039999999999999925
-0.019577136059569733 0.00020647595426077914 0.005999999999999339
-0.024023646839101742 0.0009623567080799048 0.1500000000000008
0.0021966132927542237 -0.00024451360228848473 0.1499999999999999
0.0021966132927542237 -0.0002445136022884778 0.14999999999999947
-0.0635434600453208 0.005525671776131794 0.04800000000000004
-0.013528530729497057 0.002904119582516962 0.04800000000000004
0.018901564099678136 -0.0006153323001604483 -0.04000000000000015
-1.8331022879236603e-05 0.00021425588639489845 -0.039999999999999813
-0.011747718033255639 0.0004146753835165204 0.1499999999999999
0.02686185124705076 -0.0031644136808913897 0.13000000000000034
-0.0919055173702969 0.005551468874766083 -0.040000000000000036
0.024664910958958508 -0.0030672237407159686 0.1299999999999999
-0.078841916414358 0.0027020415944651738 0.1299999999999999
-1.8331022879236603e-05 0.00021425588639489845 -0.039999999999999813
-0.011212628260768798 -0.00022730204702550716 0.006000000000000227
-0.06199674398122579 0.0024056548851283666 0.0060000000000011156
0.02686185124705076 -0.0031644136808913897 0.13000000000000034
0.001939573587497856 0.00013051757446980172 -0.039999999999999813
0.006607777809411131 -0.0008443904880592532 0.0
-0.03816242874321085 0.004139505827258291 0.04800000000000093
-0.0912712440886228 0.006826737522103346 0.05200000000000049
0.011422899529457409 -0.0006996987225995829 0.15000000000000036
-0.011212628260768853 -0.00022730204702550716 0.005999999999999339
-0.009767564773382309 0.0007268132604188321 -0.04000000000000026
-0.00013088014754053523 -0.0007633861865516886 0.006000000000000227
nan nan nan
0.01041559806097847 -0.0010229244874307708 0.0
-0.04502646354579998 0.00182146745886156 0.0
-0.13032537949727702 0.00900731817306294 0.052000000000000046
0.01348919853216668 -0.001176189489234744 0.0
-0.06951268071576683 0.003224053816326296 -0.040000000000000036
-0.05734372406810201 0.001985872838523181 0.0
-0.07354136744358891 0.003437565456663197 0.0
-0.0635434600453208 0.005525671776131794 0.04800000000000004
nan nan nan
0.022292789431462512 -0.0029590384306709266 0.12999999999999945
0.01348919853216668 -0.001176189489234744 0.0
-0.1093342463197774 0.00554658828893019 -0.040000000000000036
-0.06951268071576683 0.003224053816326296 -0.040000000000000036
-0.10933424631977745 0.00554658828893019 -0.039999999999999925
-0.031506057639252516 0.001158957225480546 -0.04000000000000015
-0.03150605763925257 0.001158957225480546 -0.040000000000000036
nan nan nan
-0.11026376297759882 0.008242405944721573 0.04800000000000004
0.01041559806097847 -0.0010229244874307708 0.0
0.04016192935052254 -0.003488270844079183 0.0
nan nan nan
-0.03579596675560354 0.00027152723789020117 0.13000000000000034
0.023478016309360306 -0.0026896476841992284 0.0
-0.07354136744358891 0.003437565456663197 0.0
0.03631235650233844 -0.003327930426809733 0.0
-0.03579596675560354 0.00027152723789020117 0.13000000000000034
0.023478016309360306 -0.0026896476841992284 0.0
0.02234079391625232 -0.0029629543988926588 0.1299999999999999
0.04016192935052254 -0.003488270844079183 0.0
-0.010262668752479387 -2.73783171192421e-05 0.0
0.007967150524629485 -0.002185698206736822 0.1299999999999999
-0.078841916414358 0.0027020415944651877 0.13000000000000034
-0.013528530729497057 0.002904119582516962 0.04799999999999871
0.011057604076526117 -0.0023593885634290157 0.13000000000000034
-0.04502646354579998 0.00182146745886156 0.0
0.011057604076526117 -0.0023593885634290157 0.12999999999999945
nan nan nan
nan nan nan
nan nan nan
nan nan nan
nan nan nan
nan nan nan
nan nan nan
nan nan nan
nan nan nan
0.07781506960205176 -0.005438322827972963 0.0
nan nan nan
nan nan nan
nan nan nan
0.10291281842612177 -0.006825968110979935 -0.040000000000000036
0.0971599266913149 -0.006503745346445017 -0.040000000000000036
0.10291281842612165 -0.006825968110979935 -0.040000000000000036
0.09281838525152108 -0.006283294123457378 -0.040000000000000036
0.09280785226765575 -0.006283019634308967 -0.039999999999999925
0.09281838525152097 -0.006283294123457378 -0.039999999999999813
0.06991968775914825 -0.004949947695928297 -0.039999999999999813
-0.06178647431355355 0.0025063712085024586 8.881784197001252e-16
-0.010844963906450067 0.0027589731897882386 0.0479999999999996
0.0028289077456208345 -0.0012586203138838237 -4.440892098500626e-16
0.0971599266913149 -0.006503745346444989 -0.040000000000000036
0.014214656399625714 -0.001716047771939233 -0.0399999999999997
-0.014535150584727707 0.002969775509423775 0.04800000000000004
-0.027324030704913405 0.0035706521082708303 0.047999999999999154
0.09122014780215115 -0.006148222159404054 0.0
-0.048290924654807665 0.0018929211023019088 -0.040000000000000036
nan nan nan
0.04544789281620476 -0.0035998741422337 0.0
nan nan nan
0.06991968775914814 -0.004949947695928297 -0.040000000000000036
nan nan nan
0.04766262525831344 -0.0036988912241542743 8.881784197001252e-16
-0.038341829634442215 0.0041495689542529884 0.04800000000000004
nan nan nan
nan nan nan
nan nan nan
-0.014535150584727763 0.002969775509423775 0.04800000000000004
nan nan nan
0.04266152867537176 -0.005356521516205581 0.0
0.04601755663360696 -0.0036298806000640838 0.0
0.08190737160693107 -0.0056493344577056015 -0.039999999999999813
0.04932577073561484 -0.004265327790624163 -0.040000000000000036
0.030184058378728174 -0.00283381259058052 0.0
0.06360362442201017 -0.0013831437856191564 0.0479999999999996
0.0028289077456208345 -0.0012586203138838237 -8.881784197001252e-16
0.07276848751301479 -0.006860939295659979 0.13000000000000034
0.08190737160693107 -0.005649334457705629 -0.039999999999999813
0.09280785226765575 -0.006283019634308967 -0.039999999999999925
0.06467024643345143 -0.004647303842100353 -0.039999999999999813
0.04266152867537176 -0.005356521516205581 0.0
0.12911090374852396 -0.00884398480675505 -0.04000000000000037
-0.038568740915310984 0.004483583428370852 0.0479999999999996
0.032768993238598165 -0.002975276805011959 0.0
nan nan nan
-0.038568740915311095 0.00448358342837088 0.047999999999999154
0.12911090374852396 -0.00884398480675505 -0.04000000000000048
0.08922029813872823 -0.006035218654553809 0.0
0.06467024643345143 -0.004647303842100353 -0.039999999999999813
0.09948601739185237 -0.007532932316273944 -0.008000000000000007
0.09357151282946541 -0.006287538767385886 0.0
0.04601755663360696 -0.0036298806000640976 0.0
-0.01895297159810072 -0.0003425251036452137 -0.0399999999999997
0.04766262525831344 -0.0036988912241542743 8.881784197001252e-16
0.05926649518900151 -0.0011674617147425514 0.04800000000000093
0.11407478439542185 -0.007950230091801097 -0.039999999999999813
0.04932577073561495 -0.004265327790624163 -0.040000000000000036
0.0456863118341847 -0.003612379156611306 0.0
nan nan nan
0.0991592815065423 -0.007129496990992412 -0.04000000000000026
-0.022910542840673898 -0.0004822860651782779 -0.007999999999999119
nan nan nan
0.014516066700080321 -0.0018420619291586449 0.0
0.0856993012160554 -0.0076124911666368145 0.13000000000000034
-0.01895297159810061 -0.0003425251036452137 -0.039999999999999813
-0.027683399185379265 0.0006442410289288492 0.0
0.11865600019044631 -0.009687291589377561 0.0
0.06360362442201029 -0.0013831437856191564 0.0479999999999996
0.0991592815065423 -0.007129496990992412 -0.04000000000000026
0.05906125976828158 -0.0011561883265966133 0.04800000000000049
0.040622232328403673 -0.00010020221621390157 0.0479999999999996
0.015956933026752274 0.0013476597968371251 0.047999999999999154
0.040422722826796376 -8.889837504374998e-05 0.0479999999999996
0.040422722826796376 -8.889837504374998e-05 0.04800000000000004
0.07276848751301468 -0.006860939295659979 0.1299999999999999
-0.02291054284068006 -0.0004822860651778893 -0.007999999999998675
0.05702179660554585 -0.00102909625424899 0.0479999999999996
0.05926649518900162 -0.0011674617147425792 0.04800000000000093
0.05702179660554585 -0.00102909625424899 0.0479999999999996
0.05483827278281983 -0.004148280520311437 0.0
0.05021379925945313 -0.0006597519898380033 0.04800000000000004
nan nan nan
0.015956933026752385 0.0013476597968371529 0.04800000000000004
nan nan nan
-0.004277011422910593 0.0024747435324979083 0.04800000000000049
0.08848279505271583 -0.006908885517642155 -0.008000000000000007
0.0928099791277971 -0.007153014488985532 -0.008000000000000007
0.09878990426233514 -0.007494987937951253 -0.008000000000000007
0.05666007142888407 -0.005054155851760916 -0.008000000000000007
0.09906190557863148 -0.00841158675267173 0.1299999999999999
0.09878990426233514 -0.007494987937951253 -0.008000000000000007
0.08848279505271583 -0.006908885517642155 -0.007999999999999563
0.09881286202114303 -0.007496132945012279 -0.008000000000000007
0.05666007142888396 -0.005054155851760916 -0.008000000000000007
0.0935715128294653 -0.006287538767385886 0.0
0.09555073632045497 -0.008206577262392767 0.1299999999999999
0.10109696837010251 -0.008693274747635038 0.0
0.0456863118341847 -0.003612379156611306 0.0
0.06800861906502265 -0.006580437276685086 0.1299999999999999
0.08455496462236711 -0.006681336164870683 -0.007999999999999563
nan nan nan
nan nan nan
nan nan nan
0.05906125976828158 -0.0011561883265966133 0.0479999999999996
0.08922029813872823 -0.006035218654553809 0.0
0.08926504481951525 -0.006037718227899697 0.0
0.09905273970682305 -0.00750926522835485 -0.007999999999999563
0.10407400303164382 -0.00868827368142952 0.13000000000000034
-0.010844963906450122 0.0027589731897882525 0.047999999999999154
0.0856993012160554 -0.0076124911666368145 0.13000000000000078
nan nan nan
0.05079670462109853 -0.003908363697572664 0.0
nan nan nan
-0.06178647431355361 0.0025063712085024448 -4.440892098500626e-16
0.036234289429991295 -0.003141661922318073 0.0
nan nan nan
0.06800861906502287 -0.006580437276685114 0.1299999999999999
0.036234289429991184 -0.003141661922318073 8.881784197001252e-16
0.09948601739185237 -0.007532932316273944 -0.008000000000000007
nan nan nan
nan nan nan
nan nan nan
nan nan nan
-0.004277011422910648 0.0024747435324979083 0.04800000000000049
nan nan nan
-0.02732403070491346 0.0035706521082708165 0.047999999999999154
0.09905273970682305 -0.007509265228354822 -0.008000000000000007
-0.012487576142705514 -0.002186180021219536 0.0
nan nan nan
0.11865600019044631 -0.009687291589377561 0.0
-0.012487576142705514 -0.002186180021219536 0.0
0.13677769605230294 -0.010710062861922554 0.0
nan nan nan
0.030184058378728174 -0.00283381259058052 8.881784197001252e-16
0.040622232328403673 -0.00010020221621392933 0.0479999999999996
0.09881286202114303 -0.007496132945012279 -0.008000000000000007
nan nan nan
0.05021379925945313 -0.0006597519898380311 0.04800000000000004
0.0928099791277971 -0.007153014488985532 -0.007999999999999119
0.07781506960205187 -0.005438322827972963 0.0
0.1470243065593222 -0.009845874686669226 -0.040000000000000036
0.05079670462109853 -0.003908363697572664 0.0
-0.038341829634442326 0.0041495689542529884 0.047999999999999154
nan nan nan
0.01451606670008021 -0.0018420619291586449 0.0
0.13355416603116854 -0.009085688279691861 -0.039999999999999813
0.09906190557863148 -0.00841158675267173 0.1299999999999999
0.10407400303164382 -0.008688273681429548 0.13000000000000034
0.09495503620271994 -0.006891085560997073 -0.039999999999999925
0.09555073632045497 -0.008206577262392767 0.13000000000000034
0.09623770331220682 -0.008249535716817774 0.1299999999999999
0.04544789281620465 -0.0035998741422337 -4.440892098500626e-16
0.11407478439542185 -0.007950230091801097 -0.039999999999999925
0.1470243065593223 -0.009845874686669226 -0.040000000000000036
0.05483827278281983 -0.004148280520311437 0.0
nan nan nan
-0.02852858493114241 -0.0010740815856519481 0.1299999999999999
0.13677769605230294 -0.010710062861922554 0.0
0.10109696837010251 -0.008693274747635038 0.0
nan nan nan
0.08455496462236711 -0.006681336164870683 -0.007999999999999563
0.032768993238598165 -0.002975276805011959 0.0
nan nan nan
0.09623770331220671 -0.008249535716817774 0.1299999999999999
-0.048290924654807554 0.0018929211023019088 -0.039999999999999925
nan nan nan
nan nan nan
0.014214656399625492 -0.0017160477719392053 -0.039999999999999813
-0.027683399185379265 0.0006442410289288492 0.0
0.09495503620271983 -0.006891085560997073 -0.039999999999999813
nan nan nan
nan nan nan
0.13503589979283293 -0.010611885027266371 0.0
0.08926504481951525 -0.006037718227899697 0.0
0.14283911305308694 -0.011055932674318814 0.0
0.02355980794609991 -0.004052528248534831 0.1299999999999999
0.14283911305308694 -0.011055932674318814 0.0
0.09122014780215115 -0.006148222159404054 0.0
0.13355416603116854 -0.009085688279691861 -0.0399999999999997
nan nan nan
0.15026857093334278 -0.011480489226322249 0.0
0.023559807946099798 -0.004052528248534831 0.1299999999999999
0.09987251969707112 -0.008619195045432237 0.0
-0.02852858493114241 -0.0010740815856519481 0.1299999999999999
nan nan nan
nan nan nan
0.13503589979283293 -0.010611885027266399 0.0
0.15026857093334278 -0.011480489226322249 0.0
0.09987251969707112 -0.008619195045432237 0.0
0.14350730972021974 -0.013320819021250735 0.0
0.17592965717049136 -0.015504407610284654 0.1299999999999999
0.14952090041955513 -0.010897887408453322 -0.008000000000000007
0.19659533350804492 -0.016691922618565586 0.1299999999999999
nan nan nan
0.10545701385520923 -0.009664885453438576 -0.039999999999999813
nan nan nan
0.15794333480951916 -0.009991530613369382 0.04800000000000093
0.048981742767797765 -0.008256852891280336 0.13000000000000034
nan nan nan
nan nan nan
nan nan nan
nan nan nan
nan nan nan
nan nan nan
nan nan nan
nan nan nan
nan nan nan
nan nan nan
nan nan nan
nan nan nan
0.0025000264473399314 -0.00521886361841023 0.0
nan nan nan
0.07372267242049546 -0.009352938532315336 0.0
nan nan nan
0.07372267242049546 -0.009352938532315336 0.0
nan nan nan
nan nan nan
0.1305206875410716 -0.012580182861729877 0.0
nan nan nan
nan nan nan
nan nan nan
0.13579451276984467 -0.006017799615646996 0.0479999999999996
0.10545701385520923 -0.009664885453438576 -0.040000000000000036
0.0025000264473399314 -0.005218863618410202 0.0
0.15538494865770347 -0.011242216208326578 -0.007999999999999563
0.14632596241604123 -0.009325974272438475 0.04800000000000004
nan nan nan
0.1305206875410716 -0.012580182861729877 0.0
0.1582529159674505 -0.014161105918680694 0.0
nan nan nan
0.11870178852458457 -0.009153262159350056 -0.008000000000000007
0.14952090041955513 -0.010897887408453322 -0.007999999999999119
nan nan nan
nan nan nan
nan nan nan
0.10115347999197066 -0.011261852311696768 0.1299999999999999
0.14350730972021963 -0.013320819021250735 0.0
0.1560046429023937 -0.014034028900247658 0.0
0.11438964867700796 -0.01004935434922613 0.1299999999999999
0.13579451276984467 -0.006017799615646996 0.04800000000000004
0.14110067895434186 -0.01168084331015301 -0.039999999999999813
0.07641873593714332 -0.006711887265867689 -0.007999999999999563
0.14743734720710977 -0.012040379408486152 -0.040000000000000036
nan nan nan
0.15538494865770347 -0.011242216208326578 -0.008000000000000007
0.11870178852458457 -0.009153262159350056 -0.008000000000000007
0.13918187930196135 -0.013432396202964991 0.1299999999999999
0.10115347999197066 -0.011261852311696768 0.1299999999999999
0.13918187930196135 -0.013432396202964991 0.1299999999999999
0.12393615445113837 -0.005398547737968079 0.04800000000000004
0.12453074962439437 -0.009472557593892206 -0.007999999999999119
0.15017140197428613 -0.01093482405367846 -0.007999999999999563
0.1582529159674505 -0.014161105918680694 0.0
0.1739667632330052 -0.015067802756246862 0.0
0.07641873593714343 -0.006711887265867689 -0.007999999999999119
0.11629700877114046 -0.009016036186998866 -0.007999999999999119
0.14730458087707965 -0.010771387656381415 -0.008000000000000007
0.11438964867700796 -0.01004935434922613 0.1299999999999999
0.047316222390162865 -0.006339051018108249 -0.040000000000000036
0.12113091914593377 -0.010533288683486769 -0.039999999999999813
nan nan nan
0.11082953907276283 -0.009963390428860047 -0.039999999999999925
0.15017140197428602 -0.01093482405367846 -0.007999999999998675
0.12453074962439448 -0.009472557593892206 -0.007999999999999119
0.14632596241604112 -0.009325974272438475 0.04800000000000004
nan nan nan
-0.004852900039582386 0.0020291624938599817 0.04800000000000004
0.21084427745567635 -0.012949666858413422 0.04800000000000004
0.004455323194848093 -0.0038743452992120453 -0.0399999999999997
0.12214248306958486 -0.012107470977403473 0.0
0.048981742767797654 -0.008256852891280336 0.13000000000000078
0.1739667632330052 -0.015067802756246862 0.0
nan nan nan
0.047316222390162865 -0.006339051018108249 -0.04000000000000026
nan nan nan
0.10150655190495017 -0.006769268150419644 0.04800000000000004
nan nan nan
nan nan nan
nan nan nan
0.5 -0.03171106199651627 0.1299999999999999
0.14510028648512585 -0.011809065374902145 0.13000000000000034
0.11629700877114058 -0.009016036186998838 -0.007999999999999563
0.14510028648512574 -0.011809065374902172 0.13000000000000034
0.14730458087707965 -0.010771387656381415 -0.007999999999999563
0.12113091914593366 -0.010533288683486769 -0.039999999999999813
0.06745802014167712 -0.007377216618204369 0.1299999999999999
0.12393615445113837 -0.005398547737968051 0.04800000000000004
0.14277358427171927 -0.011665378976116247 0.1299999999999999
0.16032316217982734 -0.012657739180930161 0.13000000000000034
0.11241093445345274 -0.009933863357447947 0.1299999999999999
0.16619948203763335 -0.014621826117979048 0.0
nan nan nan
0.11321118975956002 -0.004776459890195622 0.04800000000000004
nan nan nan
0.004455323194837324 -0.00387434529921149 -0.03999999999999959
nan nan nan
0.010433494261178122 -0.0029059305198796404 -0.008000000000000007
0.14171745597200058 -0.011716463498700314 -0.040000000000000036
nan nan nan
0.11082953907276272 -0.009963390428860047 -0.039999999999999813
nan nan nan
nan nan nan
0.2060353445156935 -0.014962700759935776 -0.008000000000000007
0.14171745597200058 -0.011716463498700341 -0.040000000000000036
0.12647132813303164 -0.005553371297195214 0.04800000000000049
0.1587340815221775 -0.012305592151928446 -0.007999999999999563
0.14110067895434186 -0.01168084331015301 -0.039999999999999925
0.010433494261178011 -0.0029059305198796404 -0.008000000000000007
0.16619948203763324 -0.014621826117979075 0.0
0.150513741579962 -0.01211559992881231 0.1299999999999999
0.2060353445156935 -0.014962700759935776 -0.007999999999999119
0.150513741579962 -0.012115599928812337 0.1299999999999999
0.1250072693943587 -0.0086025153365272 -0.040000000000000036
0.16032316217982734 -0.012657739180930161 0.13000000000000034
0.12214248306958486 -0.012107470977403473 0.0
0.2102959743800884 -0.015209586608889741 -0.008000000000000007
0.10030025307354551 -0.008947563682544235 -0.008000000000000007
0.14277358427171927 -0.011665378976116275 0.1299999999999999
0.1965953335080448 -0.016691922618565586 0.1299999999999999
0.16542455233888154 -0.012707081185168778 -0.008000000000000007
0.17666462263051919 -0.01333073167338597 -0.008000000000000007
0.0396364282073528 -0.00547295918711907 -0.008000000000000007
0.12500726939435858 -0.0086025153365272 -0.039999999999999925
0.21084427745567635 -0.012949666858413422 0.047999999999999154
nan nan nan
0.14743734720710955 -0.012040379408486152 -0.040000000000000036
0.19320793929543878 -0.011992508270644298 0.04800000000000004
0.1436425826504112 -0.011824786035126295 -0.040000000000000036
0.15873408152217738 -0.012305592151928446 -0.008000000000000007
nan nan nan
0.16542455233888154 -0.012707081185168778 -0.008000000000000007
0.1436425826504112 -0.011824786035126267 -0.040000000000000036
0.19968324442510932 -0.012356335823657444 0.04800000000000004
0.1334355993064994 -0.01310712214919535 0.13000000000000034
0.17666462263051907 -0.01333073167338597 -0.008000000000000007
0.19904428637160199 -0.014567872109493646 -0.008000000000000451
nan nan nan
0.08916396626940415 -0.00339266238102906 0.04800000000000049
0.16690742611701126 -0.010505570985439083 0.04800000000000004
nan nan nan
-0.004852900039582386 0.0020291624938599817 0.04800000000000004
0.10355881076821205 -0.004220749947065255 0.04800000000000049
0.19995316780505967 -0.014619710426244714 -0.007999999999999563
nan nan nan
0.08916396626940415 -0.0033926623810290324 0.04800000000000049
0.12926131684025977 -0.010870078703939523 0.13000000000000034
nan nan nan
0.018977516238317116 -0.004585478554933575 0.13000000000000034
0.15794333480951928 -0.009991530613369382 0.04800000000000049
0.1560046429023937 -0.014034028900247658 0.0
0.05998238598267913 -0.0016822214577409678 0.04800000000000004
0.10150655190495028 -0.006769268150419644 0.04800000000000004
0.15312464997200137 -0.014206470459128623 0.1299999999999999
0.11241093445345274 -0.009933863357447947 0.1299999999999999
0.12647132813303164 -0.005553371297195214 0.04800000000000049
0.19995316780505978 -0.014619710426244714 -0.007999999999999119
0.11321118975956002 -0.004776459890195622 0.04800000000000004
0.14945703256278375 -0.006777761239867813 0.04800000000000004
0.19968324442510932 -0.012356335823657444 0.04800000000000049
0.16690742611701126 -0.010505570985439083 0.04800000000000004
0.19320793929543878 -0.011992508270644298 0.04800000000000004
0.5 -0.03171106199651627 0.1299999999999999
0.10030025307354562 -0.008947563682544235 -0.007999999999999119
0.18591713924047404 -0.011545326861555849 0.04800000000000004
0.5 -0.03171106199651627 0.1299999999999999
0.17592965717049125 -0.015504407610284682 0.1299999999999999
0.05998238598267924 -0.0016822214577409678 0.04800000000000004
0.1334355993064994 -0.01310712214919535 0.1299999999999999
0.17517778431864006 -0.015461514304360019 0.1299999999999999
0.018977516238317116 -0.0045854785549335475 0.13000000000000078
0.5 -0.03171106199651627 0.1299999999999999
0.19904428637160188 -0.014567872109493646 -0.007999999999999563
0.0396364282073528 -0.00547295918711907 -0.008000000000000007
0.17517778431864006 -0.015461514304360019 0.1299999999999999
nan nan nan
0.18591713924047404 -0.011545326861555849 0.04800000000000049
0.18545695243878024 -0.016048584573897823 0.1299999999999999
0.2102959743800884 -0.015209586608889769 -0.007999999999999563
0.18545695243878013 -0.016048584573897823 0.1299999999999999
0.5 -0.03171106199651627 0.1299999999999999
0.5 -0.03171106199651627 0.1299999999999999
0.15312464997200137 -0.014206470459128623 0.12999999999999945
0.04478910580245077 -0.00355684838160078 0.04800000000000004
0.06745802014167712 -0.007377216618204369 0.1299999999999999
0.04478910580245177 -0.0035568483816008356 0.0479999999999996
0.10355881076821205 -0.004220749947065255 0.04800000000000004
0.12926131684025977 -0.010870078703939523 0.12999999999999945
nan nan nan
0.14945703256278375 -0.006777761239867813 0.04800000000000004
-0.026787677038140112 -0.0006800646515488368 0.0
-0.06171958586671189 0.002502828809662218 0.1499999999999999
-0.06331234032833233 0.0014556761610793334 0.006000000000000227
-0.07225575816537189 0.0020541449054147093 0.0
nan nan nan
nan nan nan
nan nan nan
-0.05540728627218161 0.0025259003601623073 -0.04000000000000026
-0.06009587125931559 0.0027639947150245522 -0.03999999999999959
-0.028984128071276816 -0.0005864608321311249 0.0
-0.15713583722171925 0.00924204359300626 -0.040000000000000036
-0.0686914136370953 0.0040265293358513615 -0.040000000000000036
-0.030439335136360546 -0.0005160431919221664 0.0
-0.15713583722171925 0.009242043593006274 -0.04000000000000026
-0.079711723701957 0.002428473534010475 0.0
-0.16760089991195398 0.007055234073104322 0.006000000000000227
-0.06245547861049472 0.0014046935380572848 0.006000000000000227
-0.06854616376236322 0.004018470213379394 -0.040000000000000036
nan nan nan
-0.1108991093460523 0.004077492116196416 0.0
nan nan nan
nan nan nan
nan nan nan
nan nan nan
nan nan nan
nan nan nan
-0.08301060710695274 0.005949049454403332 0.052000000000000046
nan nan nan
-0.049094430173749926 0.001912028654094157 0.1499999999999999
nan nan nan
nan nan nan
nan nan nan
-0.026787677038140112 -0.0006800646515488368 0.0
-0.1268231707882021 0.004711762008933515 0.006000000000002004
nan nan nan
-0.05231754088872198 0.0010666970579055815 0.0
nan nan nan
-0.055646893566716926 0.0022402065929876605 0.1499999999999999
-0.10358374656220165 0.006963297439207858 0.052000000000000046
-0.055646893566716926 0.0022402065929876605 0.1499999999999999
nan nan nan
-0.049094430173749704 0.001912028654094157 0.1499999999999999
nan nan nan
-0.10095212561036404 0.004905475853048534 -0.040000000000000036
-0.06009587125931559 0.002763994715024559 -0.03999999999999959
-0.08123352384911275 0.003392979549632559 0.15000000000000036
nan nan nan
-0.06704760454608416 0.0030681824323019885 -0.04000000000000015
nan nan nan
nan nan nan
nan nan nan
-0.07672093471576924 0.002280201373436805 0.0
-0.07604919760082363 0.002098061784580975 0.006000000000000227
-0.06171958586671189 0.0025028288096622317 0.1499999999999999
-0.14763279303167565 0.009232440308668315 0.052000000000000046
-0.06690770048204098 0.0027574365484388935 0.1499999999999999
-0.1035837465622017 0.006963297439207858 0.052000000000000046
-0.07225575816537233 0.00205414490541473 0.0
-0.07672093471576924 0.002280201373436805 0.0
-0.08123352384911287 0.003392979549632559 0.15000000000000036
-0.1932805900456303 0.011838809574806798 0.052000000000000046
-0.14763279303167565 0.009232440308668315 0.0519999999999996
-0.058075242914662595 0.003470483207014069 -0.040000000000000036
-0.1617582388648332 0.00790673960036118 0.14999999999999902
-0.16760089991195315 0.007055234073104287 0.006000000000000227
-0.06806879852248404 0.0031219658493362584 -0.039999999999999813
-0.079711723701957 0.002428473534010475 0.0
-0.03613905687384289 -0.00021378544710545788 0.0
nan nan nan
-0.10095212561036404 0.004905475853048541 -0.040000000000000036
-0.06245547861049472 0.0014046935380572848 0.006000000000000227
-0.06171436990939971 0.0025024376720949038 0.1499999999999999
-0.06806879852248404 0.0031219658493362515 -0.039999999999999813
-0.06171436990939971 0.0025024376720949038 0.1499999999999999
-0.1066019003109322 0.0047788968601117435 0.1499999999999999
-0.09314073363336417 0.006434580875862232 0.052000000000000934
-0.1536081212537473 0.007920987594556672 -0.040000000000000036
nan nan nan
-0.06869141363709519 0.004026529335851348 -0.039999999999999813
-0.05469344084221728 0.0011773902529057453 0.0
-0.05540728627218172 0.0025259003601623073 -0.039999999999999813
-0.07964754938782193 0.0033068421134372986 0.1499999999999999
nan nan nan
nan nan nan
-0.15360812125374723 0.007920987594556672 -0.040000000000000036
-0.05847574183972226 0.001354725614298162 0.0
-0.05855191977763485 0.0013590085857533643 0.0
-0.05231754088872198 0.0010666970579055815 0.0
-0.04313879311367841 0.00015067618218424228 0.0
-0.10660190031093225 0.0047788968601117435 0.1499999999999999
-0.16175823886483315 0.007906739600361173 0.15000000000000036
-0.05613746968580169 0.0033878522849777187 -0.039999999999999925
-0.03613905687384289 -0.00021378544710545788 0.0
nan nan nan
-0.1268231707882021 0.004711762008933515 0.0060000000000011156
nan nan nan
-0.05469344084221728 0.0011773902529057453 0.0
-0.07387812273078076 0.001903806241019615 0.0
-0.09938509073869484 0.0030185919010982526 0.13000000000000034
-0.056178258262368996 0.0005540482156749238 0.1299999999999999
-0.05613746968580169 0.0033878522849777187 -0.039999999999999925
-0.055406651474546376 0.0025259477514726625 -0.039999999999999813
-0.13399668626870004 0.00541728974448881 0.0
-0.06690770048204098 0.0027574365484389005 0.1499999999999999
-0.15058194077951187 0.005918227002282936 0.13000000000000034
-0.11088240775587688 0.007485534616035863 0.04800000000000093
-0.10450687166435974 0.006152211181881251 -0.040000000000000036
-0.053325848731581194 0.002435442296288677 -0.040000000000000036
-0.07387812273078087 0.001903806241019615 0.0
-0.13757566294441392 0.009022599589677605 0.04800000000000004
-0.07964754938782193 0.0033068421134372986 0.1499999999999999
-0.059273560079825094 0.0007282792047960673 0.13000000000000034
-0.15058194077951187 0.005918227002282936 0.13000000000000078
-0.041023841687780394 0.0027190939496891803 -0.040000000000000036
-0.18402806634187024 0.011717940309481256 0.0479999999999996
-0.07604919760082363 0.002098061784580975 0.005999999999999339
-0.058075242914662595 0.003470483207014069 -0.040000000000000036
-0.08218040817577299 0.005899613500797457 0.05200000000000049
nan nan nan
-0.06704760454608416 0.0030681824323019954 -0.040000000000000036
-0.053325848731581194 0.002435442296288677 -0.040000000000000036
-0.0680418179459279 0.005265748036543283 0.052000000000000046
-0.10558093754964404 0.0070482236554057845 0.052000000000000046
-0.05010733683994595 0.0022772535275302347 -0.040000000000000036
-0.1932805900456303 0.011838809574806798 0.052000000000000934
-0.06683437805492687 0.0011683885028175994 0.1299999999999999
-0.15291857026288697 0.006525690391550064 0.0
nan nan nan
-0.05847574183972237 0.001354725614298162 0.0
-0.11089910934605218 0.004077492116196416 0.0
-0.028984128071276816 -0.0005864608321311249 0.0
-0.056178258262368996 0.0005540482156749099 0.1299999999999999
nan nan nan
-0.05010733683994595 0.0022772535275302347 -0.040000000000000036
nan nan nan
-0.05855191977763485 0.0013590085857533643 0.0
-0.041023841687780394 0.002719093949689194 -0.040000000000000036
nan nan nan
-0.15291857026288697 0.006525690391550064 0.0
-0.04128870629133197 -0.00022599899894072684 0.1299999999999999
-0.04128870629133208 -0.00022599899894072684 0.1299999999999999
nan nan nan
-0.11088240775587688 0.007485534616035849 0.04800000000000093
nan nan nan
-0.0705103399400584 0.0018252769831102258 0.006000000000000227
-0.10558093754964393 0.0070482236554057776 0.05200000000000049
-0.055406651474546376 0.0025259477514726555 -0.039999999999999813
-0.08218040817577288 0.005899613500797464 0.052000000000000046
-0.13757566294441398 0.009022599589677605 0.04800000000000004
-0.08301060710695274 0.005949049454403332 0.052000000000000046
-0.038984358733908264 -0.0003289996328813133 0.13000000000000034
-0.05000488017125981 0.0031213772252018795 -0.040000000000000036
-0.10450687166435962 0.006152211181881237 -0.04000000000000026
-0.043962035178244596 -0.00010203545245343615 0.1299999999999999
-0.06471553804145624 0.003828964958458844 -0.04000000000000026
-0.13399668626869998 0.00541728974448881 0.0
-0.06331234032833233 0.0014556761610793334 0.006000000000000227
nan nan nan
nan nan nan
nan nan nan
nan nan nan
nan nan nan
-0.04383570187533925 -0.00011004741608486301 0.1299999999999999
nan nan nan
nan nan nan
-0.0408937364152101 2.0518500290722663e-05 0.0
-0.09314073363336417 0.006434580875862232 0.052000000000000046
-0.07999938884148383 0.005803403056588871 0.052000000000000046
-0.07999938884148383 0.005803403056588871 0.052000000000000046
-0.0680418179459279 0.005265748036543283 0.0519999999999996
-0.031328051008088 -0.00045658094476086486 0.0
-0.058394865868061197 0.0012297729730498322 0.0060000000000011156
-0.18402806634187047 0.01171794030948127 0.04800000000000004
nan nan nan
-0.07825955945717555 0.0022284778265932587 0.006000000000000227
-0.031328051008088 -0.00045658094476086486 0.0
-0.06854616376236322 0.004018470213379394 -0.04000000000000015
-0.050004880171259924 0.0031213772252018795 -0.040000000000000036
-0.058394865868061197 0.0012297729730498322 0.0060000000000011156
-0.049838292989363264 0.000829391486295343 0.006000000000000227
-0.06683437805492687 0.0011683885028175994 0.1299999999999999
-0.04383570187533914 -0.00011004741608486301 0.1299999999999999
-0.059273560079825094 0.0007282792047960673 0.13000000000000034
-0.06471553804145624 0.003828964958458844 -0.040000000000000036
-0.0408937364152101 2.0518500290722663e-05 0.0
nan nan nan
-0.0856197755453173 0.006188226968429855 0.047999999999999154
-0.043962035178244596 -0.00010203545245343615 0.1299999999999999
-0.0705103399400584 0.001825276983110212 0.0060000000000011156
-0.09938509073869484 0.0030185919010982387 0.13000000000000078
nan nan nan
nan nan nan
-0.04313879311367841 0.00015067618218424228 0.0
-0.03898435873390815 -0.0003289996328813133 0.1299999999999999
-0.030439335136360546 -0.0005160431919221664 0.0
-0.0856197755453173 0.006188226968429855 0.04800000000000004
nan nan nan
nan nan nan
-0.049838292989363264 0.000829391486295343 0.006000000000000227
-0.07825955945717555 0.0022284778265932517 0.006000000000000227
0.008847553653646312 -0.002357496009332688 0.0
nan nan nan
nan nan nan
nan nan nan
0.026409813522808467 -0.004539693142165124 -0.008000000000000007
0.003676419513200968 -0.00206625291421908 0.0
nan nan nan
nan nan nan
nan nan nan
nan nan nan
nan nan nan
0.0074137508442229105 -0.004179548727255816 0.0
0.021920458778703855 -0.004274029944496632 -0.008000000000000007
nan nan nan
nan nan nan
nan nan nan
nan nan nan
-0.03191108891515948 -0.00010904190186711293 0.0
-0.055925336097344625 0.002358178429190644 -0.039999999999999925
0.004544705900863644 -0.0021143560401243877 0.0
nan nan nan
0.011443589269891752 -0.0025108997484299955 0.0
nan nan nan
-0.00629367194804098 -0.0015587792597883954 0.0
nan nan nan
-0.006293671948041091 -0.0015587792597883954 0.0
0.008847553653646312 -0.002357496009332688 0.0
-0.09915866975441312 0.0068646220454592205 0.047999999999999154
-0.1199827144343103 0.0050512511739021215 0.0
-0.001282544571637012 -0.000820172908718636 -0.039999999999999813
-0.10951123643360255 0.0054583715301167735 -0.040000000000000036
0.011443589269891752 -0.0025108997484299955 0.0
nan nan nan
-0.0559253360973444 0.002358178429190616 -0.039999999999999813
-0.03191108891515948 -0.00010904190186714069 0.0
0.003676419513200968 -0.00206625291421908 0.0
nan nan nan
nan nan nan
nan nan nan
-0.1199827144343103 0.0050512511739021215 0.0
0.004544705900863644 -0.0021143560401243877 0.0
nan nan nan
-0.10643380215206316 0.0023328376721346855 0.0
-0.09915866975441312 0.0068646220454592205 0.047999999999999154
-0.07732233161760105 0.001983961109096752 0.0
0.012160635731102709 -0.0015840129895695887 -0.039999999999999813
-0.030191455706964687 -0.0006312001458567001 0.0
0.018122431893365487 -0.004545885094042551 0.13000000000000034
-0.14521426550891348 0.005961990913666726 8.881784197001252e-16
-0.04843554870680944 0.00029906168445785475 8.881784197001252e-16
0.026405055402720423 -0.0045395444377396565 -0.008000000000000007
-0.030191455706964687 -0.0006312001458567001 8.881784197001252e-16
-0.08282288703961349 0.0060365771202332275 0.04800000000000004
-0.04843554870680944 0.00029906168445785475 0.0
-0.03344032161381283 -0.0004775580180138156 0.0
-0.007641874694398365 -0.0033378828873975863 0.0
-0.11104759515099488 0.007494922091940984 0.047999999999999154
-0.001282544571636901 -0.000820172908718636 -0.039999999999999813
nan nan nan
-0.10951123643360267 0.0054583715301167735 -0.040000000000000036
-0.02770552117753433 -0.0003594349390451945 0.0
0.027504679545426125 -0.005333387474872331 0.0
-0.0325053240197658 -0.0005264498306333798 -8.881784197001252e-16
-0.06091750798099482 -0.0002798540413742334 0.0
0.009183748730642427 -0.0040401218973639685 0.1299999999999999
0.026928385525008758 -0.004568093594202044 -0.008000000000000007
-0.045749264100713005 0.0001519487921751994 -4.440892098500626e-16
nan nan nan
nan nan nan
-0.03320292270531122 -0.0004898000471078301 -4.440892098500626e-16
nan nan nan
-0.045749264100713005 0.0001519487921751994 -8.881784197001252e-16
0.022228029447676434 -0.00216852529859779 -0.039999999999999925
0.022228029447676434 -0.00216852529859779 -0.040000000000000036
-0.0024178544865033347 -0.003340200147682826 0.13000000000000078
-0.07037484999439847 0.0021340683461908705 0.0
0.029204760928130624 -0.005429396168063122 0.0
-0.11104759515099488 0.007494922091940984 0.047999999999999154
-0.006415094667764576 -0.003411968228509421 0.0
-0.07037484999439847 0.0021340683461908705 0.0
-0.07732233161760105 0.001983961109096752 0.0
nan nan nan
0.029204760928130624 -0.005429396168063122 0.0
nan nan nan
0.01180353191978456 -0.004187721168225189 0.1299999999999999
nan nan nan
0.010327069736175476 -0.0036122769314435865 -0.007999999999999563
-0.032505324019766024 -0.0005264498306333798 -4.440892098500626e-16
0.009092716980045545 -0.0040348814471541095 0.13000000000000034
-0.009177415586756221 0.002174452266438448 0.04800000000000004
-0.018811288074913612 0.0026813295665722436 0.04800000000000004
-0.014797329639800294 -0.00262761337222997 0.1299999999999999
-0.08663275370978374 0.006254420705412336 0.04800000000000004
-0.08663275370978374 0.006254420705412336 0.04800000000000004
-0.006415094667764576 -0.003411968228509421 0.0
nan nan nan
-0.03344032161381283 -0.0004775580180138156 0.0
nan nan nan
-0.03320292270531122 -0.0004898000471078301 0.0
-0.062167921170133034 0.005218277132621657 0.047999999999999154
nan nan nan
nan nan nan
0.018122431893365487 -0.004545885094042551 0.1299999999999999
0.0074137508442227995 -0.004179548727255816 0.0
0.04619321469713422 -0.004030102322804069 -0.039999999999999813
0.021920458778703966 -0.004274029944496632 -0.007999999999999563
0.026928385525008758 -0.004568093594202044 -0.008000000000000007
-0.09948117429943748 0.0027287620719115557 -0.007999999999999119
0.028042852346745417 -0.002964997629596705 -0.039999999999999813
0.009092716980045545 -0.0040348814471541095 0.13000000000000034
nan nan nan
-0.0024178544865033347 -0.003340200147682826 0.13000000000000034
nan nan nan
0.06090707053773359 -0.004869849314324243 -0.039999999999999813
0.0162750784658513 -0.003958028100956995 -0.008000000000000007
-0.01865312712302092 0.0026724621801171022 0.04800000000000093
-0.007641874694398365 -0.0033378828873975863 0.0
-0.12215596313437038 0.0035551893582256855 0.1299999999999999
-0.018811288074913612 0.0026813295665722436 0.04800000000000049
-0.01959538836048136 -0.0023449175030925695 0.12999999999999945
0.01180353191978456 -0.004187721168225189 0.1299999999999999
0.027504679545426125 -0.005333387474872331 0.0
nan nan nan
-0.009177415586756221 0.002174452266438448 0.04800000000000004
0.010327069736175476 -0.0036122769314435865 -0.007999999999999563
0.011238295521897368 -0.0020412040372051188 -0.040000000000000036
0.035298561279024865 -0.0057770849435883065 0.0
0.022035049820959052 -0.002157406277856183 -0.039999999999999813
nan nan nan
nan nan nan
0.035298561279024754 -0.0057770849435883065 0.0
-0.023551624713675667 0.00296238294946341 0.04800000000000049
-0.05822891816550102 -0.00012085773035022673 0.1299999999999999
-0.1452142655089136 0.005961990913666726 8.881784197001252e-16
-0.10643380215206316 0.0023328376721346855 0.0
0.04175748911788146 -0.003767751786284995 -0.04000000000000037
0.028042852346745417 -0.002964997629596705 -0.039999999999999925
0.011238295521897368 -0.0020412040372051188 -0.039999999999999813
nan nan nan
0.026405055402720312 -0.0045395444377396565 -0.008000000000000007
-0.01959538836048136 -0.0023449175030925695 0.13000000000000034
-0.02355162471367589 0.002962382949463438 0.04800000000000049
-0.014797329639800183 -0.00262761337222997 0.13000000000000034
0.028341430192351802 -0.004642370984801442 -0.008000000000000451
-0.12215596313437038 0.0035551893582256577 0.1299999999999999
0.04124672229996218 -0.006124427837064295 0.0
-0.11618357742177898 0.008343048341388576 0.047999999999999154
nan nan nan
0.041757489117881574 -0.003767751786284995 -0.04000000000000048
0.04124672229996218 -0.006124427837064295 0.0
0.028341430192351802 -0.004642370984801442 -0.008000000000000895
0.026409813522808467 -0.004539693142165124 -0.008000000000000451
-0.0582289181655008 -0.00012085773035022673 0.1299999999999999
0.015403167350823699 -0.0022773882918603328 -0.040000000000000036
0.009183748730642427 -0.004040121897363996 0.1299999999999999
nan nan nan
0.012160635731102709 -0.0015840129895695887 -0.039999999999999813
nan nan nan
0.03351315129312349 -0.002777173701481561 -0.039999999999999813
-0.041004239450439406 -8.238026781964836e-05 8.881784197001252e-16
0.02203504982095894 -0.002157406277856183 -0.039999999999999813
0.02534999612718114 -0.002315862040281891 -0.040000000000000036
0.06090707053773359 -0.004869849314324243 -0.040000000000000036
0.03351315129312349 -0.0027771737014815334 -0.039999999999999925
-0.004730396000177661 -0.0006175225488967706 -0.039999999999999813
0.02534999612718103 -0.002315862040281891 -0.040000000000000036
-0.035066953954791535 0.003635178022184743 0.04800000000000004
-0.004730396000177661 -0.0006175225488967706 -0.039999999999999813
nan nan nan
-0.08653169560953944 0.003574155110417726 -0.0399999999999997
nan nan nan
-0.03524172460279662 0.00364516754035607 0.0479999999999996
-0.08653169560953933 0.003574155110417726 -0.039999999999999813
-0.035066953954791424 0.003635178022184743 0.04800000000000004
0.04619321469713422 -0.004030102322804069 -0.039999999999999813
nan nan nan
-0.07386086606999698 0.005643776972888287 0.04800000000000093
-0.062167921170133034 0.005218277132621657 0.047999999999999154
-0.02002122366321668 -0.0018579640707927225 -0.008000000000000451
-0.018838428434236 0.0026829643715657325 0.047999999999999154
nan nan nan
-0.11618357742177882 0.008343048341388576 0.0479999999999996
-0.08282288703961349 0.0060365771202332275 0.04800000000000004
-0.04100423945043952 -8.238026781964836e-05 8.881784197001252e-16
0.0162750784658513 -0.003958028100956995 -0.008000000000000451
-0.07386086606999698 0.005643776972888287 0.04800000000000093
-0.06091750798099471 -0.0002798540413742334 0.0
-0.03524172460279651 0.00364516754035607 0.04800000000000049
nan nan nan
nan nan nan
-0.03175221163819553 0.00045485268202904994 -0.04000000000000026
-0.01865312712302103 0.0026724621801171022 0.04800000000000093
nan nan nan
-0.09948117429944381 0.002728762071911889 -0.007999999999999119
-0.02002122366321657 -0.0018579640707927225 -0.008000000000000451
-0.02770552117753433 -0.0003594349390451945 0.0
-0.018838428434236 0.0026829643715657325 0.047999999999999154
-0.031752211638195416 0.00045485268202904994 -0.04000000000000015
0.015403167350823699 -0.0022773882918603328 -0.039999999999999925
nan nan nan
nan nan nan
nan nan nan
nan nan nan
nan nan nan
-0.07658005346089403 0.0009506153708735421 -0.007999999999999563
nan nan nan
0.06323539614469287 -0.009564850484229503 0.0
nan nan nan
-0.07853338782901664 -0.001439340941326861 0.0
0.07494525186373702 -0.008560513562486799 0.13000000000000078
0.06549088712930529 -0.009692335688039483 0.0
nan nan nan
nan nan nan
nan nan nan
nan nan nan
0.03727672227017076 -0.008085339594388924 0.0
nan nan nan
0.07352221070981002 -0.010157762185598357 0.0
nan nan nan
nan nan nan
nan nan nan
0.0654908871293054 -0.009692335688039483 0.0
0.02387239005586128 -0.005664164965643065 0.1299999999999999
-0.019482419714745847 -0.004862379082601703 0.0
0.07958034235139022 -0.010509286054325578 0.0
0.001202928887891641 0.0011323603483382738 0.04800000000000093
nan nan nan
-0.01927001132467554 -0.003203968079787456 0.1299999999999999
0.05433337869337895 -0.009064397200797214 0.0
0.06625035520186384 -0.008072607972160445 0.1299999999999999
0.06046091982593038 -0.006929803693515729 -0.039999999999999813
0.03727672227017065 -0.008085339594388952 0.0
nan nan nan
-0.01927001132467554 -0.003203968079787456 0.1299999999999999
0.05784398802420765 -0.0075957419240055 0.13000000000000034
0.4 -0.026933902338348276 0.1299999999999999
nan nan nan
nan nan nan
0.06625035520186384 -0.008072607972160417 0.13000000000000034
-0.07853338782901664 -0.001439340941326861 0.0
0.060749325721221825 -0.006946243349379377 -0.040000000000000036
0.07352221070981002 -0.010157762185598357 0.0
0.019220868905703625 9.197599311930316e-05 0.04800000000000004
0.0749452518637369 -0.008560513562486799 0.13000000000000078
0.03907209038127646 -0.003618761168487944 -0.040000000000000036
-0.02526185178539775 0.0026796725808546362 0.04800000000000004
0.03702757051455097 -0.0009301138419260946 0.04800000000000093
0.06936366596349142 -0.0054238345667623755 0.04800000000000093
0.03051303407749062 -0.007705253959301855 0.0
-0.02526185178539775 0.0026796725808546362 0.04800000000000004
0.03702757051455108 -0.0009301138419260946 0.04800000000000093
nan nan nan
0.08902094182359666 -0.011305710527097917 0.1299999999999999
0.01166776172765005 0.0005295365396287832 0.04800000000000004
-0.07658005346089403 0.0009506153708735143 -0.008000000000000007
nan nan nan
nan nan nan
0.043050200577809616 -0.0059289773982412475 -0.039999999999999813
-0.08856326484640109 0.006315384428852516 0.04800000000000004
0.011667761727650161 0.0005295365396287832 0.04800000000000004
0.060749325721221825 -0.006946243349379405 -0.039999999999999813
0.4 -0.026933902338348276 0.1299999999999999
0.025738757300127868 -0.005773467445658126 0.13000000000000034
0.06322936319816785 -0.007073625399205974 -0.007999999999999563
0.02094409411026088 -0.007471269053027363 0.13000000000000034
-0.07528636191250826 0.0008295114318810359 -0.039999999999999813
-0.08856326484640109 0.0063153844288524885 0.04800000000000004
0.019220868905703625 9.197599311930316e-05 0.047999999999999154
0.07958034235139033 -0.010509286054325578 0.0
-0.0270290248745666 -0.001951520086609898 -0.040000000000000036
0.03051303407749062 -0.007705253959301855 0.0
0.05433337869337895 -0.009064397200797214 0.0
nan nan nan
0.06191381397166451 -0.004995016542844094 0.04800000000000049
0.07205302374584266 -0.007590182559166075 -0.008000000000000007
0.0585364266228946 -0.007634809716756036 0.1299999999999999
0.0498533158269544 -0.004301826151035387 0.0479999999999996
0.03439016724194077 -0.005451821158438064 -0.039999999999999925
0.02705476249694294 -0.005040159292910906 -0.039999999999999813
nan nan nan
0.0536988779309957 -0.009320218691910104 0.1299999999999999
nan nan nan
nan nan nan
-0.019482419714745847 -0.004862379082601703 0.0
0.4 -0.026933902338348276 0.1299999999999999
0.03502189672939926 -0.005477421045419428 -0.007999999999999563
0.06004618442217957 -0.00216488228990111 0.04800000000000004
-0.027029024874566376 -0.001951520086609898 -0.039999999999999925
0.06323539614469287 -0.009564850484229503 0.0
0.10945630861500377 -0.012480293385116609 0.13000000000000034
0.06532363790894602 -0.007204570442921054 -0.040000000000000036
0.06532363790894602 -0.007204570442921054 -0.040000000000000036
0.04365669437377773 -0.006766583995023889 0.1299999999999999
0.03502189672939926 -0.005477421045419428 -0.008000000000000007
0.06219536613742871 -0.007026638348756886 -0.040000000000000036
0.06101906972312754 -0.006947555863514504 -0.008000000000000451
0.02387239005586117 -0.005664164965643065 0.1299999999999999
0.042039853336594435 -0.005874021525035994 -0.007999999999998675
0.4 -0.026933902338348276 0.1299999999999999
0.11050709827453098 -0.007729675555522425 0.04800000000000093
-0.0536764493722196 -0.0012836144186388065 -0.007999999999999563
0.06322936319816785 -0.007073625399205974 -0.008000000000000007
0.06546339016277902 -0.007205535673377672 -0.007999999999999563
0.042039853336594435 -0.005874021525035994 -0.007999999999999119
0.09636267959588918 -0.0069201451574879835 0.04800000000000049
0.0498533158269544 -0.004301826151035387 0.04800000000000004
0.4 -0.026933902338348276 0.1299999999999999
0.06046091982593049 -0.006929803693515729 -0.039999999999999813
0.005090297234918162 -0.0017486802708319704 0.04800000000000004
0.10247579189104594 -0.00727915464587281 0.0479999999999996
0.4 -0.026933902338348276 0.1299999999999999
0.02094409411026088 -0.007471269053027363 0.1299999999999999
0.06546339016277902 -0.007205535673377672 -0.007999999999999563
0.0585364266228946 -0.007634809716756036 0.1299999999999999
0.089909837255991 -0.01135591612500575 0.1299999999999999
0.11319444692641711 -0.010798274990447554 -0.007999999999999563
0.06801702164684775 -0.010103382120014825 0.1299999999999999
0.07522865173811943 -0.008694186551730598 -0.008000000000000007
-0.06831408470283318 -0.0003754375141910016 0.13000000000000034
0.005090297234918162 -0.0017486802708319982 0.04800000000000004
0.07205302374584266 -0.007590182559166075 -0.007999999999999563
0.10718212801116767 -0.010459259939462284 -0.008000000000000007
0.12105442275250289 -0.008311924928852854 0.047999999999999154
0.001202928887891641 0.001132360348338246 0.04800000000000049
0.10247579189104594 -0.00727915464587281 0.04800000000000004
nan nan nan
nan nan nan
-0.04071284160241195 0.0008315358668714579 0.04800000000000004
0.09951389731614124 -0.011904251929532178 0.1299999999999999
0.0536988779309957 -0.009320218691910104 0.1299999999999999
0.12105442275250289 -0.008311924928852854 0.047999999999999154
-0.07528636191251892 0.0008295114318816466 -0.039999999999999813
0.11050709827453098 -0.007729675555522425 0.04800000000000093
nan nan nan
-0.00916842468507062 -0.0029289045233802102 -0.007999999999999119
0.02705476249694294 -0.005040159292910906 -0.039999999999999813
0.06101906972312765 -0.006947555863514504 -0.008000000000000007
0.09636267959588929 -0.0069201451574879835 0.04800000000000049
0.03907209038127646 -0.003618761168487944 -0.04000000000000015
-0.0536764493722196 -0.0012836144186388343 -0.007999999999999563
nan nan nan
0.07057065705605581 -0.00841966752490278 -0.007999999999999119
0.06936366596349142 -0.0054238345667623755 0.04800000000000004
-0.040712841602411065 0.0008315358668714024 0.04800000000000004
nan nan nan
0.038122428178189116 -0.005652037143376559 -0.008000000000000007
0.07522865173811943 -0.008694186551730626 -0.008000000000000451
nan nan nan
0.10945630861500377 -0.012480293385116636 0.1299999999999999
-0.00916842468507062 -0.0029289045233802102 -0.007999999999999563
0.11748838395796812 -0.011047159989748867 -0.007999999999999563
0.038122428178189116 -0.005652037143376559 -0.008000000000000007
0.11748838395796812 -0.011047159989748867 -0.007999999999999563
nan nan nan
nan nan nan
0.04833465706387641 -0.0015068129253226759 0.04800000000000004
0.05784398802420765 -0.0075957419240055 0.1299999999999999
0.06219536613742871 -0.007026638348756886 -0.040000000000000036
nan nan nan
0.036481311900629976 -0.0008994506668604518 0.0479999999999996
0.036481311900629865 -0.0008994506668604518 0.04800000000000004
0.06004618442217957 -0.0021648822899010822 0.04800000000000004
nan nan nan
0.043050200577809616 -0.00592897739824122 -0.039999999999999813
0.009227304109385104 -0.00488910223831554 -0.008000000000000007
0.11319444692641711 -0.010798274990447554 -0.007999999999999563
nan nan nan
nan nan nan
0.04833465706387641 -0.0015068129253226759 0.04800000000000004
-0.03908679440981744 -0.00402204949363319 0.1299999999999999
nan nan nan
nan nan nan
nan nan nan
nan nan nan
0.025738757300127868 -0.005773467445658126 0.1299999999999999
nan nan nan
0.07057065705605581 -0.00841966752490278 -0.007999999999999563
0.09951389731614124 -0.011904251929532178 0.13000000000000034
nan nan nan
nan nan nan
0.10632481230121305 -0.010410340513613114 -0.007999999999999563
0.08902094182359677 -0.011305710527097917 0.13000000000000034
0.089909837255991 -0.011355916125005722 0.1299999999999999
0.10632481230121316 -0.010410340513613114 -0.008000000000000007
nan nan nan
0.009227304109385215 -0.0048891022383155125 -0.008000000000000007
0.0619138139716644 -0.004995016542844094 0.04800000000000049
0.0481864093711204 -0.00901043982657132 0.1299999999999999
nan nan nan
nan nan nan
nan nan nan
0.06801702164684775 -0.010103382120014798 0.12999999999999945
0.03439016724194077 -0.005451821158438064 -0.039999999999999813
0.04818640937112051 -0.00901043982657132 0.13000000000000034
-0.03908679440981744 -0.00402204949363319 0.13000000000000078
0.043656694373777616 -0.006766583995023889 0.1299999999999999
-0.06831408470283329 -0.0003754375141910016 0.13000000000000078
0.0843763836532424 -0.009201512763372555 -0.008000000000000007
0.10718212801116767 -0.010459259939462284 -0.008000000000000007
0.0843763836532424 -0.009201512763372555 -0.008000000000000007
nan nan nan
-0.0730151918916252 0.0019400149458778174 0.0
nan nan nan
-0.092570776968811 0.002954680657810023 0.0
nan nan nan
nan nan nan
-0.11310298526551121 0.007600110373703402 0.05200000000000049
nan nan nan
-0.08608867681701526 0.006349720393472702 0.052000000000000046
nan nan nan
nan nan nan
-0.07876009642415693 0.003947573181739279 -0.040000000000000036
-0.08808145232730413 0.002728649944394826 0.0
-0.11210925000616534 0.0042862232753044655 0.0
nan nan nan
nan nan nan
nan nan nan
-0.08407642495810697 0.004193548327152456 -0.039999999999999925
-0.22978013145698656 0.014033273340067653 0.052000000000000934
nan nan nan
-0.13122417129233233 0.005018936012620982 0.0
-0.07876009642415693 0.003947573181739279 -0.04000000000000026
-0.18904066545318965 0.010079337257118126 -0.04000000000000015
-0.1262468010211074 0.00825294011230137 0.05199999999999916
-0.09945737390276976 0.00380859074708554 0.1499999999999999
-0.06561154249225631 0.0016121471966871678 0.0
-0.22978013145698656 0.014033273340067653 0.052000000000000046
-0.08731689613668436 0.003264801541626325 0.1499999999999999
-0.17802382225640145 0.010992044806659197 0.05199999999999916
-0.13122417129233255 0.005018936012620982 0.0
nan nan nan
nan nan nan
-0.17720461448951597 0.008106600576947537 0.0
nan nan nan
-0.10351514733600142 0.0039848511185148205 0.15000000000000036
-0.0729385142372232 0.0019357224392170386 0.0
-0.10725500591003234 0.004165113735593445 0.1499999999999999
-0.18239734189108314 0.008045671689537043 0.0
-0.08407642495810697 0.004193548327152449 -0.040000000000000036
-0.07876255669854337 0.003947732208189995 -0.039999999999999925
nan nan nan
nan nan nan
-0.07597375243657101 0.0020565753506803855 8.881784197001252e-16
-0.07601933481402834 0.0022234806904193466 0.0
nan nan nan
-0.17802382225640145 0.01099204480665919 0.05199999999999916
-0.10351855753305972 0.003985068456128664 0.1499999999999999
-0.06561154249225631 0.0016121471966871609 0.0
-0.1262468010211073 0.00825294011230137 0.0519999999999996
-0.07780602379758095 0.0023256905011723727 0.0
nan nan nan
-0.12825688956957648 0.008338349125776898 0.052000000000000046
-0.07045944727313569 0.0019017452532013313 0.0
-0.09945737390276976 0.00380859074708554 0.1499999999999999
-0.08269384688263193 0.005227266289853774 -0.04000000000000015
-0.07670043236821766 0.0038580765421157223 -0.04000000000000015
-0.0983616179654202 0.0030981598252947315 8.881784197001252e-16
-0.11397473863872709 0.004458119286390838 0.14999999999999947
-0.08373585921452809 0.0024142127482467204 8.881784197001252e-16
nan nan nan
-0.07460828892685145 0.0037673874403686275 -0.040000000000000036
-0.10677015293925751 0.006409147087056394 -0.04000000000000026
nan nan nan
nan nan nan
-0.07780602379758095 0.0023256905011723727 0.0
-0.10725500591003234 0.004165113735593445 0.14999999999999947
-0.08900831737090464 0.004444123472052988 -0.04000000000000015
-0.08373585921452809 0.0024142127482467204 8.881784197001252e-16
nan nan nan
-0.11656684872454226 0.004601950052875295 0.1500000000000008
-0.08002770400569581 0.002454501820608218 0.0
nan nan nan
-0.06890118964575365 0.0018273522596232022 0.0
-0.09832540154722957 0.006905832385724932 0.05200000000000049
nan nan nan
-0.07045944727313569 0.0019017452532013313 0.0
-0.10738124495348633 0.00357597892728799 0.0
-0.092570776968811 0.002954680657810023 0.0
-0.10677015293925751 0.006409147087056394 -0.04000000000000015
-0.09749541895530567 0.006856384701491795 0.052000000000000046
nan nan nan
-0.07597375243657101 0.0020565753506803855 8.881784197001252e-16
-0.09530542008051313 0.006759747973373663 0.052000000000000046
-0.0983616179654202 0.0030981598252947246 8.881784197001252e-16
-0.09388281201014548 0.0018805740411663302 0.1299999999999999
-0.09468466542291998 0.005742917037161552 -0.039999999999999813
-0.08864196613355002 0.0026396526369192597 0.0
-0.09468466542291998 0.005742917037161552 -0.039999999999999813
-0.18239734189108314 0.008045671689537043 0.0
-0.14634434381795103 0.008730477787574811 -0.040000000000000036
-0.14740821063359755 0.005703691050389148 8.881784197001252e-16
-0.07876255669854348 0.003947732208189995 -0.039999999999999925
-0.07670043236821766 0.0038580765421157223 -0.040000000000000036
-0.07460828892685156 0.0037673874403686275 -0.040000000000000036
-0.10738124495348655 0.003575978927287997 8.881784197001252e-16
-0.12825688956957648 0.008338349125776898 0.05199999999999916
-0.11474219720523104 0.0030556677677388566 0.1299999999999999
-0.08731689613668436 0.003264801541626325 0.1499999999999999
nan nan nan
-0.11474219720523104 0.0030556677677388566 0.12999999999999945
nan nan nan
-0.06906037254279673 0.0018337131417958397 0.0
-0.11656684872454226 0.004601950052875295 0.15000000000000036
-0.06924249952326766 0.0017631805384013127 0.0
-0.08269384688263193 0.005227266289853774 -0.040000000000000036
nan nan nan
-0.06906037254279673 0.0018337131417958397 0.0
nan nan nan
-0.09388281201014548 0.0018805740411663302 0.1299999999999999
-0.08855988476473153 0.005476882367944122 -0.04000000000000026
-0.08608867681701515 0.006349720393472702 0.0519999999999996
-0.18524348998027984 0.011709155900331294 0.04800000000000049
-0.09094296853396233 0.0017429399748658814 0.1299999999999999
-0.10129296696359613 0.006099415501486641 -0.04000000000000026
-0.09402305557554058 0.0018893420601945043 0.1299999999999999
-0.20260688550897438 0.008061035445723674 0.1299999999999999
nan nan nan
-0.14529485288917265 0.009403956405784272 0.04800000000000049
-0.1035881656145986 0.00240416990835364 0.13000000000000034
-0.06890118964575365 0.0018273522596232022 0.0
nan nan nan
-0.15552554416110387 0.005382755670169617 0.1299999999999999
-0.10691767765728732 0.00641732802237413 -0.039999999999999813
-0.09402305557554058 0.0018893420601945043 0.1299999999999999
nan nan nan
-0.09749541895530556 0.006856384701491802 0.0519999999999996
-0.08864196613355002 0.0026396526369192597 0.0
-0.2040974511038165 0.01212949605927828 -0.040000000000000036
-0.18524348998027973 0.011709155900331308 0.04800000000000004
nan nan nan
-0.0729385142372232 0.0019357224392170386 0.0
-0.06987422364188456 0.0018698678304283761 0.0
nan nan nan
-0.11210925000616534 0.0042862232753044655 0.0
-0.09002966824593583 0.004498010033544102 -0.039999999999999813
-0.08900831737090464 0.004444123472052988 -0.040000000000000036
nan nan nan
-0.20409745110381655 0.01212949605927828 -0.039999999999999925
-0.08135830624460882 0.0023954450629089102 0.0
-0.09530542008051313 0.006759747973373663 0.052000000000000046
-0.1555255441611041 0.005382755670169617 0.13000000000000078
-0.1035881656145986 0.002404169908353626 0.1299999999999999
-0.11397473863872709 0.004458119286390838 0.1499999999999999
-0.14036243229211298 0.005888155027031536 0.1499999999999999
-0.23529138939688787 0.01463788015721769 0.04800000000000004
-0.0730151918916252 0.0019400149458778174 0.0
-0.07601933481402834 0.0022234806904193466 0.0
-0.0966214250684202 0.005825524688231332 -0.040000000000000036
nan nan nan
-0.10831481085853434 0.0026768456084580172 0.13000000000000034
-0.0966214250684202 0.005825524688231332 -0.040000000000000036
-0.20260688550897432 0.008061035445723674 0.1299999999999999
-0.10691767765728732 0.006417328022374144 -0.039999999999999813
-0.06924249952326755 0.0017631805384013127 0.0
-0.08855988476473164 0.005476882367944122 -0.04000000000000015
-0.08776777340217601 0.0025876952291094824 -4.440892098500626e-16
-0.11729318402347622 0.008005107806125289 0.047999999999998266
-0.14529485288917265 0.009403956405784286 0.04800000000000093
-0.10351855753305972 0.003985068456128671 0.15000000000000036
-0.08808145232730413 0.002728649944394826 0.0
-0.1172931840234761 0.008005107806125289 0.047999999999999154
-0.08776777340217601 0.0025876952291094754 0.0
nan nan nan
-0.11310298526551121 0.007600110373703402 0.052000000000000046
-0.09002966824593583 0.004498010033544102 -0.040000000000000036
nan nan nan
nan nan nan
-0.06987422364188456 0.0018698678304283761 0.0
-0.14634434381795103 0.008730477787574797 -0.04000000000000015
-0.21126186644611888 0.00944681458140676 8.881784197001252e-16
-0.10351894729864008 0.0033528005591624693 0.0
nan nan nan
-0.14740821063359755 0.005703691050389141 1.7763568394002505e-15
-0.21126186644611877 0.00944681458140676 0.0
-0.09832540154722957 0.006905832385724939 0.0519999999999996
nan nan nan
nan nan nan
-0.23529138939688804 0.014637880157217703 0.04800000000000093
nan nan nan
-0.17720461448951597 0.008106600576947537 0.0
-0.10129296696359613 0.006099415501486641 -0.04000000000000015
nan nan nan
-0.19964341024395227 0.009311322949032828 0.14999999999999947
-0.10831481085853423 0.0026768456084580172 0.13000000000000034
nan nan nan
nan nan nan
nan nan nan
-0.19964341024395216 0.009311322949032835 0.1499999999999999
-0.18904066545318965 0.010079337257118126 -0.040000000000000036
-0.10351894729864008 0.0033528005591624693 0.0
-0.10351514733600142 0.0039848511185148205 0.1499999999999999
-0.09132702642235169 0.0017638831824804413 0.1299999999999999
-0.1264338534113928 0.006457189221882757 -0.04000000000000026
-0.14036243229211298 0.005888155027031536 0.14999999999999947
-0.1264338534113928 0.006457189221882757 -0.04000000000000015
-0.08002770400569581 0.002454501820608218 0.0
-0.08135830624460882 0.0023954450629089102 0.0
-0.09094296853396233 0.0017429399748658814 0.13000000000000078
-0.09132702642235169 0.0017638831824804413 0.1299999999999999
nan nan nan
nan nan nan
nan nan nan
nan nan nan
-0.042854958036321555 -0.0018500311769833466 0.13000000000000034
-0.09292713995161983 0.0071550332995499455 0.04800000000000004
nan nan nan
nan nan nan
-0.14546488992062767 0.009413529292576328 0.04800000000000004
nan nan nan
nan nan nan
nan nan nan
nan nan nan
nan nan nan
nan nan nan
-0.0430260907158494 -0.0009698398287900645 0.0
-0.17574046798137222 0.0058289171894911895 0.12999999999999945
nan nan nan
nan nan nan
-0.11991083346618459 0.006207294393081153 -0.040000000000000036
nan nan nan
-0.048267488114097534 0.0020631177155250313 -0.039999999999999925
nan nan nan
-0.05263398506388073 -0.001290022904598953 0.1299999999999999
-0.13207782012208868 0.009424046767069011 0.04800000000000004
-0.07348353945606434 0.001620599039155124 -0.008000000000000007
nan nan nan
nan nan nan
-0.0766505482691443 0.0009603534790370294 0.0
nan nan nan
-0.034115583746749945 -0.0010189466352320542 -0.007999999999999563
-0.05589671222952297 -0.0010989805805941555 0.1299999999999999
nan nan nan
nan nan nan
-0.04988656470578001 -0.0014452136027173768 0.1299999999999999
nan nan nan
-0.06773869754399575 0.0004427161865356022 0.0
-0.12753171921442763 0.00458168849289442 -0.007999999999999119
-0.08358369968671375 0.0021350669287888285 -0.007999999999999119
-0.03264195339870113 -0.0010963960081459556 -0.008000000000000895
-0.02950114654472502 0.0010212048418616337 -0.039999999999999925
-0.048267488114097534 0.0020631177155250313 -0.039999999999999813
-0.09584156466476446 0.0027388685492797105 -0.007999999999999563
-0.07941698464649893 0.0019293741422106298 -0.008000000000000007
-0.07348353945606434 0.001620599039155124 -0.007999999999999563
-0.20968940273701114 0.009391960266732377 -0.008000000000000451
-0.07615083655474542 9.486878838019241e-05 0.13000000000000034
-0.09292713995161983 0.0071550332995499455 0.04800000000000004
-0.03470160928227961 -0.0009869416804735576 -0.008000000000000007
nan nan nan
-0.04903301055292808 -0.000626793824423405 0.0
-0.07917761648571142 0.0019168540879160173 -0.008000000000000007
nan nan nan
-0.08103676571901064 0.00038245569810219093 0.1299999999999999
-0.04731415251356019 -0.0007239340165744179 0.0
-0.1102598433880414 0.007666176336302691 0.04800000000000004
nan nan nan
-0.04988656470578001 -0.0014452136027173768 0.1299999999999999
-0.13207782012208868 0.009424046767069011 0.04800000000000004
-0.1731389860244802 0.006507662605216763 0.0
-0.07056389331935731 0.00334024148734291 -0.0399999999999997
-0.04731415251356019 -0.0007239340165744179 0.0
-0.07917761648571142 0.0019168540879160173 -0.008000000000000007
-0.08358369968671375 0.0021350669287888285 -0.007999999999999119
-0.12753171921442763 0.00458168849289442 -0.008000000000000007
nan nan nan
-0.05263398506388073 -0.001290022904598953 0.1299999999999999
-0.042854958036321666 -0.0018500311769833466 0.1299999999999999
-0.09314559359251551 0.007167368625968729 0.047999999999999154
-0.05589671222952297 -0.0010989805805941832 0.13000000000000034
nan nan nan
-0.0765098059231577 0.001765664290456756 -0.008000000000000007
-0.09584156466476446 0.0027388685492797105 -0.008000000000000895
-0.0911845968692988 0.002476188417152428 -0.008000000000000895
-0.037656878675875305 0.0005106369335186878 0.0
nan nan nan
-0.07941698464649893 0.0019293741422106298 -0.008000000000000007
-0.12445960878085338 0.002878419884922906 0.1299999999999999
nan nan nan
-0.12445960878085338 0.002878419884922906 0.1299999999999999
-0.07597256519187068 0.0009199574666552413 0.0
-0.05147957929182234 -1.3212155495129219e-05 -0.008000000000000895
-0.03470160928227961 -0.0009869416804735853 -0.008000000000000451
-0.0911845968692988 0.002476188417152428 -0.008000000000000007
-0.04903301055292808 -0.000626793824423405 0.0
-0.04618476706117658 0.001945490181341436 -0.040000000000000036
-0.0765098059231577 0.001765664290456756 -0.008000000000000007
nan nan nan
-0.0430260907158494 -0.0009698398287900645 0.0
-0.024577526309346176 0.0003563262677323542 -0.040000000000000036
nan nan nan
-0.03462286752253252 -0.0014600482680102167 0.0
nan nan nan
-0.06589388133804708 -0.0004995138427517365 0.13000000000000078
-0.04558977640622408 0.0009616876945585384 0.0
-0.034697738106431175 -0.0009872451625523582 -0.008000000000000007
-0.043625394656851224 -0.00046749597983417046 -0.007999999999998675
nan nan nan
-0.034115583746749945 -0.0010189466352320542 -0.008000000000000007
-0.18522237242735218 0.010000137185044417 -0.039999999999999813
-0.20968940273701114 0.009391960266732363 -0.008000000000000007
-0.04558977640622408 0.0009616876945585384 0.0
-0.03462286752253252 -0.0014600482680102167 0.0
-0.024577526309346176 0.0003563262677323542 -0.040000000000000036
-0.06773869754399575 0.0004427161865356022 0.0
-0.018377812816086525 8.20918567961959e-06 -0.039999999999999813
-0.09223795042488359 0.0023593176144847683 -0.008000000000000007
-0.1102598433880414 0.007666176336302691 0.04800000000000049
-0.1327302036588428 0.008761011461279292 0.04800000000000004
nan nan nan
-0.17574046798137222 0.0058289171894911895 0.1299999999999999
-0.061296641098050775 0.002431744525133478 -0.039999999999999925
-0.14546488992062767 0.009413529292576328 0.04800000000000004
-0.061296641098050886 0.002431744525133478 -0.039999999999999813
-0.04439261556226892 0.0015045900503705412 -0.039999999999999813
-0.1731389860244802 0.006507662605216763 0.0
-0.11495842991934202 0.007876131421306914 0.04800000000000004
nan nan nan
nan nan nan
-0.1322014803130287 0.004180137187868221 0.0
-0.0741492884865863 0.006067187056078643 0.04800000000000004
-0.16547777808110342 0.006559658280206299 -0.008000000000000007
-0.06589388133804708 -0.0004995138427517365 0.1299999999999999
nan nan nan
-0.0705638933193572 0.003340241487342882 -0.0399999999999997
nan nan nan
-0.05714064877840286 0.0021963268152213056 -0.040000000000000036
nan nan nan
-0.11336226699676921 0.005433048362964127 -0.04000000000000015
-0.07597256519187068 0.0009199574666552413 0.0
nan nan nan
-0.028216702386642645 0.0005735108316313742 -0.04000000000000048
nan nan nan
-0.11495842991934202 0.007876131421306914 0.04800000000000004
nan nan nan
-0.17595030896418817 0.009017964629144809 -0.039999999999999813
-0.14127853660302758 0.006497589922158958 0.0
-0.11837571438123595 0.008075006107672186 0.04800000000000004
nan nan nan
-0.018377812816086525 8.20918567961959e-06 -0.040000000000000036
-0.07544100632010242 0.002651035474803637 0.0
-0.07544100632010242 0.002651035474803637 0.0
-0.028216702386642645 0.0005735108316313742 -0.04000000000000048
-0.05714064877840286 0.0021963268152213056 -0.040000000000000036
-0.17595030896418806 0.009017964629144809 -0.0399999999999997
-0.09223795042488359 0.0023593176144847683 -0.008000000000000007
-0.0766505482691443 0.0009603534790370294 0.0
-0.16547777808110953 0.006559658280206632 -0.008000000000000007
-0.11336226699676921 0.005433048362964127 -0.040000000000000036
nan nan nan
-0.0443926155622687 0.0015045900503705412 -0.039999999999999925
-0.08103676571901075 0.0003824556981022187 0.1299999999999999
-0.18938977327813156 0.012735539433497534 0.0479999999999996
nan nan nan
-0.1327302036588428 0.008761011461279292 0.0479999999999996
-0.042418208897624154 0.0007828383134043659 0.0
-0.18791282563206135 0.009210081697581113 0.0
-0.03264195339870113 -0.0010963960081459834 -0.008000000000000895
-0.05782748235683555 0.0016537886249731182 0.0
-0.05702973579921855 0.0025712731916067155 -0.040000000000000036
-0.14127853660302758 0.006497589922158958 0.0
-0.0741492884865863 0.006067187056078643 0.04800000000000004
nan nan nan
-0.042418208897624154 0.0007828383134043659 0.0
-0.043625394656851224 -0.00046749597983417046 -0.007999999999999119
nan nan nan
-0.05782748235683555 0.0016537886249731182 0.0
-0.06432759273481248 0.00555007598007734 0.04800000000000004
-0.07697815282371201 0.006224203991769817 0.04800000000000004
-0.05702973579921855 0.0025712731916067155 -0.040000000000000036
-0.03685013796263348 0.000463194677789297 0.0
-0.04618476706117658 0.001945490181341436 -0.040000000000000036
-0.11991083346618481 0.0062072943930812086 -0.040000000000000036
-0.18791282563206146 0.009210081697581113 0.0
-0.18938977327813156 0.012735539433497534 0.047999999999999154
-0.055446150165364694 0.00021636270200067753 -0.008000000000000007
-0.037656878675875305 0.0005106369335186878 0.0
-0.11837571438123584 0.008075006107672186 0.04800000000000004
-0.08184489999381384 0.0030245419668097073 0.0
-0.055446150165364694 0.00021636270200067753 -0.008000000000000007
-0.05147957929182234 -1.3212155495129219e-05 -0.008000000000000895
-0.07212589394980551 0.0034324020247678555 -0.03999999999999959
-0.08184489999381384 0.0030245419668097073 0.0
-0.07392671292881992 0.006054823063970621 0.04800000000000093
-0.03685013796263359 0.000463194677789297 0.0
-0.06432759273481248 0.00555007598007734 0.04800000000000004
nan nan nan
-0.03857395042909251 0.0015423626569805171 -0.04000000000000015
-0.07697815282371201 0.006224203991769817 0.04800000000000004
-0.07212589394980562 0.0034324020247678555 -0.03999999999999959
-0.1322014803130287 0.004180137187868221 0.0
nan nan nan
-0.02950114654472502 0.0010212048418616337 -0.0399999999999997
-0.18522237242735196 0.010000137185044417 -0.039999999999999925
-0.03857395042909251 0.0015423626569805171 -0.040000000000000036
-0.07419073124519893 0.00606950592637534 0.047999999999999154
-0.07392671292881992 0.006054823063970621 0.04800000000000093
-0.034697738106431175 -0.0009872451625523582 -0.008000000000000007
-0.09314559359251551 0.007167368625968729 0.04800000000000004
-0.0761508365547453 9.486878838016466e-05 0.1299999999999999
-0.07419073124519904 0.00606950592637534 0.047999999999999154
-0.05009270652991471 -0.002208409740363848 0.1299999999999999
nan nan nan
-0.035060992146493164 -0.0035626991733279934 0.0
nan nan nan
nan nan nan
nan nan nan
-0.024534271588244505 -0.004167315949600597 0.0
nan nan nan
-0.017919285297199994 0.0025781263369460683 0.04800000000000093
nan nan nan
nan nan nan
nan nan nan
nan nan nan
-0.16245518336382836 0.0037506001356050755 0.0
nan nan nan
nan nan nan
nan nan nan
-0.012009314912912017 -0.004373292796285094 0.13000000000000034
nan nan nan
-0.02119856626776473 -0.0020928200715143452 -0.008000000000000007
-0.1413652358268177 0.0030266842059473442 0.13000000000000034
-0.024534271588244505 -0.004167315949600597 0.0
nan nan nan
-0.028581888198120353 -0.0034066250684504085 0.1299999999999999
nan nan nan
-0.14136523582681748 0.0030266842059473165 0.1299999999999999
-0.004274444687434653 -0.004809634308414468 0.1299999999999999
nan nan nan
-0.002809177568896759 0.0017687365373421637 0.04800000000000093
nan nan nan
nan nan nan
-0.09988761122360412 0.0001438714061089974 0.0
nan nan nan
nan nan nan
-0.020566340871918887 -0.005808499874594697 0.1299999999999999
nan nan nan
-0.017733978859831412 -0.0045552202543265585 0.0
-0.15516494509674583 0.0056007823056070105 -0.008000000000000451
-0.018706374582456164 -0.0022391006138143543 -0.007999999999999119
-0.030579263911516996 0.0007045710514024528 -0.040000000000000036
-0.03806325792763743 -0.004851272776792925 0.1299999999999999
-0.051926261798083795 -0.00017760641942032862 -0.039999999999999813
nan nan nan
-0.023444590115435426 -0.0019647856909369432 -0.007999999999999119
-0.02119856626776473 -0.0020928200715143452 -0.007999999999999119
-0.03946221253186788 -0.001062341355364732 -0.008000000000000007
-0.12052274022400966 0.0057222807761642125 0.04800000000000049
0.021077483116510476 -0.002312549883705106 0.04800000000000004
-0.15516494509674583 0.0056007823056070105 -0.008000000000000451
0.011550518976495172 -0.007646015572383286 0.1299999999999999
-0.023444590115435426 -0.0019647856909369432 -0.007999999999999563
-0.10155233354500015 0.007399796118492424 0.04800000000000004
-0.017733978859831412 -0.0045552202543265585 0.0
nan nan nan
-0.012009314912912017 -0.004373292796285094 0.1299999999999999
nan nan nan
0.004379232539302058 -0.005295169654009002 0.13000000000000034
-0.08980960203004884 5.574152278356448e-05 0.13000000000000034
-0.02001140758928155 -0.0019883213804949285 -0.040000000000000036
-0.028581888198120242 -0.0034066250684504362 0.1299999999999999
-0.03806325792763743 -0.004851272776792981 0.1299999999999999
-0.06420889166915056 0.005229054907026853 0.04800000000000004
0.004379232539302058 -0.005295169654009002 0.13000000000000034
-0.018191931269469386 0.00259344797439251 0.0479999999999996
-0.16312133084048674 0.010959126225799476 0.04800000000000004
-0.002809177568896759 0.0017687365373421915 0.04800000000000093
-0.03946221253186799 -0.001062341355364732 -0.008000000000000007
nan nan nan
-0.16312133084048686 0.010959126225799476 0.04800000000000004
-0.11172422121253767 0.0032158195429676795 -0.039999999999999813
-0.08976948734341317 0.0018412908521276972 -0.008000000000000007
-0.04818065652176817 -0.002320226341598397 0.1299999999999999
-0.1226024206697699 -2.4232744653268634e-05 0.13000000000000034
0.003700480540832718 -0.007197048333148298 0.12999999999999945
0.002703964731338382 -0.007140056826875768 0.13000000000000034
-0.041900595254939166 0.003953912785472857 0.04800000000000004
nan nan nan
-0.03506099214649305 -0.0035626991733279934 0.0
-0.011883493160107395 -0.004894541916048628 0.0
-0.06420889166915045 0.005229054907026853 0.04800000000000049
-0.018191931269469386 0.00259344797439251 0.04800000000000004
-0.041900595254939166 0.003953912785472885 0.04800000000000004
-0.16846244611595318 0.00649193661418479 -0.039999999999999813
-0.020566340871918998 -0.005808499874594697 0.129999999999999
nan nan nan
nan nan nan
-0.026535360010661146 -0.004054456015449043 0.0
-0.030579263911516996 0.0007045710514024528 -0.040000000000000036
-0.004278080485210611 -0.0030707785574562163 -0.007999999999999119
-0.026535360010661146 -0.004054456015449043 0.0
-0.012834086927033694 -0.004326025389947058 0.1299999999999999
-0.017919285297199994 0.0025781263369460683 0.04800000000000093
0.30000000000000004 -0.02220466152340736 0.1299999999999999
-0.04818065652176817 -0.002320226341598397 0.1299999999999999
-0.010209902903309698 -0.0005531333401805894 0.04800000000000049
-0.04120197247188673 -0.0007768366614512301 -0.039999999999999813
nan nan nan
-0.017285615116836683 -0.0031967508580965365 -0.008000000000000007
nan nan nan
nan nan nan
-0.04325198363711791 -0.0008488128347918233 -0.007999999999999119
-0.0042780804852105 -0.003070778557456244 -0.007999999999999119
0.012676763608924557 -0.00487113545590398 -0.008000000000000451
-0.05642256689773273 -0.0023404137365442834 0.0
0.013926776120570916 -0.004940824517106368 -0.008000000000000007
-0.021821768323871615 -0.0018877388591617417 -0.040000000000000036
-0.00374240400812742 -0.0009314690079789967 0.04800000000000049
-0.021533811056141938 -0.0019040883356858662 -0.040000000000000036
-0.009413243156326856 0.0021339795726362243 0.04800000000000004
-0.02001140758928155 -0.0019883213804949285 -0.040000000000000036
0.016120537049306716 -0.002021965398830622 0.04800000000000004
-0.1684624461159424 0.006491936614184235 -0.039999999999999813
0.021077483116510587 -0.002312549883705106 0.04800000000000004
-0.12052274022401066 0.0057222807761643235 0.04800000000000004
-0.07848564636730837 0.003327093005899062 0.04800000000000093
-0.009413243156326856 0.0021339795726361965 0.04800000000000049
nan nan nan
-0.06552294452754448 -0.0033007748823712935 0.1299999999999999
0.029570483531799252 -0.0027876973444458386 0.04800000000000093
nan nan nan
0.016120537049306605 -0.002021965398830594 0.04800000000000004
-0.010209902903309698 -0.0005531333401806171 0.04800000000000093
0.013926776120570916 -0.004940824517106368 -0.007999999999999563
-0.10155233354500015 0.007399796118492424 0.0479999999999996
0.011550518976495172 -0.007646015572383313 0.1299999999999999
0.30000000000000004 -0.02220466152340736 0.1299999999999999
-0.05184339530958937 -0.002594744628423934 0.0
nan nan nan
0.029570483531799252 -0.0027876973444458386 0.04800000000000093
-0.13141975739623368 0.0033432234197960375 -0.007999999999999119
0.020458263646673025 -0.008157619819289946 0.1299999999999999
-0.018706374582456164 -0.0022391006138143543 -0.007999999999999119
-0.013966483316511957 -0.0023250339844061163 -0.039999999999999925
-0.04325198363711791 -0.0008488128347918233 -0.007999999999999563
nan nan nan
-0.003742404008127309 -0.0009314690079789967 0.04800000000000004
-0.05642256689773262 -0.0023404137365442834 0.0
0.028253284974819715 -0.005751995706435087 -0.007999999999999563
-0.011883493160107395 -0.004894541916048628 0.0
-0.05631530106063154 6.464798302546759e-05 -0.039999999999999925
-0.12260242066977001 -2.4232744653268634e-05 0.13000000000000034
nan nan nan
0.020044469161572875 -0.0052849943979467184 -0.007999999999999563
-0.02039030410308207 2.1769331428056482e-05 0.04800000000000004
-0.004816513487799989 -0.003907104560526731 -0.008000000000000007
-0.012872298037516883 -0.003457469947307945 -0.008000000000000007
0.020044469161572875 -0.0052849943979467184 -0.007999999999999119
-0.004816513487799989 -0.003907104560526731 -0.008000000000000007
0.038818184540540646 -0.0032909477171934876 0.04800000000000004
0.002703964731338382 -0.007140056826875768 0.13000000000000034
nan nan nan
0.012676763608924446 -0.00487113545590398 -0.008000000000000007
0.038818184540540646 -0.0032909477171935153 0.04800000000000004
-0.1314197573962338 0.0033432234197960375 -0.007999999999999563
-0.021821768323871504 -0.0018877388591617417 -0.039999999999999813
-0.004274444687434653 -0.004809634308414468 0.1299999999999999
-0.05009270652991482 -0.0022084097403638203 0.1299999999999999
0.30000000000000004 -0.02220466152340736 0.1299999999999999
-0.012872298037516883 -0.003457469947307945 -0.008000000000000007
nan nan nan
-0.05631530106063165 6.464798302546759e-05 -0.039999999999999813
nan nan nan
nan nan nan
-0.03460832477640108 -0.005044282510989817 0.1299999999999999
nan nan nan
0.30000000000000004 -0.02220466152340736 0.1299999999999999
-0.16245518336382836 0.0037506001356050755 0.0
0.30000000000000004 -0.02220466152340736 0.1299999999999999
nan nan nan
-0.03460832477640108 -0.005044282510989817 0.1299999999999999
nan nan nan
-0.017285615116836794 -0.0031967508580965365 -0.007999999999999563
0.003700480540832718 -0.007197048333148298 0.1299999999999999
-0.04120197247188673 -0.0007768366614512023 -0.039999999999999813
-0.02039030410308218 2.1769331428056482e-05 0.047999999999999154
nan nan nan
-0.08976948734341328 0.0018412908521276972 -0.007999999999999119
0.020458263646673025 -0.008157619819289974 0.1299999999999999
-0.021533811056141938 -0.0019040883356858662 -0.040000000000000036
-0.051926261798083684 -0.00017760641942035638 -0.039999999999999813
-0.05184339530958937 -0.002594744628423934 0.0
0.028253284974819715 -0.005751995706435087 -0.007999999999999563
nan nan nan
-0.11172422121253767 0.0032158195429676795 -0.040000000000000036
nan nan nan
-0.036174234704684505 -0.0012532838142899072 -0.007999999999999119
0.30000000000000004 -0.02220466152340736 0.1299999999999999
-0.013966483316511957 -0.0023250339844061163 -0.039999999999999925
nan nan nan
-0.07848564636730815 0.003327093005899062 0.04800000000000093
-0.07561688731774574 0.00013745235332013328 -0.008000000000000007
-0.06552294452754459 -0.0033007748823712935 0.13000000000000034
-0.012834086927033694 -0.004326025389947086 0.1299999999999999
-0.09988761122360412 0.0001438714061089974 0.0
nan nan nan
-0.036174234704684505 -0.0012532838142899072 -0.007999999999999119
-0.055302210978262045 0.004726532321846527 0.04800000000000093
-0.055302210978262045 0.004726532321846527 0.04800000000000093
-0.08980960203004884 5.574152278356448e-05 0.1299999999999999
-0.07561688731774574 0.00013745235332013328 -0.007999999999999119
nan nan nan
-0.11073652606598328 0.0030937203769570293 0.0
nan nan nan
nan nan nan
nan nan nan
nan nan nan
nan nan nan
nan nan nan
-0.11754556270671845 0.003444548190022975 0.0
nan nan nan
-0.11910389934536192 0.004097120515162769 0.0
-0.11754556270671845 0.003444548190022975 0.0
-0.14911073813008757 0.006323615240546622 0.1499999999999999
-0.12498361925510448 0.003786625200604049 0.0
-0.10789320271513614 0.002963717191451276 0.0
-0.12498361925510448 0.003786625200604056 0.0
-0.11081051028267508 0.003097890310432387 0.0
nan nan nan
nan nan nan
-0.09588217174086233 0.004694615490817039 -0.040000000000000036
-0.10789320271513614 0.002963717191451276 0.0
nan nan nan
nan nan nan
-0.11073652606598328 0.0030937203769570293 0.0
nan nan nan
-0.13331787954965124 0.006730615316465675 -0.039999999999999925
nan nan nan
-0.13331787954965202 0.00673061531646571 -0.039999999999999925
-0.08319290968150139 0.004117334391203653 -0.04000000000000015
-0.08319449507410992 0.004117442423371184 -0.040000000000000036
-0.07710771128291483 0.0038547200290565756 -0.040000000000000036
-0.10235308268848764 0.0039508520557342 0.14999999999999947
-0.12113791464713053 0.004827151593161452 0.14999999999999902
-0.17234525051915972 0.006388938227997978 0.0
-0.10895510292579669 0.004254394135500064 0.1499999999999999
nan nan nan
-0.09588217174086233 0.004694615490817039 -0.039999999999999925
-0.10236033898635521 0.0027325310557498594 0.0
-0.16484063773223634 0.006747667705602797 0.0
-0.21545292862640897 0.011514908863950478 -0.039999999999999813
-0.1239774723846262 0.00438388510686942 0.0
-0.10236033898635521 0.0027325310557498594 0.0
-0.13005986926561675 0.004146865384771395 0.13000000000000078
-0.08319290968150139 0.004117334391203653 -0.04000000000000026
-0.1579157298357703 0.00878217835581118 0.05199999999999916
-0.16479126926109267 0.005968448291787026 8.881784197001252e-16
-0.1491107381300879 0.006323615240546629 0.1499999999999999
-0.12116281908220417 0.003709946295303239 8.881784197001252e-16
-0.27089621069569425 0.015073711480750901 0.052000000000000934
-0.11782043742943893 0.0035175566418276863 0.0
-0.13681635984347873 0.004536656254979524 0.1299999999999999
-0.2164278503082001 0.010335241018861172 0.14999999999999902
nan nan nan
-0.10235308268848764 0.0039508520557342 0.14999999999999947
-0.16479126926109267 0.005968448291787026 8.881784197001252e-16
-0.1423772443680067 0.008049179500554116 0.052000000000000046
-0.23274470331390695 0.010741290137961601 0.0
-0.17234525051915972 0.0063889382279979715 0.0
-0.10993056319940497 0.003609710346861583 0.0
-0.12131998551625778 0.00483729235047365 0.1499999999999999
nan nan nan
-0.1599266528320875 0.0088676167953008 0.05199999999999916
-0.22969122376858175 0.009788229164139316 0.0
-0.1423772443680067 0.008049179500554116 0.052000000000000046
-0.23583552172650235 0.010277745933396906 0.13000000000000078
-0.13012764448572745 0.007481744292893194 0.0519999999999996
-0.23628409435076403 0.010226813339515368 8.881784197001252e-16
-0.129299634835071 0.007432398006153758 0.052000000000000046
-0.13222499952194267 0.007808601613038008 -0.04000000000000026
nan nan nan
-0.17671362287244263 0.006831822645904137 0.13000000000000123
-0.08878607248992643 0.004349861738202773 -0.039999999999999925
-0.12198270820514867 0.0036378017612582747 0.0
-0.12087132122919397 0.004198262856202908 0.0
nan nan nan
-0.11910389934536192 0.004097120515162769 0.0
-0.09567985639046339 0.004683494383696918 -0.039999999999999813
-0.2164278503082001 0.010335241018861172 0.14999999999999947
-0.27089621069569425 0.015073711480750901 0.052000000000000934
-0.12116281908220417 0.003709946295303239 0.0
-0.08118771454398699 0.004030358706532691 -0.04000000000000026
nan nan nan
-0.10976955162308522 0.0036032101965936814 0.0
-0.13290803909320403 0.004312200428679663 0.13000000000000034
-0.1441817315903009 0.008496418209249887 -0.04000000000000015
nan nan nan
-0.12397747238462631 0.00438388510686942 0.0
-0.13657971014411352 0.008054310586634 -0.04000000000000026
-0.10993056319940497 0.003609710346861597 0.0
nan nan nan
nan nan nan
-0.1133247432286748 0.0037630952286468733 0.0
-0.23274470331390706 0.010741290137961601 0.0
-0.13222499952194267 0.007808601613038008 -0.04000000000000015
-0.13290803909320392 0.004312200428679663 0.1299999999999999
-0.129299634835071 0.007432398006153758 0.052000000000000046
-0.07710771128291483 0.0038547200290565756 -0.040000000000000036
-0.1302942820980154 0.007726343109179842 -0.039999999999999925
-0.1884750017945016 0.011132024731359505 -0.039999999999999813
nan nan nan
nan nan nan
-0.13657971014411352 0.008054310586634 -0.04000000000000026
-0.12409869012332353 0.007457808445301861 -0.040000000000000036
nan nan nan
-0.11782043742943904 0.0035175566418276794 0.0
-0.23628409435076403 0.010226813339515368 8.881784197001252e-16
-0.12087132122919397 0.004198262856202908 0.0
-0.09172165633311402 0.002283341869344223 8.881784197001252e-16
-0.17671362287244263 0.006831822645904137 0.13000000000000078
-0.12189714142562569 0.007097988279406664 0.052000000000000046
nan nan nan
-0.12810367944470502 0.007629686368487196 -0.04000000000000015
-0.10976955162308522 0.0036032101965936814 0.0
-0.09567985639046339 0.004683494383696911 -0.039999999999999925
-0.15992665283208762 0.0088676167953008 0.052000000000000046
nan nan nan
-0.1884750017945016 0.011132024731359505 -0.040000000000000036
-0.1164993013699065 0.003412311260078807 0.1299999999999999
-0.1441817315903008 0.008496418209249873 -0.04000000000000026
-0.12113791464713053 0.004827151593161459 0.1499999999999999
-0.12067676786854853 0.0036327880669077967 0.13000000000000078
nan nan nan
-0.11274273072939023 0.0037313991430625304 0.0
-0.1001556037912289 0.002652711342450327 -4.440892098500626e-16
-0.22969122376858175 0.009788229164139316 0.0
-0.1164993013699065 0.003412311260078807 0.1299999999999999
-0.2631838450251929 0.015537889140693373 -0.039999999999999925
-0.10895510292579669 0.004254394135500064 0.1499999999999999
-0.18460703346681884 0.010635354664066426 0.04800000000000004
-0.1368163598434785 0.004536656254979524 0.1299999999999999
-0.10002781903604996 0.0026458584537346827 8.881784197001252e-16
nan nan nan
-0.2631838450251929 0.015537889140693373 -0.039999999999999813
-0.23583552172650224 0.010277745933396892 0.1299999999999999
-0.11824554925315844 0.003522568678303542 0.1299999999999999
-0.13005986926561675 0.004146865384771381 0.13000000000000078
-0.16484063773223634 0.006747667705602797 0.0
-0.11274273072939023 0.0037313991430625304 0.0
-0.1117669236736536 0.003209940903998683 8.881784197001252e-16
-0.29025838726539166 0.01675831720912925 0.04800000000000093
-0.10103628093597972 0.0027050315851823645 8.881784197001252e-16
-0.1443765201337125 0.00850726091252102 -0.039999999999999925
-0.10026052993433754 0.0038590493265313747 0.14999999999999947
-0.12198270820514867 0.0036378017612582747 0.0
nan nan nan
-0.1133247432286747 0.0037630952286468733 0.0
nan nan nan
-0.12810367944470502 0.007629686368487196 -0.04000000000000015
nan nan nan
nan nan nan
-0.12409869012332353 0.007457808445301875 -0.04000000000000026
-0.10235844036152508 0.003951118629842119 0.1499999999999999
nan nan nan
-0.10002781903604996 0.0026458584537346827 8.881784197001252e-16
-0.1579157298357703 0.008782178355811174 0.0519999999999996
-0.13012764448572745 0.007481744292893194 0.0519999999999996
nan nan nan
-0.10235844036152508 0.003951118629842119 0.1499999999999999
-0.12083207279426444 0.003642237484247343 0.1299999999999999
nan nan nan
nan nan nan
-0.15863964033629963 0.009376239175961101 0.047999999999999154
nan nan nan
-0.08118771454398699 0.004030358706532691 -0.04000000000000026
-0.1443765201337126 0.00850726091252102 -0.039999999999999925
-0.12067676786854853 0.0036327880669077967 0.13000000000000034
-0.21545292862640908 0.011514908863950478 -0.039999999999999925
-0.12083207279426444 0.003642237484247343 0.1299999999999999
-0.12189714142562569 0.007097988279406664 0.05200000000000049
-0.10103628093597983 0.0027050315851823575 0.0
nan nan nan
nan nan nan
nan nan nan
-0.08878607248992632 0.004349861738202773 -0.039999999999999925
nan nan nan
nan nan nan
-0.12911258898886036 0.007422305085183913 0.052000000000000046
-0.09172165633311402 0.002283341869344223 0.0
-0.21167144454716325 0.011607257435079586 0.05199999999999916
-0.1117669236736536 0.003209940903998683 8.881784197001252e-16
-0.10026052993433743 0.0038590493265313747 0.14999999999999902
-0.15863964033629963 0.009376239175961101 0.047999999999999154
-0.08319449507410992 0.004117442423371184 -0.039999999999999925
-0.12911258898886036 0.007422305085183913 0.052000000000000046
-0.2244114211664826 0.01292695627450366 0.04800000000000004
-0.08968926603041594 0.003398639570134754 0.1499999999999999
-0.1302942820980154 0.007726343109179842 -0.040000000000000036
-0.11824554925315844 0.003522568678303542 0.1299999999999999
-0.08968926603041594 0.003398639570134754 0.15000000000000036
-0.12131998551625778 0.00483729235047365 0.1499999999999999
-0.1001556037912289 0.002652711342450327 -8.881784197001252e-16
-0.2244114211664826 0.012926956274503673 0.04800000000000004
-0.21167144454716325 0.011607257435079586 0.0519999999999996
nan nan nan
nan nan nan
-0.29025838726539155 0.016758317209129237 0.04800000000000004
nan nan nan
-0.18460703346681884 0.01063535466406644 0.04800000000000004
nan nan nan
-0.11081051028267508 0.003097890310432387 0.0
-0.10268912334695135 0.0037413832511996314 0.0
nan nan nan
-0.10518973889288097 0.005492606916866621 -0.04000000000000026
nan nan nan
-0.23470220987900803 0.00970476652376051 0.1299999999999999
-0.08802024011689746 0.0015824202810097443 -0.008000000000000895
-0.2663890866679477 0.011984657122943207 -0.008000000000000007
-0.14020127637687774 0.008957548626224526 0.04800000000000004
nan nan nan
nan nan nan
nan nan nan
nan nan nan
nan nan nan
-0.09393843818685377 0.0032731604528340175 0.0
-0.09393843818685377 0.0032731604528340175 0.0
nan nan nan
-0.1334271953272942 0.005505563390826196 0.0
nan nan nan
nan nan nan
-0.1334271953272942 0.005505563390826196 0.0
-0.10572821173919456 0.003910545903943741 0.0
nan nan nan
nan nan nan
-0.11951413504520847 0.004726495913555034 0.0
-0.15432060206287446 0.009161879030321687 0.04800000000000004
nan nan nan
nan nan nan
-0.14020127637687785 0.008957548626224499 0.04800000000000004
-0.09566669283524476 0.003370643088662917 0.0
nan nan nan
-0.25110050159699093 0.012367048745208248 0.0
nan nan nan
-0.18477711567873611 0.010079742788359686 -0.04000000000000015
nan nan nan
-0.10607367448300342 0.002740205480601998 -0.008000000000000007
-0.09964113937837826 0.005185993685334872 -0.039999999999999813
-0.1342048869605944 0.007149840845698696 -0.039999999999999813
-0.17431216510199576 0.006210317968295714 0.1299999999999999
-0.17431216510199588 0.006210317968295714 0.1299999999999999
nan nan nan
-0.10340344670509694 0.0025888741508730967 -0.008000000000000007
nan nan nan
nan nan nan
-0.1358638732153803 0.005653713738155652 0.0
-0.13383762984107783 0.007129418506037932 -0.039999999999999925
-0.1130731712075167 0.005937465150154142 -0.040000000000000036
-0.10518973889288097 0.005492606916866621 -0.04000000000000026
-0.10905146134437693 0.0024069787193082837 0.13000000000000034
-0.1358638732153803 0.005653713738155652 0.0
-0.13383762984107783 0.00712941850603796 -0.039999999999999813
-0.10607367448300342 0.002740205480601998 -0.008000000000000007
nan nan nan
-0.11096303368109495 0.005818327063441875 -0.040000000000000036
-0.1566551083974007 0.009291913500894394 0.04800000000000004
-0.18676647830246185 0.010758734591316377 0.04800000000000049
nan nan nan
-0.11338868447393113 0.002660907622808961 0.1299999999999999
-0.16902725539118124 0.009877374999450142 0.047999999999999154
-0.13420488696059452 0.007149840845698696 -0.0399999999999997
-0.1232772954196657 0.0036485746096247135 -0.007999999999999119
-0.11404013991894524 0.0027079736576957336 0.0
-0.20260271296060195 0.00954935207888033 0.0
-0.08781821786255617 0.0011528884771187797 0.1299999999999999
nan nan nan
nan nan nan
-0.11338868447393113 0.002660907622808961 0.1299999999999999
-0.08899259050813735 0.0016345286116309088 -0.008000000000000007
-0.2556110754374884 0.014203423851333136 -0.039999999999999813
-0.11797171551245289 0.002930415650014062 0.0
-0.14216537982438082 0.009073046154736086 0.0479999999999996
nan nan nan
-0.1566551083974007 0.009291913500894394 0.04800000000000004
-0.09964113937837815 0.005185993685334844 -0.039999999999999813
-0.16902725539118124 0.009877374999450142 0.04800000000000004
-0.18477711567873578 0.010079742788359686 -0.04000000000000026
-0.19901805989718335 0.007621784941766047 0.0
-0.14795976737736172 0.004666050213739531 0.0
-0.11628126046780107 0.0028274286910082713 0.12999999999999945
-0.1130731712075167 0.005937465150154142 -0.040000000000000036
-0.11045816282628296 0.0029819275219140767 -0.007999999999999119
-0.09566669283524476 0.003370643088662917 0.0
nan nan nan
-0.24621175752265323 0.010327073006279996 0.0
-0.11628126046780107 0.0028274286910082713 0.1299999999999999
-0.10572821173919456 0.003910545903943741 0.0
-0.18676647830246185 0.01075873459131639 0.04800000000000004
-0.11839305879847095 0.005877500597943508 -0.040000000000000036
-0.12113568695593102 0.00789261690289414 0.0479999999999996
-0.11797171551245289 0.002930415650014062 0.0
-0.26051788461365577 0.015901355309265452 0.04800000000000004
-0.11135332129612108 0.00734904996428884 0.04800000000000049
-0.11135332129612108 0.00734904996428884 0.04800000000000004
nan nan nan
nan nan nan
-0.0977142433944378 0.0017315109913761395 0.1299999999999999
-0.10624364274979714 0.005208156706762029 -0.039999999999999813
-0.09882337617804071 0.002199315762934445 -0.007999999999999119
-0.11062730306370872 0.002881910075291344 -0.008000000000000895
-0.08802024011689746 0.0015824202810097165 -0.008000000000000007
-0.12086697609959873 0.00787764279608491 0.04800000000000004
-0.13596505035134776 0.003960625064124423 0.0
-0.19901805989718335 0.007621784941766047 0.0
-0.12207663809012648 0.0060865852227175166 -0.039999999999999813
-0.20260271296060206 0.009549352078880358 0.0
nan nan nan
-0.14216537982438082 0.009073046154736086 0.04800000000000049
-0.1232772954196657 0.0036485746096247135 -0.008000000000000007
-0.12113568695593102 0.00789261690289414 0.0479999999999996
-0.124070220741483 0.008055988884141774 0.0479999999999996
-0.23470220987900825 0.00970476652376051 0.1299999999999999
-0.11096303368109495 0.005818327063441875 -0.040000000000000036
-0.11404013991894502 0.0027079736576957336 0.0
-0.1010232406024536 0.0019253470450114607 0.1299999999999999
-0.0977142433944378 0.0017315109913761395 0.1299999999999999
nan nan nan
-0.18930697991905587 0.011829621534933443 0.04800000000000004
-0.12207663809012637 0.0060865852227175166 -0.039999999999999813
-0.08876582482393391 0.001622428622102462 -0.008000000000000007
-0.09487282909083372 0.0015708759892936464 0.1299999999999999
nan nan nan
nan nan nan
nan nan nan
-0.14499759970073045 0.004492050532681674 0.0
-0.11266882048904459 0.0030013193899844914 -0.007999999999999563
-0.15432060206287435 0.009161879030321674 0.04800000000000004
-0.12086697609959862 0.00787764279608491 0.04800000000000004
-0.07763789658853604 0.003584015248250444 -0.039999999999999925
-0.08496545932895638 0.0014143353346965648 -0.008000000000000451
-0.08496545932895638 0.0014143353346966203 -0.008000000000000895
-0.12119478152540919 0.007895956679570493 0.04800000000000004
-0.11029875750702933 0.0024950139574702324 0.0
-0.09882337617804071 0.002199315762934473 -0.007999999999999563
-0.253397619714674 0.013599381139305006 -0.039999999999999813
-0.124070220741483 0.008055988884141774 0.0479999999999996
-0.11892945230233376 0.006270792637852796 -0.039999999999999813
-0.22653876303475162 0.00956676659495731 -0.008000000000000451
-0.0910191731767176 0.0043274413441042325 -0.04000000000000026
-0.08781821786255617 0.0011528884771187797 0.1299999999999999
-0.14499759970073045 0.004492050532681674 0.0
nan nan nan
nan nan nan
-0.18271492206494588 0.00956199195024851 -0.040000000000000036
nan nan nan
-0.22653876303474552 0.009566766594956977 -0.008000000000000451
-0.08494130248622145 0.003990160716496577 -0.040000000000000036
-0.2556110754374884 0.014203423851333108 -0.039999999999999813
-0.1515754933601362 0.009034740801519822 0.04800000000000004
-0.08899259050813735 0.0016345286116309088 -0.008000000000000007
-0.14479585577222753 0.004865114944515636 -0.008000000000000007
-0.10624364274979703 0.005208156706762002 -0.039999999999999813
-0.11029875750702922 0.0024950139574702324 0.0
-0.1479597673773616 0.004666050213739531 0.0
-0.25110050159699093 0.012367048745208248 0.0
-0.14479585577222753 0.004865114944515636 -0.008000000000000007
-0.11892945230233376 0.006270792637852796 -0.039999999999999813
-0.18271492206494577 0.00956199195024851 -0.040000000000000036
nan nan nan
-0.12119478152540919 0.007895956679570493 0.04800000000000004
-0.09773730921802282 0.002320595206508874 -0.007999999999999119
nan nan nan
nan nan nan
-0.11045816282628307 0.0029819275219140767 -0.007999999999999119
-0.1759568914946561 0.006702059740018737 -0.007999999999999119
-0.0910191731767176 0.0043274413441042325 -0.04000000000000026
-0.10268912334695135 0.0037413832511996314 0.0
-0.11715675467796294 0.0032989846318213223 -0.008000000000000451
nan nan nan
-0.1515754933601362 0.009034740801519808 0.04800000000000004
-0.26051788461365577 0.015901355309265452 0.04800000000000004
-0.18930697991905587 0.011829621534933443 0.04800000000000004
nan nan nan
-0.253397619714674 0.013599381139305006 -0.0399999999999997
-0.11951413504520847 0.004726495913555062 0.0
-0.1759568914946561 0.006702059740018737 -0.007999999999999563
nan nan nan
-0.11266882048904459 0.0030013193899844914 -0.008000000000000007
-0.10340344670509694 0.0025888741508730967 -0.008000000000000007
-0.10631158851987221 0.002752648434148658 -0.008000000000000007
-0.10631158851987221 0.002752648434148644 -0.008000000000000007
nan nan nan
-0.09913631218045482 0.0018505642923878352 0.0
nan nan nan
-0.09487282909083361 0.0015708759892936464 0.1299999999999999
-0.2663890866679477 0.011984657122943207 -0.008000000000000007
-0.10905146134437704 0.0024069787193083114 0.1299999999999999
-0.11715675467796294 0.0032989846318213223 -0.008000000000000007
-0.09913631218045482 0.0018505642923878352 0.0
nan nan nan
-0.0977373092180227 0.002320595206508874 -0.007999999999999119
-0.08876582482393391 0.001622428622102462 -0.008000000000000007
-0.11839305879847095 0.005877500597943508 -0.040000000000000036
nan nan nan
-0.08494130248622134 0.003990160716496549 -0.040000000000000036
-0.11062730306370872 0.002881910075291344 -0.008000000000001783
nan nan nan
-0.24621175752265323 0.010327073006279996 0.0
-0.07763789658853615 0.003584015248250444 -0.039999999999999925
nan nan nan
-0.10102324060245371 0.0019253470450114607 0.1299999999999999
-0.13596505035134776 0.003960625064124423 0.0
nan nan nan
-0.23369170410390505 0.00966508607879829 -0.008000000000000007
nan nan nan
-0.11089131474145919 0.002607728512295765 -0.008000000000000007
-0.09748711076441308 0.002670842842733445 -0.040000000000000036
0.19999999999999996 -0.016290344072256574 0.1299999999999999
nan nan nan
-0.20525228927475814 0.007252561466113222 0.13000000000000034
nan nan nan
-0.1702144916725581 0.003805184281898799 0.0
-0.09792330009666195 0.0018750656221566964 -0.007999999999999119
nan nan nan
-0.07034936460454244 -0.00048112406147415854 0.13000000000000034
-0.08327186353598537 0.0010455575284814833 -0.008000000000000007
-0.23319733638553253 0.007437701726684398 0.0
nan nan nan
-0.23369170410390505 0.00966508607879829 -0.008000000000000007
-0.09660166726557473 -0.00039982629696114214 0.0
nan nan nan
nan nan nan
-0.12625053220408267 0.001286119008694464 0.0
nan nan nan
-0.10054295348543119 -0.0006831423370126655 0.12999999999999945
nan nan nan
nan nan nan
-0.12625053220408278 0.001286119008694464 0.0
nan nan nan
-0.20525228927475836 0.007252561466113222 0.13000000000000034
-0.07523198104796536 0.005036141107088193 0.04800000000000004
-0.09214862963255555 0.0007831073971841518 0.1299999999999999
-0.11319020361279153 0.001992975238614275 0.1299999999999999
-0.11467646991578706 0.00010337628524903497 0.1299999999999999
-0.08406720388483224 0.005497735954191035 0.04800000000000004
-0.06253379833394324 -0.0009221715302109301 0.1299999999999999
-0.1625408259845219 0.005579444127621208 -0.008000000000000007
-0.0631214461126427 0.00438656154572567 0.04800000000000093
-0.12881774846243055 0.0014296193993978967 0.0
-0.07973960929852275 0.000841433993778895 -0.007999999999999119
-0.07147206426518316 -0.00041708665211262486 0.1299999999999999
-0.07521383844566276 -0.002142621273948875 0.1299999999999999
-0.08593770800836231 0.0011971186068293338 -0.007999999999999563
nan nan nan
-0.09214074063680677 0.003354076629200453 0.04800000000000004
-0.11319020361279142 0.001992975238614275 0.1299999999999999
-0.10361660096194214 0.003005499733572281 -0.039999999999999925
-0.2340294435654796 0.014121591665952948 0.04800000000000049
nan nan nan
-0.0555128506538386 -0.0013143999384510052 0.1299999999999999
0.19999999999999996 -0.016290344072256574 0.1299999999999999
-0.13051169930622797 0.008153025960434879 0.0479999999999996
-0.0703790998860424 0.0003079745841017001 -0.007999999999999563
0.19999999999999996 -0.016290344072256574 0.1299999999999999
-0.0703790998860424 0.0003079745841017001 -0.007999999999999119
-0.11949577890565788 0.007519237806315859 0.04800000000000004
-0.0555128506538386 -0.0013143999384509775 0.13000000000000034
-0.13051169930622797 0.008153025960434879 0.0479999999999996
-0.06253379833394324 -0.0009221715302109301 0.1299999999999999
nan nan nan
nan nan nan
-0.09214862963255555 0.0007831073971841518 0.13000000000000034
-0.07973960929852275 0.000841433993778895 -0.007999999999999563
0.19999999999999996 -0.016290344072256574 0.1299999999999999
-0.09792330009666195 0.0018750656221566686 -0.007999999999999119
-0.08377515215128373 0.005481525078867205 0.04800000000000093
-0.07523198104796536 0.005036141107088193 0.04800000000000049
-0.15274482407097967 0.0042396940763825275 0.1299999999999999
-0.07511516051222988 0.002373785459607869 0.04800000000000049
-0.08385299687127945 0.0028798784100545483 0.04800000000000093
-0.05737356891318934 -0.003157330849541534 0.1299999999999999
nan nan nan
nan nan nan
nan nan nan
-0.10514529958266827 0.0022799028784450115 -0.008000000000000007
-0.07034936460454244 -0.00048112406147415854 0.1299999999999999
-0.04466747645437208 0.0006891597624775758 0.04800000000000093
nan nan nan
-0.11467646991578706 0.00010337628524903497 0.1299999999999999
-0.14722640718661484 0.006478208725198442 0.04800000000000004
nan nan nan
-0.11949577890565788 0.007519237806315859 0.04800000000000049
-0.08406720388483224 0.005497735954191035 0.04800000000000004
-0.2340294435654796 0.014121591665952948 0.04800000000000004
nan nan nan
-0.0938445256809719 0.004491680757888472 -0.040000000000000036
-0.19030554743449657 0.007915165162207027 -0.040000000000000036
-0.14722640718661484 0.006478208725198442 0.04800000000000004
-0.057046356972401124 0.0013501388489605692 0.04800000000000004
-0.1625408259845219 0.005579444127621208 -0.008000000000000007
nan nan nan
nan nan nan
-0.04466747645437208 0.0006891597624775758 0.04800000000000093
-0.0631214461126427 0.004386561545725698 0.04800000000000049
-0.10514529958266827 0.0022799028784449837 -0.008000000000000007
-0.11009762663345057 0.00036158711705136515 0.0
nan nan nan
-0.04582309506884119 -0.0018903186869596855 -0.007999999999999563
-0.08831988338894325 0.00048289955788355376 -0.007999999999999119
-0.06682609879621726 -0.002620595136233722 0.1299999999999999
-0.16973834157530232 0.010418310713516371 0.04800000000000004
-0.08377515215128373 0.005481525078867205 0.04800000000000093
nan nan nan
-0.10054295348543119 -0.0006831423370126655 0.1299999999999999
nan nan nan
-0.08593770800836231 0.0011971186068293338 -0.008000000000000007
nan nan nan
-0.10651797295899357 0.003167903852703269 -0.040000000000000036
-0.07521383844566276 -0.002142621273948875 0.1299999999999999
nan nan nan
-0.23319733638553242 0.007437701726684398 0.0
-0.10926010420705334 0.0017630701376873115 0.1299999999999999
-0.11296696226406999 7.45902031279444e-06 0.1299999999999999
-0.1697383415753011 0.010418310713516316 0.0479999999999996
0.19999999999999996 -0.016290344072256574 0.1299999999999999
-0.13298278747909398 0.004672092956263418 -0.0399999999999997
-0.2023134509053407 0.009606600297754675 0.04800000000000004
nan nan nan
-0.10755966459430699 0.0032262189864319946 -0.039999999999999813
-0.1516134531765604 0.002197222123255127 0.1299999999999999
-0.07922453186388023 -2.7913830960929475e-05 -0.008000000000000451
-0.057046356972401124 0.0013501388489605137 0.04800000000000004
-0.10926010420705357 0.0017630701376873115 0.13000000000000034
-0.06092171171004768 -0.0010439695010407979 -0.008000000000000007
-0.06092171171004779 -0.0010439695010407979 -0.008000000000000007
-0.09214074063680677 0.003354076629200453 0.04800000000000004
-0.08831988338894325 0.00048289955788355376 -0.007999999999999119
-0.12072091345552494 0.00398385154954678 -0.039999999999999813
-0.07390906253528573 -0.002216804463028438 0.1299999999999999
-0.19765636421281518 0.004835971675920869 0.1299999999999999
nan nan nan
nan nan nan
-0.1129669622640701 7.45902031279444e-06 0.13000000000000034
nan nan nan
-0.08385299687127945 0.0028798784100545483 0.04800000000000004
-0.10555441193602566 0.006724127495278148 0.047999999999999154
-0.05293446373466548 -0.0014906383441594395 -0.007999999999999119
-0.11089131474145919 0.002607728512295765 -0.007999999999999119
-0.036184791870553346 0.00023329498906077273 0.04800000000000004
-0.11009762663345057 0.00036158711705136515 0.0
-0.13552399131932913 0.004813046441733249 -0.039999999999999813
-0.06682609879621737 -0.0026205951362336943 0.1299999999999999
-0.05737356891318923 -0.003157330849541534 0.1299999999999999
-0.05249111226805103 0.0010953525170263045 0.04800000000000049
-0.1516134531765605 0.002197222123255127 0.13000000000000078
nan nan nan
-0.08327186353598537 0.0010455575284814833 -0.007999999999999563
-0.036184791870553346 0.00023329498906082824 0.04800000000000004
-0.09748711076441297 0.002670842842733445 -0.040000000000000036
nan nan nan
-0.05962592692881685 -0.0011160582780391226 -0.008000000000000007
-0.1702144916725581 0.003805184281898799 0.0
-0.10361660096194214 0.003005499733572281 -0.040000000000000036
-0.10755966459430699 0.0032262189864319946 -0.039999999999999813
-0.0898464024042348 -0.0007850966671539283 0.0
-0.0938445256809719 0.004491680757888472 -0.040000000000000036
nan nan nan
0.19999999999999996 -0.016290344072256574 0.1299999999999999
nan nan nan
-0.10555441193602566 0.006724127495278148 0.0479999999999996
nan nan nan
nan nan nan
-0.07922453186388012 -2.7913830960873964e-05 -0.008000000000000007
-0.07147206426518316 -0.00041708665211262486 0.1299999999999999
nan nan nan
-0.09660166726557473 -0.00039982629696114214 0.0
-0.09629984166371452 0.0009556337167680451 -0.008000000000000007
nan nan nan
-0.21432945821352078 0.007695378460289892 -0.008000000000000451
-0.07390906253528573 -0.002216804463028438 0.1299999999999999
-0.15274482407097956 0.0042396940763825275 0.1299999999999999
-0.12072091345552505 0.00398385154954678 -0.039999999999999813
-0.2023134509053397 0.00960660029775462 0.04800000000000049
-0.1903055474344968 0.007915165162207027 -0.040000000000000036
-0.10651797295899368 0.003167903852703269 -0.039999999999999925
-0.07511516051222977 0.002373785459607869 0.04800000000000004
-0.21432945821352067 0.007695378460289892 -0.008000000000000451
nan nan nan
-0.19765636421281518 0.004835971675920869 0.1299999999999999
-0.25123478097232566 0.011426044877486052 -0.0399999999999997
nan nan nan
-0.251234780972315 0.011426044877485442 -0.0399999999999997
-0.1329827874790941 0.004672092956263418 -0.039999999999999813
-0.1548238533629186 0.00428702163067235 -0.008000000000000007
-0.059625926928817075 -0.0011160582780391504 -0.007999999999999563
-0.09629984166371452 0.0009556337167679896 -0.008000000000000007
-0.10061784249544892 -0.00017219522569900114 0.0
-0.12881774846243055 0.0014296193993978967 0.0
nan nan nan
-0.05293446373466537 -0.0014906383441594118 -0.007999999999999119
nan nan nan
-0.1548238533629186 0.00428702163067235 -0.007999999999999119
-0.0898464024042348 -0.0007850966671539283 0.0
-0.05249111226805114 0.0010953525170263045 0.04800000000000004
-0.13552399131932924 0.004813046441733249 -0.039999999999999813
-0.0458230950688413 -0.001890318686959741 -0.007999999999999563
nan nan nan
nan nan nan
nan nan nan
-0.10061784249544892 -0.00017219522569900114 0.0
-0.08554209206978436 -0.001028047220625966 0.0
-0.08554209206978436 -0.001028047220625966 0.0
